forecast_quarter,job,skill,p50_uni,p50_cov,signal,signal_dir,last_share,n_hist_quarters
2026-Q3,.NET开发工程师,AI任务拆解与规划,0.0017137853,0.0017661962192505598,5.24109192505597e-05,up,0.0021,16.0
2026-Q3,.NET开发工程师,AI安全与风险防控,0.00026702508,0.00028418461442925036,1.7159534429250355e-05,up,0.001,4.0
2026-Q3,.NET开发工程师,AI幻觉识别与校验,0.00028633152,0.0003810712369158864,9.47397169158864e-05,up,0.001,1.0
2026-Q3,.NET开发工程师,AI智能体构建与编排,3.7631398e-06,6.411893991753459e-06,2.648754191753459e-06,up,0.0,3.0
2026-Q3,.NET开发工程师,RAG与向量数据库,0.0013604788,0.0013774047838523984,1.6925983852398305e-05,up,0.001,2.0
2026-Q3,.NET开发工程师,严谨细致与诚信自律,0.03742261,0.03673721104860306,-0.0006853989513969441,down,0.0381,17.0
2026-Q3,.NET开发工程师,书面技术文档撰写,0.06309453,0.06322142481803894,0.00012689481803894453,up,0.0597,17.0
2026-Q3,.NET开发工程师,云原生与分布式系统,0.025758792,0.025688983500003815,-6.980849999618441e-05,down,0.0329,17.0
2026-Q3,.NET开发工程师,人机交互与用户体验,0.016870009,0.01707920804619789,0.00020919904619789292,up,0.0216,17.0
2026-Q3,.NET开发工程师,人机语义对齐与协同,0.00018217007,0.0001824819773901254,3.119073901254035e-07,up,0.001,4.0
2026-Q3,.NET开发工程师,信息管理与数字素养,0.0053471057,0.005248339381068945,-9.876631893105531e-05,down,0.0062,17.0
2026-Q3,.NET开发工程师,创造力与创新思维,0.006320264,0.006163513753563166,-0.00015675024643683425,down,0.0051,17.0
2026-Q3,.NET开发工程师,口头技术沟通与汇报,0.054216262,0.05492731183767319,0.0007110498376731861,up,0.0535,17.0
2026-Q3,.NET开发工程师,团队协作与协调,0.07491627,0.07554731518030167,0.0006310451803016731,up,0.0751,17.0
2026-Q3,.NET开发工程师,图形与交互技术,0.0018811177,0.001850673696026206,-3.044400397379408e-05,down,0.0021,16.0
2026-Q3,.NET开发工程师,多方权衡与方案决策,0.00965238,0.009747783653438091,9.540365343809094e-05,up,0.0103,17.0
2026-Q3,.NET开发工程师,大数据与分布式计算,0.0046375287,0.0045388201251626015,-9.870857483739847e-05,down,0.0041,17.0
2026-Q3,.NET开发工程师,大模型开发与微调,-1.6753038e-06,-3.2948446460068226e-07,1.3458193353993178e-06,up,0.0,5.0
2026-Q3,.NET开发工程师,大模型选型与评测,-3.686102e-06,-6.182672223076224e-07,3.0678347776923774e-06,up,0.0,3.0
2026-Q3,.NET开发工程师,嵌入式系统与固件开发,0.014392169,0.01439369935542345,1.5303554234506744e-06,up,0.0144,17.0
2026-Q3,.NET开发工程师,归纳与演绎推理,0.004450866,0.004505294840782881,5.442884078288041e-05,up,0.0051,17.0
2026-Q3,.NET开发工程师,批判性逻辑思考,0.037072416,0.0372428297996521,0.00017041379965210268,up,0.036,17.0
2026-Q3,.NET开发工程师,提示设计与提示工程,0.0007337804,0.000764428754337132,3.064835433713199e-05,up,0.001,4.0
2026-Q3,.NET开发工程师,操作系统与系统管理,0.01427835,0.014282146468758583,3.7964687585826523e-06,up,0.0154,17.0
2026-Q3,.NET开发工程师,数据分析与可视化,0.0095017385,0.009384511038661003,-0.00011722746133899752,down,0.0113,17.0
2026-Q3,.NET开发工程师,数据管理与数据库,0.09829861,0.09815476089715958,-0.00014384910284041819,down,0.0998,17.0
2026-Q3,.NET开发工程师,时间与资源统筹管理,0.015176253,0.01532503217458725,0.0001487791745872491,up,0.0154,17.0
2026-Q3,.NET开发工程师,机器学习与深度学习,0.0015006581,0.0014948139432817698,-5.844156718230265e-06,down,0.0021,15.0
2026-Q3,.NET开发工程师,环境适应与压力耐受,0.021848358,0.022173572331666946,0.00032521433166694813,up,0.0134,17.0
2026-Q3,.NET开发工程师,生成式AI原理与应用,0.00014639553,0.00015269668074324727,6.301150743247264e-06,up,0.0,7.0
2026-Q3,.NET开发工程师,生成式AI应用开发,0.005543207,0.0055597019381821156,1.6494938182115906e-05,up,0.0062,11.0
2026-Q3,.NET开发工程师,目标导向与攻坚韧性,0.024899423,0.02479131706058979,-0.00010810593941021004,down,0.0226,17.0
2026-Q3,.NET开发工程师,程序设计与软件工程,0.106555656,0.10671654343605042,0.00016088743605041644,up,0.108,17.0
2026-Q3,.NET开发工程师,算法与数据结构,0.01057153,0.010841668583452702,0.0002701385834527007,up,0.0082,17.0
2026-Q3,.NET开发工程师,系统测试与质量评估,0.05470647,0.05476301908493042,5.6549084930419824e-05,up,0.0597,17.0
2026-Q3,.NET开发工程师,系统部署交付与运维,0.051119912,0.05065742880105972,-0.00046248319894028056,down,0.0525,17.0
2026-Q3,.NET开发工程师,终身学习与知识更新,0.03812615,0.03858743980526924,0.0004612898052692438,up,0.0381,17.0
2026-Q3,.NET开发工程师,网络安全与数据隐私,0.013914663,0.013573352247476578,-0.00034131075252342297,down,0.0154,17.0
2026-Q3,.NET开发工程师,自我监测与工作复盘,0.004030571,0.004074320662766695,4.374966276669487e-05,up,0.001,17.0
2026-Q3,.NET开发工程师,自然语言处理技术,1.4684279e-05,1.6150326700881124e-05,1.4660477008811233e-06,up,0.0,6.0
2026-Q3,.NET开发工程师,计算数学与数据建模,0.0017115332,0.0016881299670785666,-2.3403232921433408e-05,down,0.0021,15.0
2026-Q3,.NET开发工程师,计算机硬件与数字电路,0.0022037008,0.002198348753154278,-5.352046845722314e-06,down,0.0021,16.0
2026-Q3,.NET开发工程师,计算机网络与通信技术,0.033504754,0.032930538058280945,-0.0005742159417190529,down,0.036,17.0
2026-Q3,.NET开发工程师,计算机视觉与多模态,0.0016826402,0.00169452466070652,1.1884460706520009e-05,up,0.0021,16.0
2026-Q3,.NET开发工程师,说服与分歧谈判,0.0015875236,0.0015609002439305186,-2.6623356069481333e-05,down,0.0041,15.0
2026-Q3,.NET开发工程师,软件架构与系统设计,0.0720104,0.07222868502140045,0.00021828502140044947,up,0.0751,17.0
2026-Q3,.NET开发工程师,需求洞察与服务意识,0.037614293,0.037455156445503235,-0.00015913655449676517,down,0.0381,17.0
2026-Q3,AI Agent工程师,AI幻觉识别与校验,-4.9231574e-05,0.00014541414566338062,0.0001946457196633806,up,0.0,1.0
2026-Q3,AI Agent工程师,AI智能体构建与编排,0.054186348,0.05600757524371147,0.0018212272437114693,up,0.0606,2.0
2026-Q3,AI Agent工程师,AI输出质量评估,-4.9231574e-05,8.045812137424946e-05,0.00012968969537424945,up,0.0,1.0
2026-Q3,AI Agent工程师,RAG与向量数据库,0.011677483,0.010623829439282417,-0.0010536535607175834,down,0.0303,2.0
2026-Q3,AI Agent工程师,书面技术文档撰写,0.01735169,0.012931185774505138,-0.004420504225494861,down,0.0606,1.0
2026-Q3,AI Agent工程师,云原生与分布式系统,0.01735169,0.01857704669237137,0.001225356692371369,up,0.0606,1.0
2026-Q3,AI Agent工程师,创造力与创新思维,0.008675844,0.005953873507678509,-0.0027219704923214915,down,0.0303,1.0
2026-Q3,AI Agent工程师,口头技术沟通与汇报,0.008675845,0.007131971884518862,-0.001543873115481138,down,0.0303,1.0
2026-Q3,AI Agent工程师,团队协作与协调,0.008675845,0.007404266856610775,-0.0012715781433892247,down,0.0303,1.0
2026-Q3,AI Agent工程师,大数据与分布式计算,0.008675845,0.008834412321448326,0.00015856732144832637,up,0.0303,1.0
2026-Q3,AI Agent工程师,大模型开发与微调,-4.9231574e-05,0.00011870241723954678,0.00016793399123954676,up,0.0,1.0
2026-Q3,AI Agent工程师,大模型选型与评测,0.011677483,0.011140776798129082,-0.0005367062018709189,down,0.0303,2.0
2026-Q3,AI Agent工程师,批判性逻辑思考,0.011677483,0.009861201047897339,-0.0018162819521026618,down,0.0303,2.0
2026-Q3,AI Agent工程师,提示设计与提示工程,0.011677483,0.009192582219839096,-0.0024849007801609046,down,0.0303,2.0
2026-Q3,AI Agent工程师,数据分析与可视化,0.008675844,0.008610092103481293,-6.575189651870754e-05,down,0.0303,1.0
2026-Q3,AI Agent工程师,数据管理与数据库,0.008675845,0.008690981194376945,1.5136194376945758e-05,up,0.0303,1.0
2026-Q3,AI Agent工程师,机器学习与深度学习,0.054186348,0.05424958094954491,6.323294954490438e-05,up,0.0606,2.0
2026-Q3,AI Agent工程师,环境适应与压力耐受,0.01735169,0.016637619584798813,-0.0007140704152011866,down,0.0606,1.0
2026-Q3,AI Agent工程师,生成式AI原理与应用,0.011677483,0.009173116646707058,-0.0025043663532929427,down,0.0303,2.0
2026-Q3,AI Agent工程师,生成式AI应用开发,0.011677483,0.0079732621088624,-0.0037042208911376006,down,0.0303,2.0
2026-Q3,AI Agent工程师,程序设计与软件工程,0.054186348,0.052393779158592224,-0.0017925688414077781,down,0.0606,2.0
2026-Q3,AI Agent工程师,系统测试与质量评估,0.011677483,0.009599261917173862,-0.002078221082826138,down,0.0303,2.0
2026-Q3,AI Agent工程师,终身学习与知识更新,0.054186344,0.0509127676486969,-0.003273576351303098,down,0.0606,2.0
2026-Q3,AI Agent工程师,自然语言处理技术,0.008675845,0.010299970395863056,0.0016241253958630564,up,0.0303,1.0
2026-Q3,AI Agent工程师,计算机视觉与多模态,0.01735169,0.022380487993359566,0.005028797993359566,up,0.0606,1.0
2026-Q3,AI Agent工程师,软件架构与系统设计,0.054186348,0.050926923751831055,-0.0032594242481689475,down,0.0606,2.0
2026-Q3,AI Agent工程师,需求洞察与服务意识,0.008675845,0.006520210299640894,-0.002155634700359106,down,0.0303,1.0
2026-Q3,AI产品经理,AI任务拆解与规划,0.018700898,0.018799040466547012,9.814246654701181e-05,up,0.0207,15.0
2026-Q3,AI产品经理,AI安全与风险防控,0.001097254,0.0011165416799485683,1.9287679948568363e-05,up,0.0094,7.0
2026-Q3,AI产品经理,AI幻觉识别与校验,5.5615295e-05,5.674143903888762e-05,1.1261440388876177e-06,up,0.0056,2.0
2026-Q3,AI产品经理,AI智能体构建与编排,0.02394083,0.02403382770717144,9.299770717144037e-05,up,0.0226,8.0
2026-Q3,AI产品经理,AI输出质量评估,0.008736142,0.008961284533143044,0.00022514253314304296,up,0.0113,13.0
2026-Q3,AI产品经理,RAG与向量数据库,0.014009727,0.014196455478668213,0.0001867284786682133,up,0.0132,9.0
2026-Q3,AI产品经理,严谨细致与诚信自律,0.0154153295,0.015174047090113163,-0.00024128240988683693,down,0.0132,15.0
2026-Q3,AI产品经理,书面技术文档撰写,0.045121122,0.04522639140486717,0.00010526940486717262,up,0.0433,17.0
2026-Q3,AI产品经理,云原生与分布式系统,0.0057367682,0.005620500072836876,-0.00011626812716312388,down,0.0056,13.0
2026-Q3,AI产品经理,人机交互与用户体验,0.03902736,0.03933966904878616,0.0003123090487861663,up,0.0377,17.0
2026-Q3,AI产品经理,人机语义对齐与协同,0.0011059137,0.0011962829157710075,9.036921577100748e-05,up,0.0038,3.0
2026-Q3,AI产品经理,仿真数据合成,5.4110715e-06,9.755458449944854e-06,4.344386949944854e-06,up,0.0,2.0
2026-Q3,AI产品经理,信息管理与数字素养,0.006605847,0.006820995360612869,0.0002151483606128695,up,0.0056,15.0
2026-Q3,AI产品经理,创造力与创新思维,0.027599704,0.027875514701008797,0.0002758107010087975,up,0.0282,17.0
2026-Q3,AI产品经理,口头技术沟通与汇报,0.05871169,0.059590160846710205,0.0008784708467102081,up,0.0527,17.0
2026-Q3,AI产品经理,团队协作与协调,0.06343029,0.06347896158695221,4.867158695220919e-05,up,0.064,17.0
2026-Q3,AI产品经理,图形与交互技术,7.486268e-05,9.288545697927475e-05,1.8022776979274754e-05,up,0.0019,4.0
2026-Q3,AI产品经理,多方权衡与方案决策,0.04584129,0.045804016292095184,-3.727370790481549e-05,down,0.0471,17.0
2026-Q3,AI产品经理,大数据与分布式计算,0.0047350563,0.00476777832955122,3.2722029551219764e-05,up,0.0056,14.0
2026-Q3,AI产品经理,大模型开发与微调,0.008060842,0.008042359724640846,-1.84822753591541e-05,down,0.0094,11.0
2026-Q3,AI产品经理,大模型选型与评测,0.025826655,0.026264764368534088,0.0004381093685340877,up,0.0301,12.0
2026-Q3,AI产品经理,嵌入式系统与固件开发,0.000915559,0.0009452492813579738,2.969028135797378e-05,up,0.0019,7.0
2026-Q3,AI产品经理,异构模态组合与泛化能力,-2.9524017e-07,3.6988967622164637e-07,6.651298462216463e-07,up,0.0,1.0
2026-Q3,AI产品经理,归纳与演绎推理,0.0041691298,0.004204594064503908,3.546426450390817e-05,up,0.0038,14.0
2026-Q3,AI产品经理,批判性逻辑思考,0.040774103,0.040054403245449066,-0.0007196997545509329,down,0.0377,16.0
2026-Q3,AI产品经理,提示设计与提示工程,0.014870591,0.014753945171833038,-0.00011664582816696238,down,0.0207,12.0
2026-Q3,AI产品经理,操作系统与系统管理,0.005076453,0.0050805676728487015,4.114672848701609e-06,up,0.0038,4.0
2026-Q3,AI产品经理,数据分析与可视化,0.034987845,0.035835813730955124,0.0008479687309551273,up,0.0301,17.0
2026-Q3,AI产品经理,数据管理与数据库,0.008294966,0.008267024531960487,-2.7941468039513473e-05,down,0.0075,13.0
2026-Q3,AI产品经理,时间与资源统筹管理,0.040497962,0.040822744369506836,0.0003247823695068375,up,0.0377,17.0
2026-Q3,AI产品经理,机器学习与深度学习,0.039725505,0.03977365791797638,4.815291797637816e-05,up,0.0414,17.0
2026-Q3,AI产品经理,环境适应与压力耐受,0.023497049,0.02343648672103882,-6.056227896118066e-05,down,0.0264,16.0
2026-Q3,AI产品经理,生成式AI原理与应用,0.03434909,0.034032225608825684,-0.0003168643911743152,down,0.0358,15.0
2026-Q3,AI产品经理,生成式AI应用开发,0.032391995,0.03137762099504471,-0.0010143740049552916,down,0.0301,17.0
2026-Q3,AI产品经理,目标导向与攻坚韧性,0.040879503,0.04067755118012428,-0.00020195181987571476,down,0.0414,16.0
2026-Q3,AI产品经理,程序设计与软件工程,0.012248049,0.01335977390408516,0.0011117249040851589,up,0.0282,17.0
2026-Q3,AI产品经理,算法与数据结构,0.00026116485,0.00032917934004217386,6.801449004217386e-05,up,0.0019,7.0
2026-Q3,AI产品经理,系统测试与质量评估,0.0053202165,0.005360662471503019,4.044597150301959e-05,up,0.0113,11.0
2026-Q3,AI产品经理,系统部署交付与运维,0.004034822,0.0040752822533249855,4.0460253324985096e-05,up,0.0094,10.0
2026-Q3,AI产品经理,终身学习与知识更新,0.03909522,0.039092015475034714,-3.2045249652862262e-06,down,0.0433,17.0
2026-Q3,AI产品经理,网络安全与数据隐私,0.009644446,0.00933025125414133,-0.0003141947458586685,down,0.0113,11.0
2026-Q3,AI产品经理,自我监测与工作复盘,0.0061196364,0.006037803366780281,-8.183303321971855e-05,down,0.0075,15.0
2026-Q3,AI产品经理,自然语言处理技术,0.024378829,0.024826958775520325,0.00044812977552032354,up,0.0132,17.0
2026-Q3,AI产品经理,计算数学与数据建模,0.0062474455,0.006149019114673138,-9.842638532686198e-05,down,0.0094,15.0
2026-Q3,AI产品经理,计算机硬件与数字电路,0.00034108758,0.0003628307022154331,2.1743122215433098e-05,up,0.0,9.0
2026-Q3,AI产品经理,计算机网络与通信技术,0.0025265547,0.0025125229731202126,-1.403172687978755e-05,down,0.0038,11.0
2026-Q3,AI产品经理,计算机视觉与多模态,0.021412317,0.02087944746017456,-0.0005328695398254396,down,0.0151,17.0
2026-Q3,AI产品经理,说服与分歧谈判,0.008487468,0.008612626232206821,0.0001251582322068217,up,0.0113,15.0
2026-Q3,AI产品经理,负责任AI与可解释性,0.00093109783,0.0008580447174608707,-7.305311253912928e-05,down,0.0113,4.0
2026-Q3,AI产品经理,软件架构与系统设计,0.011996291,0.012019781395792961,2.3490395792961916e-05,up,0.0113,15.0
2026-Q3,AI产品经理,需求洞察与服务意识,0.061076816,0.06132310628890991,0.00024629028890991306,up,0.0621,17.0
2026-Q3,Android开发工程师,AI任务拆解与规划,0.0012853811,0.0013311924412846565,4.5811341284656554e-05,up,0.0,15.0
2026-Q3,Android开发工程师,AI安全与风险防控,-9.5090945e-07,1.3818571460433304e-06,2.3327665960433303e-06,up,0.0,3.0
2026-Q3,Android开发工程师,AI幻觉识别与校验,0.00051539694,0.0006859282730147243,0.00017053133301472422,up,0.0018,1.0
2026-Q3,Android开发工程师,AI智能体构建与编排,0.00022607259,0.0003092499391641468,8.31773491641468e-05,up,0.0018,6.0
2026-Q3,Android开发工程师,RAG与向量数据库,4.8709437e-05,5.6933597079478204e-05,8.224160079478205e-06,up,0.0018,2.0
2026-Q3,Android开发工程师,严谨细致与诚信自律,0.03905598,0.03873386234045029,-0.0003221176595497102,down,0.0327,17.0
2026-Q3,Android开发工程师,书面技术文档撰写,0.05524297,0.0546923503279686,-0.0005506196720314049,down,0.0545,17.0
2026-Q3,Android开发工程师,云原生与分布式系统,0.006423495,0.006487514358013868,6.401935801386791e-05,up,0.0091,16.0
2026-Q3,Android开发工程师,人机交互与用户体验,0.057624497,0.05745624750852585,-0.00016824949147414836,down,0.06,17.0
2026-Q3,Android开发工程师,人机语义对齐与协同,-1.1071534e-06,1.1041629477404058e-06,2.2113163477404055e-06,up,0.0,1.0
2026-Q3,Android开发工程师,信息管理与数字素养,0.0004345004,0.0006422172300517559,0.0002077168300517559,up,0.0,13.0
2026-Q3,Android开发工程师,创造力与创新思维,0.01304598,0.012653659097850323,-0.0003923209021496777,down,0.0091,17.0
2026-Q3,Android开发工程师,口头技术沟通与汇报,0.060025446,0.060033638030290604,8.192030290600505e-06,up,0.06,17.0
2026-Q3,Android开发工程师,团队协作与协调,0.078962564,0.07898031920194626,1.775520194625957e-05,up,0.0782,17.0
2026-Q3,Android开发工程师,图形与交互技术,0.013544306,0.013536008074879646,-8.297925120354446e-06,down,0.0109,17.0
2026-Q3,Android开发工程师,多方权衡与方案决策,0.00896683,0.008935188874602318,-3.1641125397682476e-05,down,0.0073,17.0
2026-Q3,Android开发工程师,大数据与分布式计算,0.0003452952,0.00037174165481701493,2.6446454817014953e-05,up,0.0,10.0
2026-Q3,Android开发工程师,大模型开发与微调,-8.355259e-06,-6.23367668595165e-06,2.1215823140483505e-06,up,0.0,3.0
2026-Q3,Android开发工程师,大模型选型与评测,0.00018368286,0.00018210758571512997,-1.575274284870042e-06,down,0.0018,5.0
2026-Q3,Android开发工程师,嵌入式系统与固件开发,0.034549452,0.03455142676830292,1.9747683029161522e-06,up,0.0327,17.0
2026-Q3,Android开发工程师,归纳与演绎推理,0.0018213943,0.0018564165802672505,3.50222802672506e-05,up,0.0018,15.0
2026-Q3,Android开发工程师,批判性逻辑思考,0.038518265,0.03874961659312248,0.00023135159312247938,up,0.0418,17.0
2026-Q3,Android开发工程师,提示设计与提示工程,-7.4947748e-06,-5.231631803326309e-06,2.263142996673691e-06,up,0.0,3.0
2026-Q3,Android开发工程师,操作系统与系统管理,0.026844017,0.02690308541059494,5.906841059493892e-05,up,0.0255,17.0
2026-Q3,Android开发工程师,数据分析与可视化,0.002696965,0.0027287681587040424,3.180315870404248e-05,up,0.0036,16.0
2026-Q3,Android开发工程师,数据管理与数据库,0.01490986,0.015163296833634377,0.00025343683363437605,up,0.0127,17.0
2026-Q3,Android开发工程师,时间与资源统筹管理,0.012381858,0.012424786575138569,4.2928575138568084e-05,up,0.0127,17.0
2026-Q3,Android开发工程师,机器学习与深度学习,0.0035513602,0.003489941358566284,-6.141884143371582e-05,down,0.0055,17.0
2026-Q3,Android开发工程师,环境适应与压力耐受,0.018134138,0.017971988767385483,-0.00016214923261451825,down,0.0164,17.0
2026-Q3,Android开发工程师,生成式AI原理与应用,0.0010057254,0.0008687286172062159,-0.00013699678279378413,down,0.0018,5.0
2026-Q3,Android开发工程师,生成式AI应用开发,0.0035859332,0.003535268362611532,-5.066483738846777e-05,down,0.0036,11.0
2026-Q3,Android开发工程师,目标导向与攻坚韧性,0.028324299,0.028179941698908806,-0.00014435730109119485,down,0.0291,17.0
2026-Q3,Android开发工程师,程序设计与软件工程,0.11950793,0.11917286366224289,-0.0003350663377571089,down,0.1164,17.0
2026-Q3,Android开发工程师,算法与数据结构,0.027933495,0.02810145728290081,0.00016796228290081108,up,0.0236,17.0
2026-Q3,Android开发工程师,系统测试与质量评估,0.06642921,0.06641124933958054,-1.7960660419466534e-05,down,0.0673,17.0
2026-Q3,Android开发工程师,系统部署交付与运维,0.013987921,0.013713652268052101,-0.00027426873194789925,down,0.0218,16.0
2026-Q3,Android开发工程师,终身学习与知识更新,0.041387,0.04329921677708626,0.0019122167770862578,up,0.0364,17.0
2026-Q3,Android开发工程师,网络安全与数据隐私,0.017437888,0.01725897379219532,-0.00017891420780467848,down,0.0236,17.0
2026-Q3,Android开发工程师,自我监测与工作复盘,0.003703412,0.0038008687552064657,9.745675520646561e-05,up,0.0036,16.0
2026-Q3,Android开发工程师,自然语言处理技术,0.0040453067,0.004016239661723375,-2.9067038276624733e-05,down,0.0073,15.0
2026-Q3,Android开发工程师,计算数学与数据建模,0.00035534205,0.0003846772015094757,2.9335151509475718e-05,up,0.0,10.0
2026-Q3,Android开发工程师,计算机硬件与数字电路,0.010021033,0.009762214496731758,-0.00025881850326824225,down,0.0091,17.0
2026-Q3,Android开发工程师,计算机网络与通信技术,0.053019676,0.05271775647997856,-0.0003019195200214403,down,0.0545,17.0
2026-Q3,Android开发工程师,计算机视觉与多模态,0.0042748256,0.004329036921262741,5.4211321262741426e-05,up,0.0036,17.0
2026-Q3,Android开发工程师,说服与分歧谈判,0.001053528,0.000968914944678545,-8.461305532145498e-05,down,0.0055,12.0
2026-Q3,Android开发工程师,负责任AI与可解释性,-3.501722e-06,-2.687396772671491e-06,8.143252273285091e-07,up,0.0,3.0
2026-Q3,Android开发工程师,软件架构与系统设计,0.07329873,0.07322990894317627,-6.882105682373685e-05,down,0.0764,17.0
2026-Q3,Android开发工程师,需求洞察与服务意识,0.027951397,0.027745578438043594,-0.000205818561956405,down,0.0345,17.0
2026-Q3,BI工程师,AI任务拆解与规划,0.0013411094,0.0012329069431871176,-0.0001082024568128824,down,0.0,8.0
2026-Q3,BI工程师,AI安全与风险防控,2.6832015e-05,2.663212944753468e-05,-1.998855524653206e-07,down,0.0,3.0
2026-Q3,BI工程师,AI智能体构建与编排,0.008074426,0.008121401071548462,4.697507154846105e-05,up,0.006,2.0
2026-Q3,BI工程师,AI输出质量评估,1.4212856e-06,1.62291107699275e-05,1.4807825169927502e-05,up,0.0,4.0
2026-Q3,BI工程师,严谨细致与诚信自律,0.01982575,0.019897498190402985,7.1748190402985e-05,up,0.0327,17.0
2026-Q3,BI工程师,书面技术文档撰写,0.04858047,0.048620760440826416,4.029044082641542e-05,up,0.0506,17.0
2026-Q3,BI工程师,云原生与分布式系统,0.00949438,0.009450961835682392,-4.341816431760806e-05,down,0.0149,16.0
2026-Q3,BI工程师,人机交互与用户体验,0.021594461,0.022014208137989044,0.00041974713798904537,up,0.0357,16.0
2026-Q3,BI工程师,人机语义对齐与协同,6.045011e-06,7.872062269598246e-06,1.8270512695982458e-06,up,0.0,2.0
2026-Q3,BI工程师,信息管理与数字素养,0.00824262,0.008501634001731873,0.0002590140017318717,up,0.0089,13.0
2026-Q3,BI工程师,创造力与创新思维,0.008215172,0.008121442049741745,-9.372995025825476e-05,down,0.006,16.0
2026-Q3,BI工程师,口头技术沟通与汇报,0.06688475,0.068973608314991,0.0020888583149909906,up,0.0655,17.0
2026-Q3,BI工程师,团队协作与协调,0.0754187,0.07536900788545609,-4.9692114543919974e-05,down,0.0833,17.0
2026-Q3,BI工程师,图形与交互技术,0.0008935311,0.0006459351861849427,-0.00024759591381505724,down,0.003,3.0
2026-Q3,BI工程师,多方权衡与方案决策,0.018645955,0.018157729879021645,-0.0004882251209783542,down,0.0119,17.0
2026-Q3,BI工程师,大数据与分布式计算,0.048159245,0.04788373410701752,-0.0002755108929824862,down,0.0506,17.0
2026-Q3,BI工程师,大模型开发与微调,0.00028936093,0.0002220782480435446,-6.728268195645539e-05,down,0.003,3.0
2026-Q3,BI工程师,嵌入式系统与固件开发,6.444112e-06,2.0544335711747408e-05,1.4100223711747407e-05,up,0.003,4.0
2026-Q3,BI工程师,归纳与演绎推理,0.002832489,0.003007154446095228,0.0001746654460952281,up,0.003,10.0
2026-Q3,BI工程师,批判性逻辑思考,0.04702551,0.04708695411682129,6.144411682128953e-05,up,0.0446,16.0
2026-Q3,BI工程师,操作系统与系统管理,0.0041780556,0.004096212796866894,-8.18428031331064e-05,down,0.003,16.0
2026-Q3,BI工程师,数据分析与可视化,0.10164233,0.10179160535335541,0.00014927535335540476,up,0.1012,17.0
2026-Q3,BI工程师,数据管理与数据库,0.09685482,0.09646168351173401,-0.00039313648826598546,down,0.0952,17.0
2026-Q3,BI工程师,时间与资源统筹管理,0.020469116,0.020270930603146553,-0.00019818539685344597,down,0.0208,16.0
2026-Q3,BI工程师,机器学习与深度学习,0.007147383,0.007429994642734528,0.0002826116427345274,up,0.0119,15.0
2026-Q3,BI工程师,环境适应与压力耐受,0.01588224,0.015609607100486755,-0.0002726328995132435,down,0.0149,16.0
2026-Q3,BI工程师,生成式AI原理与应用,5.80012e-05,5.978439003229141e-05,1.7831900322914094e-06,up,0.0,5.0
2026-Q3,BI工程师,生成式AI应用开发,0.00010502851,7.25350109860301e-05,-3.2493499013969905e-05,down,0.003,4.0
2026-Q3,BI工程师,目标导向与攻坚韧性,0.024560763,0.02457902394235134,1.8260942351341902e-05,up,0.0298,16.0
2026-Q3,BI工程师,程序设计与软件工程,0.06257246,0.06254378706216812,-2.8672937831875078e-05,down,0.0625,17.0
2026-Q3,BI工程师,算法与数据结构,6.145041e-05,9.161361958831549e-05,3.0163209588315482e-05,up,0.0,7.0
2026-Q3,BI工程师,系统测试与质量评估,0.010873659,0.011599997989833355,0.0007263389898333542,up,0.006,17.0
2026-Q3,BI工程师,系统部署交付与运维,0.036473785,0.0362955741584301,-0.00017821084156990213,down,0.0357,16.0
2026-Q3,BI工程师,终身学习与知识更新,0.03586951,0.0362764373421669,0.00040692734216690035,up,0.0387,17.0
2026-Q3,BI工程师,网络安全与数据隐私,0.01462725,0.014361553825438023,-0.000265696174561977,down,0.0179,12.0
2026-Q3,BI工程师,自我监测与工作复盘,0.009643323,0.009428276680409908,-0.00021504631959009222,down,0.0149,15.0
2026-Q3,BI工程师,自然语言处理技术,2.8227078e-07,1.5933619579300284e-06,1.3110911779300283e-06,up,0.0,1.0
2026-Q3,BI工程师,计算数学与数据建模,0.03548304,0.035023611038923264,-0.00045942896107673686,down,0.0387,16.0
2026-Q3,BI工程师,计算机硬件与数字电路,4.3333566e-06,6.732094334438443e-06,2.398737734438443e-06,up,0.0,2.0
2026-Q3,BI工程师,计算机网络与通信技术,0.0026220237,0.0026063595432788134,-1.566415672118668e-05,down,0.003,12.0
2026-Q3,BI工程师,计算机视觉与多模态,4.4534245e-06,7.396352884825319e-06,2.942928384825319e-06,up,0.0,1.0
2026-Q3,BI工程师,说服与分歧谈判,0.0011484874,0.0013189418241381645,0.00017045442413816448,up,0.0,15.0
2026-Q3,BI工程师,负责任AI与可解释性,4.4534245e-06,6.7669752752408385e-06,2.3135507752408386e-06,up,0.0,1.0
2026-Q3,BI工程师,软件架构与系统设计,0.015454729,0.015772538259625435,0.0003178092596254345,up,0.0089,16.0
2026-Q3,BI工程师,需求洞察与服务意识,0.06833775,0.06806178390979767,-0.0002759660902023342,down,0.0714,17.0
2026-Q3,C#开发工程师,AI任务拆解与规划,0.0012565958,0.001291635911911726,3.504011191172605e-05,up,0.0019,16.0
2026-Q3,C#开发工程师,AI安全与风险防控,-1.4244142e-07,7.27533915778622e-07,8.69975335778622e-07,up,0.0,2.0
2026-Q3,C#开发工程师,AI幻觉识别与校验,9.5082214e-07,3.002038283739239e-06,2.051216143739239e-06,up,0.0,1.0
2026-Q3,C#开发工程师,AI智能体构建与编排,0.0012711398,0.0015663516242057085,0.00029521182420570854,up,0.0019,4.0
2026-Q3,C#开发工程师,AI输出质量评估,1.0898686e-05,8.035291102714837e-06,-2.863394897285163e-06,down,0.0,5.0
2026-Q3,C#开发工程师,严谨细致与诚信自律,0.037142463,0.03752567619085312,0.00038321319085311834,up,0.03,17.0
2026-Q3,C#开发工程师,书面技术文档撰写,0.070113055,0.06985725462436676,-0.0002558003756332333,down,0.0713,17.0
2026-Q3,C#开发工程师,云原生与分布式系统,0.005884359,0.005838096607476473,-4.626239252352674e-05,down,0.0075,17.0
2026-Q3,C#开发工程师,人机交互与用户体验,0.037525468,0.03673214092850685,-0.0007933270714931481,down,0.0413,17.0
2026-Q3,C#开发工程师,人机语义对齐与协同,-4.4286207e-07,4.4166154111735523e-07,8.845236111173552e-07,up,0.0,1.0
2026-Q3,C#开发工程师,仿真数据合成,-3.8220605e-07,-4.1464954847469926e-07,-3.244349847469926e-08,down,0.0,3.0
2026-Q3,C#开发工程师,信息管理与数字素养,0.004885651,0.004842263180762529,-4.338781923747103e-05,down,0.0056,16.0
2026-Q3,C#开发工程师,创造力与创新思维,0.008533869,0.00829689484089613,-0.00023697415910386987,down,0.0113,17.0
2026-Q3,C#开发工程师,口头技术沟通与汇报,0.04786933,0.048934053629636765,0.001064723629636763,up,0.045,17.0
2026-Q3,C#开发工程师,团队协作与协调,0.07144522,0.07246305048465729,0.0010178304846572839,up,0.0638,17.0
2026-Q3,C#开发工程师,图形与交互技术,0.010721211,0.010797837749123573,7.662674912357371e-05,up,0.0178,17.0
2026-Q3,C#开发工程师,多方权衡与方案决策,0.011273594,0.011381071992218494,0.00010747799221849479,up,0.0113,17.0
2026-Q3,C#开发工程师,大数据与分布式计算,0.0008553746,0.0008340018102899194,-2.137278971008061e-05,down,0.0009,15.0
2026-Q3,C#开发工程师,大模型开发与微调,-4.7905123e-06,-1.226027961820364e-06,3.5644843381796363e-06,up,0.0,1.0
2026-Q3,C#开发工程师,嵌入式系统与固件开发,0.04381434,0.043645769357681274,-0.00016857064231872582,down,0.0432,17.0
2026-Q3,C#开发工程师,归纳与演绎推理,0.0024620828,0.0025549368001520634,9.285400015206354e-05,up,0.0028,16.0
2026-Q3,C#开发工程师,批判性逻辑思考,0.041944213,0.04195292666554451,8.713665544508864e-06,up,0.0478,17.0
2026-Q3,C#开发工程师,提示设计与提示工程,7.057042e-08,5.916717782383785e-07,5.211013582383785e-07,up,0.0,1.0
2026-Q3,C#开发工程师,操作系统与系统管理,0.013066536,0.013100378215312958,3.384221531295764e-05,up,0.0131,17.0
2026-Q3,C#开发工程师,数据分析与可视化,0.010640281,0.01067427359521389,3.399259521389038e-05,up,0.0113,17.0
2026-Q3,C#开发工程师,数据管理与数据库,0.056828067,0.05684923753142357,2.1170531423565786e-05,up,0.0553,17.0
2026-Q3,C#开发工程师,时间与资源统筹管理,0.01428673,0.014262603595852852,-2.4126404147147354e-05,down,0.015,17.0
2026-Q3,C#开发工程师,机器学习与深度学习,0.0032907752,0.003248401451855898,-4.237374814410229e-05,down,0.0009,17.0
2026-Q3,C#开发工程师,环境适应与压力耐受,0.027749281,0.027578938752412796,-0.00017034224758720462,down,0.0253,17.0
2026-Q3,C#开发工程师,生成式AI原理与应用,0.0002879952,0.00027886542375199497,-9.12977624800503e-06,down,0.0009,6.0
2026-Q3,C#开发工程师,生成式AI应用开发,0.0034691477,0.003604613011702895,0.00013546531170289524,up,0.0038,11.0
2026-Q3,C#开发工程师,目标导向与攻坚韧性,0.022309233,0.02212149277329445,-0.00018774022670555238,down,0.0197,17.0
2026-Q3,C#开发工程师,程序设计与软件工程,0.10853689,0.10884146392345428,0.0003045739234542877,up,0.1098,17.0
2026-Q3,C#开发工程师,算法与数据结构,0.018798158,0.01890687644481659,0.00010871844481659051,up,0.0169,17.0
2026-Q3,C#开发工程师,系统测试与质量评估,0.057270452,0.05717770755290985,-9.27444470901484e-05,down,0.0572,17.0
2026-Q3,C#开发工程师,系统部署交付与运维,0.026371066,0.02633081190288067,-4.0254097119329924e-05,down,0.0272,17.0
2026-Q3,C#开发工程师,终身学习与知识更新,0.03904792,0.038996826857328415,-5.1093142671584935e-05,down,0.0413,17.0
2026-Q3,C#开发工程师,网络安全与数据隐私,0.0027872138,0.0028387829661369324,5.1569166136932344e-05,up,0.0038,17.0
2026-Q3,C#开发工程师,自我监测与工作复盘,0.0022352238,0.0026431395672261715,0.0004079157672261715,up,0.0019,17.0
2026-Q3,C#开发工程师,自然语言处理技术,1.7361854e-06,1.7362035578116775e-06,1.815781167748199e-11,up,0.0,3.0
2026-Q3,C#开发工程师,计算数学与数据建模,0.0036148692,0.0036532701924443245,3.8400992444324704e-05,up,0.0038,17.0
2026-Q3,C#开发工程师,计算机硬件与数字电路,0.010299161,0.010080314241349697,-0.00021884675865030227,down,0.0103,17.0
2026-Q3,C#开发工程师,计算机网络与通信技术,0.05858616,0.0586886927485466,0.0001025327485466021,up,0.06,17.0
2026-Q3,C#开发工程师,计算机视觉与多模态,0.022949804,0.022898966446518898,-5.083755348110272e-05,down,0.0235,17.0
2026-Q3,C#开发工程师,说服与分歧谈判,0.0010971036,0.0010893854778259993,-7.718122174000825e-06,down,0.0019,14.0
2026-Q3,C#开发工程师,负责任AI与可解释性,-8.09996e-08,4.7570301831001416e-07,5.567026183100141e-07,up,0.0,1.0
2026-Q3,C#开发工程师,软件架构与系统设计,0.058090482,0.058417920023202896,0.0003274380232028973,up,0.0619,17.0
2026-Q3,C#开发工程师,需求洞察与服务意识,0.033477716,0.03342406451702118,-5.365148297881844e-05,down,0.0319,17.0
2026-Q3,C/C++开发工程师,AI任务拆解与规划,0.0009950508,0.0010088670533150434,1.3816253315043466e-05,up,0.001,14.0
2026-Q3,C/C++开发工程师,AI安全与风险防控,3.0494528e-05,4.2921703425236046e-05,1.2427175425236046e-05,up,0.0005,10.0
2026-Q3,C/C++开发工程师,AI智能体构建与编排,0.00016626489,0.0002449371968396008,7.86723068396008e-05,up,0.001,6.0
2026-Q3,C/C++开发工程师,AI输出质量评估,5.7639627e-06,6.40605139778927e-06,6.420886977892697e-07,up,0.0,4.0
2026-Q3,C/C++开发工程师,RAG与向量数据库,-7.381004e-08,1.834187060012482e-07,2.572287460012482e-07,up,0.0,1.0
2026-Q3,C/C++开发工程师,严谨细致与诚信自律,0.039143108,0.03924199193716049,9.88839371604891e-05,up,0.0399,17.0
2026-Q3,C/C++开发工程师,书面技术文档撰写,0.06365089,0.06364715099334717,-3.739006652833665e-06,down,0.063,17.0
2026-Q3,C/C++开发工程师,云原生与分布式系统,0.007891184,0.00788756925612688,-3.6147438731200937e-06,down,0.0082,17.0
2026-Q3,C/C++开发工程师,人机交互与用户体验,0.022958815,0.02268402837216854,-0.0002747866278314595,down,0.0241,17.0
2026-Q3,C/C++开发工程师,仿真数据合成,1.0326621e-05,7.992552127689123e-06,-2.3340688723108763e-06,down,0.0,8.0
2026-Q3,C/C++开发工程师,信息管理与数字素养,0.004162929,0.004209313075989485,4.638407598948468e-05,up,0.0048,17.0
2026-Q3,C/C++开发工程师,创造力与创新思维,0.010372254,0.010352222248911858,-2.003175108814155e-05,down,0.0111,17.0
2026-Q3,C/C++开发工程师,口头技术沟通与汇报,0.050405607,0.05050269514322281,9.708814322281073e-05,up,0.0491,17.0
2026-Q3,C/C++开发工程师,团队协作与协调,0.07457483,0.07482720166444778,0.0002523716644477897,up,0.0755,17.0
2026-Q3,C/C++开发工程师,图形与交互技术,0.016958414,0.016979143023490906,2.0729023490904247e-05,up,0.0173,17.0
2026-Q3,C/C++开发工程师,多方权衡与方案决策,0.0063649635,0.006365498993545771,5.354935457705171e-07,up,0.0053,17.0
2026-Q3,C/C++开发工程师,大数据与分布式计算,0.0028275226,0.0028118090704083443,-1.5713529591655784e-05,down,0.0029,17.0
2026-Q3,C/C++开发工程师,大模型开发与微调,0.00058076804,0.000582799082621932,2.03104262193202e-06,up,0.001,13.0
2026-Q3,C/C++开发工程师,大模型选型与评测,5.599206e-05,5.8278877986595035e-05,2.2868179865950352e-06,up,0.0005,9.0
2026-Q3,C/C++开发工程师,嵌入式系统与固件开发,0.057369895,0.05748622119426727,0.0001163261942672758,up,0.0601,17.0
2026-Q3,C/C++开发工程师,异构模态组合与泛化能力,-4.0711093e-06,-1.5652840374968946e-06,2.5058252625031055e-06,up,0.0,2.0
2026-Q3,C/C++开发工程师,归纳与演绎推理,0.0011094619,0.0011219331063330173,1.2471206333017305e-05,up,0.001,16.0
2026-Q3,C/C++开发工程师,批判性逻辑思考,0.035637435,0.03578678518533707,0.00014935018533706462,up,0.0366,17.0
2026-Q3,C/C++开发工程师,提示设计与提示工程,0.00014019226,0.00012026895274175331,-1.9923307258246683e-05,down,0.0005,3.0
2026-Q3,C/C++开发工程师,操作系统与系统管理,0.04603553,0.046062272042036057,2.67420420360584e-05,up,0.0443,17.0
2026-Q3,C/C++开发工程师,数据分析与可视化,0.006240809,0.006270671263337135,2.9862263337135375e-05,up,0.0067,17.0
2026-Q3,C/C++开发工程师,数据管理与数据库,0.021742554,0.021793248131871223,5.069413187122271e-05,up,0.0207,17.0
2026-Q3,C/C++开发工程师,时间与资源统筹管理,0.011679517,0.011697537265717983,1.8020265717982875e-05,up,0.0096,17.0
2026-Q3,C/C++开发工程师,机器学习与深度学习,0.012079959,0.011976392939686775,-0.00010356606031322428,down,0.012,17.0
2026-Q3,C/C++开发工程师,环境适应与压力耐受,0.022021562,0.02181159518659115,-0.0002099668134088531,down,0.0241,17.0
2026-Q3,C/C++开发工程师,生成式AI原理与应用,0.00047992816,0.0004522434901446104,-2.768466985538957e-05,down,0.0005,6.0
2026-Q3,C/C++开发工程师,生成式AI应用开发,0.00104553,0.001018875977024436,-2.665402297556403e-05,down,0.0014,17.0
2026-Q3,C/C++开发工程师,目标导向与攻坚韧性,0.02550231,0.025426777079701424,-7.553292029857661e-05,down,0.0269,17.0
2026-Q3,C/C++开发工程师,程序设计与软件工程,0.106152736,0.10606841742992401,-8.431857007598631e-05,down,0.1073,17.0
2026-Q3,C/C++开发工程师,算法与数据结构,0.049973622,0.049527112394571304,-0.00044650960542869794,down,0.05,17.0
2026-Q3,C/C++开发工程师,系统测试与质量评估,0.057645433,0.05738327279686928,-0.0002621602031307249,down,0.064,17.0
2026-Q3,C/C++开发工程师,系统部署交付与运维,0.011107311,0.011097177863121033,-1.0133136878967205e-05,down,0.0115,17.0
2026-Q3,C/C++开发工程师,终身学习与知识更新,0.03986076,0.03989749029278755,3.6730292787549856e-05,up,0.0399,17.0
2026-Q3,C/C++开发工程师,网络安全与数据隐私,0.0056988117,0.005826128646731377,0.00012731694673137704,up,0.0048,17.0
2026-Q3,C/C++开发工程师,自我监测与工作复盘,0.0036411206,0.0036663911305367947,2.5270530536794598e-05,up,0.0029,17.0
2026-Q3,C/C++开发工程师,自然语言处理技术,0.00067969604,0.0006418261909857392,-3.786984901426075e-05,down,0.001,16.0
2026-Q3,C/C++开发工程师,计算数学与数据建模,0.011784473,0.011697265319526196,-8.720768047380464e-05,down,0.012,17.0
2026-Q3,C/C++开发工程师,计算机硬件与数字电路,0.01845337,0.01843194104731083,-2.1428952689171027e-05,down,0.0202,17.0
2026-Q3,C/C++开发工程师,计算机网络与通信技术,0.04444288,0.04430239647626877,-0.0001404835237312288,down,0.0452,17.0
2026-Q3,C/C++开发工程师,计算机视觉与多模态,0.017439997,0.017449669539928436,9.672539928437529e-06,up,0.0173,17.0
2026-Q3,C/C++开发工程师,说服与分歧谈判,0.00075833395,0.0007360653253272176,-2.2268624672782452e-05,down,0.001,16.0
2026-Q3,C/C++开发工程师,负责任AI与可解释性,0.00010010986,0.0001203685678774491,2.025870787744909e-05,up,0.0,11.0
2026-Q3,C/C++开发工程师,软件架构与系统设计,0.054140393,0.05404111370444298,-9.927929555702403e-05,down,0.0548,17.0
2026-Q3,C/C++开发工程师,需求洞察与服务意识,0.020863663,0.02074229158461094,-0.00012137141538906202,down,0.0188,17.0
2026-Q3,Cocos开发工程师,AI任务拆解与规划,0.0006471188,0.0006073457188904285,-3.9773081109571425e-05,down,0.0,4.0
2026-Q3,Cocos开发工程师,严谨细致与诚信自律,0.0011010654,0.0014020837843418121,0.0003010183843418122,up,0.0,13.0
2026-Q3,Cocos开发工程师,书面技术文档撰写,0.0021574358,0.0025787726044654846,0.0004213368044654847,up,0.0,10.0
2026-Q3,Cocos开发工程师,云原生与分布式系统,5.1605864e-05,6.238743662834167e-05,1.0781572628341673e-05,up,0.0,4.0
2026-Q3,Cocos开发工程师,人机交互与用户体验,0.0679641,0.0657733827829361,-0.0021907172170639033,down,0.0588,13.0
2026-Q3,Cocos开发工程师,信息管理与数字素养,-3.1680887e-05,-1.558259828016162e-05,1.6098288719838382e-05,up,0.0,1.0
2026-Q3,Cocos开发工程师,创造力与创新思维,0.0055827033,0.005381532944738865,-0.00020117035526113526,down,0.0,11.0
2026-Q3,Cocos开发工程师,口头技术沟通与汇报,0.05728682,0.059011444449424744,0.0017246244494247415,up,0.0588,13.0
2026-Q3,Cocos开发工程师,团队协作与协调,0.10197595,0.10223893076181412,0.00026298076181412167,up,0.1176,15.0
2026-Q3,Cocos开发工程师,图形与交互技术,0.054028172,0.053254637867212296,-0.0007735341327877038,down,0.0588,15.0
2026-Q3,Cocos开发工程师,多方权衡与方案决策,5.0821807e-05,0.00011887610889971256,6.805430189971257e-05,up,0.0,7.0
2026-Q3,Cocos开发工程师,嵌入式系统与固件开发,4.346599e-06,1.2938238796778023e-05,8.591639796778023e-06,up,0.0,1.0
2026-Q3,Cocos开发工程师,归纳与演绎推理,1.0585209e-06,8.494826033711433e-06,7.436305133711433e-06,up,0.0,1.0
2026-Q3,Cocos开发工程师,批判性逻辑思考,0.045775767,0.04750652611255646,0.0017307591125564556,up,0.0588,14.0
2026-Q3,Cocos开发工程师,操作系统与系统管理,0.0034640422,0.003812849521636963,0.00034880732163696275,up,0.0,9.0
2026-Q3,Cocos开发工程师,数据管理与数据库,0.00028335163,0.0003821449354290962,9.87933054290962e-05,up,0.0,9.0
2026-Q3,Cocos开发工程师,时间与资源统筹管理,0.006893349,0.006655205972492695,-0.00023814302750730515,down,0.0,10.0
2026-Q3,Cocos开发工程师,机器学习与深度学习,0.019438226,0.01913333870470524,-0.0003048872952947611,down,0.0588,1.0
2026-Q3,Cocos开发工程师,环境适应与压力耐受,0.056626372,0.055929526686668396,-0.0006968453133316052,down,0.0588,13.0
2026-Q3,Cocos开发工程师,目标导向与攻坚韧性,0.035922498,0.03574730083346367,-0.00017519716653632833,down,0.0588,11.0
2026-Q3,Cocos开发工程师,程序设计与软件工程,0.12490126,0.12454569339752197,-0.0003555666024780274,down,0.1176,15.0
2026-Q3,Cocos开发工程师,算法与数据结构,0.038018957,0.03993041440844536,0.0019114574084453592,up,0.0,12.0
2026-Q3,Cocos开发工程师,系统测试与质量评估,0.09332557,0.08827953040599823,-0.005046039594001767,down,0.1176,15.0
2026-Q3,Cocos开发工程师,系统部署交付与运维,0.0032530273,0.0033184378407895565,6.541054078955649e-05,up,0.0,10.0
2026-Q3,Cocos开发工程师,终身学习与知识更新,0.063671574,0.06557416170835495,0.0019025877083549553,up,0.0588,15.0
2026-Q3,Cocos开发工程师,网络安全与数据隐私,7.660943e-05,0.00010597589425742626,2.936646425742626e-05,up,0.0,2.0
2026-Q3,Cocos开发工程师,自我监测与工作复盘,0.00012490805,0.0001547748688608408,2.986681886084079e-05,up,0.0,6.0
2026-Q3,Cocos开发工程师,自然语言处理技术,5.450414e-05,5.653098924085498e-05,2.026849240854977e-06,up,0.0,2.0
2026-Q3,Cocos开发工程师,计算数学与数据建模,6.080675e-05,5.3944531828165054e-05,-6.862218171834944e-06,down,0.0,6.0
2026-Q3,Cocos开发工程师,计算机硬件与数字电路,1.5656464e-05,4.078960046172142e-05,2.513313646172142e-05,up,0.0,6.0
2026-Q3,Cocos开发工程师,计算机网络与通信技术,0.04101364,0.041820015758275986,0.0008063757582759887,up,0.0588,14.0
2026-Q3,Cocos开发工程师,说服与分歧谈判,3.100501e-05,2.666428918018937e-05,-4.340720819810628e-06,down,0.0,2.0
2026-Q3,Cocos开发工程师,软件架构与系统设计,0.08743064,0.0871681272983551,-0.00026251270164490137,down,0.1176,14.0
2026-Q3,Cocos开发工程师,需求洞察与服务意识,0.0026930599,0.0025536050088703632,-0.0001394548911296369,down,0.0,8.0
2026-Q3,DBA,AI安全与风险防控,3.205263e-06,4.704867023974657e-06,1.499604023974657e-06,up,0.0,2.0
2026-Q3,DBA,RAG与向量数据库,0.008734368,0.009140238165855408,0.0004058701658554084,up,0.0061,2.0
2026-Q3,DBA,严谨细致与诚信自律,0.05339281,0.054053544998168945,0.0006607349981689464,up,0.0642,17.0
2026-Q3,DBA,书面技术文档撰写,0.055636477,0.05514121055603027,-0.0004952664439697232,down,0.052,17.0
2026-Q3,DBA,云原生与分布式系统,0.028996026,0.028802745044231415,-0.00019328095576858634,down,0.0275,17.0
2026-Q3,DBA,人机交互与用户体验,9.963149e-05,0.00012358545791357756,2.3953967913577554e-05,up,0.0,10.0
2026-Q3,DBA,人机语义对齐与协同,-4.8600486e-07,2.3852262529544532e-06,2.871231112954453e-06,up,0.0,1.0
2026-Q3,DBA,信息管理与数字素养,0.0015850109,0.001916591776534915,0.0003315808765349149,up,0.0,15.0
2026-Q3,DBA,创造力与创新思维,0.0028783549,0.0026901960372924805,-0.00018815886270751947,down,0.0,14.0
2026-Q3,DBA,口头技术沟通与汇报,0.06538152,0.0670514777302742,0.001669957730274202,up,0.0642,17.0
2026-Q3,DBA,团队协作与协调,0.076460116,0.07671242952346802,0.00025231352346802294,up,0.0826,17.0
2026-Q3,DBA,多方权衡与方案决策,0.0066484944,0.0064296480268239975,-0.00021884637317600222,down,0.0061,17.0
2026-Q3,DBA,大数据与分布式计算,0.019491829,0.019436512142419815,-5.531685758018365e-05,down,0.0214,17.0
2026-Q3,DBA,嵌入式系统与固件开发,0.00011850899,0.00016401050379499793,4.550151379499793e-05,up,0.0,8.0
2026-Q3,DBA,归纳与演绎推理,0.0009987518,0.0010830771643668413,8.432536436684128e-05,up,0.0092,4.0
2026-Q3,DBA,批判性逻辑思考,0.031626303,0.03216718137264252,0.0005408783726425156,up,0.0367,17.0
2026-Q3,DBA,操作系统与系统管理,0.07697495,0.07577294856309891,-0.0012020014369010928,down,0.0703,17.0
2026-Q3,DBA,数据分析与可视化,0.021765327,0.022558851167559624,0.0007935241675596227,up,0.0275,16.0
2026-Q3,DBA,数据管理与数据库,0.11824004,0.1172957792878151,-0.0009442607121849106,down,0.107,17.0
2026-Q3,DBA,时间与资源统筹管理,0.011751203,0.011230148375034332,-0.0005210546249656677,down,0.0031,17.0
2026-Q3,DBA,机器学习与深度学习,0.00056810305,0.0006263578543439507,5.82548043439507e-05,up,0.0,9.0
2026-Q3,DBA,环境适应与压力耐受,0.042123143,0.04255327954888344,0.00043013654888343633,up,0.0489,17.0
2026-Q3,DBA,生成式AI原理与应用,1.393164e-06,4.284549504518509e-06,2.891385504518509e-06,up,0.0,1.0
2026-Q3,DBA,生成式AI应用开发,1.4800287e-05,1.914484892040491e-05,4.34456192040491e-06,up,0.0,4.0
2026-Q3,DBA,目标导向与攻坚韧性,0.01819733,0.01819740980863571,7.980863571052654e-08,up,0.0183,16.0
2026-Q3,DBA,程序设计与软件工程,0.058839962,0.05822157487273216,-0.0006183871272678401,down,0.0581,17.0
2026-Q3,DBA,算法与数据结构,0.002009864,0.002086431486532092,7.6567486532092e-05,up,0.0031,14.0
2026-Q3,DBA,系统测试与质量评估,0.013374706,0.013022668659687042,-0.00035203734031295786,down,0.0122,15.0
2026-Q3,DBA,系统部署交付与运维,0.07791532,0.07754253596067429,-0.00037278403932571036,down,0.0887,17.0
2026-Q3,DBA,终身学习与知识更新,0.044772074,0.04425140842795372,-0.0005206655720462819,down,0.0459,17.0
2026-Q3,DBA,网络安全与数据隐私,0.050960936,0.050755713135004044,-0.00020522286499595477,down,0.055,17.0
2026-Q3,DBA,自我监测与工作复盘,0.005667078,0.005617107264697552,-4.9970735302448145e-05,down,0.0061,15.0
2026-Q3,DBA,计算数学与数据建模,0.00360524,0.003582339733839035,-2.2900266160964973e-05,down,0.0031,15.0
2026-Q3,DBA,计算机硬件与数字电路,0.0010597603,0.001150861382484436,9.110108248443606e-05,up,0.0,14.0
2026-Q3,DBA,计算机网络与通信技术,0.019351818,0.01936115324497223,9.335244972229206e-06,up,0.0183,17.0
2026-Q3,DBA,计算机视觉与多模态,2.5530317e-06,5.773006705567241e-06,3.2199750055672405e-06,up,0.0,1.0
2026-Q3,DBA,说服与分歧谈判,1.8800318e-05,3.542326157912612e-05,1.662294357912612e-05,up,0.0,5.0
2026-Q3,DBA,负责任AI与可解释性,-1.0529911e-06,6.184141966514289e-06,7.23713306651429e-06,up,0.0,1.0
2026-Q3,DBA,软件架构与系统设计,0.037177447,0.03713402897119522,-4.3418028804781406e-05,down,0.0398,17.0
2026-Q3,DBA,需求洞察与服务意识,0.026401509,0.0269787535071373,0.0005772445071372985,up,0.0245,17.0
2026-Q3,ERP实施顾问,AI任务拆解与规划,0.0023067808,0.0023520817048847675,4.5300904884767665e-05,up,0.0035,17.0
2026-Q3,ERP实施顾问,AI安全与风险防控,8.6474756e-08,2.815322659444064e-07,1.950575099444064e-07,up,0.0,4.0
2026-Q3,ERP实施顾问,AI幻觉识别与校验,-7.75186e-07,-2.511051206965931e-07,5.24080879303407e-07,up,0.0,1.0
2026-Q3,ERP实施顾问,AI输出质量评估,-1.0044532e-06,2.1329469745978713e-07,1.217747897459787e-06,up,0.0,3.0
2026-Q3,ERP实施顾问,严谨细致与诚信自律,0.037870955,0.03778848052024841,-8.247447975158473e-05,down,0.0352,17.0
2026-Q3,ERP实施顾问,书面技术文档撰写,0.068746194,0.06870777904987335,-3.841495012664453e-05,down,0.0663,17.0
2026-Q3,ERP实施顾问,云原生与分布式系统,0.0037909024,0.003739513922482729,-5.138847751727125e-05,down,0.0035,17.0
2026-Q3,ERP实施顾问,人机交互与用户体验,0.005071509,0.005111574195325375,4.006519532537452e-05,up,0.0046,17.0
2026-Q3,ERP实施顾问,人机语义对齐与协同,9.039068e-06,1.1957752576563507e-05,2.918684576563507e-06,up,0.0006,2.0
2026-Q3,ERP实施顾问,仿真数据合成,2.2360473e-07,2.29612851398997e-07,6.008121398997013e-09,up,0.0,2.0
2026-Q3,ERP实施顾问,信息管理与数字素养,0.018502327,0.018363719806075096,-0.00013860719392490284,down,0.019,17.0
2026-Q3,ERP实施顾问,创造力与创新思维,0.005395376,0.00528643187135458,-0.00010894412864542041,down,0.0046,17.0
2026-Q3,ERP实施顾问,口头技术沟通与汇报,0.091310054,0.09123571217060089,-7.434182939911049e-05,down,0.0917,17.0
2026-Q3,ERP实施顾问,团队协作与协调,0.09106039,0.0911029502749443,4.256027494430048e-05,up,0.0934,17.0
2026-Q3,ERP实施顾问,图形与交互技术,0.0007750973,0.0007603318663313985,-1.4765433668601489e-05,down,0.0,15.0
2026-Q3,ERP实施顾问,多方权衡与方案决策,0.032708965,0.03302174061536789,0.00031277561536788984,up,0.0329,17.0
2026-Q3,ERP实施顾问,大数据与分布式计算,0.0021809572,0.002139780204743147,-4.117699525685303e-05,down,0.0023,17.0
2026-Q3,ERP实施顾问,嵌入式系统与固件开发,0.0019877777,0.001993793761357665,6.0160613576652235e-06,up,0.0012,16.0
2026-Q3,ERP实施顾问,归纳与演绎推理,0.004767375,0.0047962358221411705,2.886082214117059e-05,up,0.0046,17.0
2026-Q3,ERP实施顾问,批判性逻辑思考,0.04589926,0.04599292576313019,9.36657631301907e-05,up,0.0461,17.0
2026-Q3,ERP实施顾问,提示设计与提示工程,1.3385834e-06,1.6005797078832984e-06,2.619963078832985e-07,up,0.0,2.0
2026-Q3,ERP实施顾问,操作系统与系统管理,0.011146516,0.011036084964871407,-0.00011043103512859385,down,0.0104,17.0
2026-Q3,ERP实施顾问,数据分析与可视化,0.021098029,0.020666321739554405,-0.00043170726044559557,down,0.03,17.0
2026-Q3,ERP实施顾问,数据管理与数据库,0.07593366,0.07579390704631805,-0.00013975295368194585,down,0.0767,17.0
2026-Q3,ERP实施顾问,时间与资源统筹管理,0.036364038,0.03651052713394165,0.00014648913394164909,up,0.0369,17.0
2026-Q3,ERP实施顾问,机器学习与深度学习,0.00037671812,0.0003945490752812475,1.783095528124748e-05,up,0.0006,13.0
2026-Q3,ERP实施顾问,环境适应与压力耐受,0.046366144,0.04614666849374771,-0.00021947550625228684,down,0.0438,17.0
2026-Q3,ERP实施顾问,生成式AI原理与应用,0.00038986217,0.00039762971573509276,7.767545735092745e-06,up,0.0012,8.0
2026-Q3,ERP实施顾问,生成式AI应用开发,0.00024496345,0.00021013294463045895,-3.4830505369541046e-05,down,0.0012,7.0
2026-Q3,ERP实施顾问,目标导向与攻坚韧性,0.030798262,0.03047003783285618,-0.0003282241671438216,down,0.0283,17.0
2026-Q3,ERP实施顾问,程序设计与软件工程,0.056829583,0.05694855377078056,0.0001189707707805604,up,0.0606,17.0
2026-Q3,ERP实施顾问,算法与数据结构,0.00078147993,0.0007087896228767931,-7.26903071232069e-05,down,0.0017,10.0
2026-Q3,ERP实施顾问,系统测试与质量评估,0.03414016,0.034193433821201324,5.3273821201321736e-05,up,0.0363,17.0
2026-Q3,ERP实施顾问,系统部署交付与运维,0.06274369,0.06251956522464752,-0.00022412477535248276,down,0.0681,17.0
2026-Q3,ERP实施顾问,终身学习与知识更新,0.038054857,0.038286421447992325,0.00023156444799232734,up,0.0363,17.0
2026-Q3,ERP实施顾问,网络安全与数据隐私,0.010011612,0.010126722976565361,0.00011511097656536143,up,0.0087,17.0
2026-Q3,ERP实施顾问,自我监测与工作复盘,0.009201246,0.00901619903743267,-0.00018504696256732914,down,0.0104,17.0
2026-Q3,ERP实施顾问,自然语言处理技术,-7.381004e-08,1.987791620194912e-07,2.725892020194912e-07,up,0.0,1.0
2026-Q3,ERP实施顾问,计算数学与数据建模,0.0042171283,0.004004495218396187,-0.00021263308160381338,down,0.0046,16.0
2026-Q3,ERP实施顾问,计算机硬件与数字电路,0.0041270982,0.004045343957841396,-8.175424215860379e-05,down,0.004,17.0
2026-Q3,ERP实施顾问,计算机网络与通信技术,0.017659275,0.017620613798499107,-3.8661201500891224e-05,down,0.0185,17.0
2026-Q3,ERP实施顾问,计算机视觉与多模态,2.6468668e-05,2.594229590613395e-05,-5.263720938660489e-07,down,0.0,6.0
2026-Q3,ERP实施顾问,说服与分歧谈判,0.0057312422,0.005583115853369236,-0.00014812634663076418,down,0.0046,17.0
2026-Q3,ERP实施顾问,负责任AI与可解释性,-2.3831308e-07,-5.31181285623461e-08,1.851949514376539e-07,up,0.0,2.0
2026-Q3,ERP实施顾问,软件架构与系统设计,0.023431499,0.023501334711909294,6.983571190929266e-05,up,0.0242,17.0
2026-Q3,ERP实施顾问,需求洞察与服务意识,0.08428872,0.08430517464876175,1.6454648761751733e-05,up,0.0836,17.0
2026-Q3,ERP技术开发,AI任务拆解与规划,3.5775476e-05,3.651477163657546e-05,7.392956365754629e-07,up,0.0,6.0
2026-Q3,ERP技术开发,AI安全与风险防控,5.8915975e-07,1.6071790014393628e-06,1.0180192514393626e-06,up,0.0,1.0
2026-Q3,ERP技术开发,AI智能体构建与编排,-2.9524017e-07,4.619741957867518e-07,7.572143657867518e-07,up,0.0,1.0
2026-Q3,ERP技术开发,AI输出质量评估,2.0402658e-06,3.542852937243879e-06,1.502587137243879e-06,up,0.0,2.0
2026-Q3,ERP技术开发,RAG与向量数据库,-2.9524017e-07,7.336748240049928e-07,1.0289149940049928e-06,up,0.0,1.0
2026-Q3,ERP技术开发,严谨细致与诚信自律,0.037084844,0.037087708711624146,2.864711624146754e-06,up,0.0378,17.0
2026-Q3,ERP技术开发,书面技术文档撰写,0.064197585,0.06390251964330673,-0.0002950653566932693,down,0.0629,17.0
2026-Q3,ERP技术开发,云原生与分布式系统,0.009800866,0.009433871135115623,-0.0003669948648843766,down,0.0108,17.0
2026-Q3,ERP技术开发,人机交互与用户体验,0.007882176,0.007579050492495298,-0.00030312550750470103,down,0.009,17.0
2026-Q3,ERP技术开发,人机语义对齐与协同,-1.6104786e-07,6.761219992768019e-07,8.371698592768019e-07,up,0.0,1.0
2026-Q3,ERP技术开发,信息管理与数字素养,0.0063815336,0.0065480004996061325,0.0001664668996061323,up,0.0072,16.0
2026-Q3,ERP技术开发,创造力与创新思维,0.009020843,0.00889608170837164,-0.00012476129162836136,down,0.0072,17.0
2026-Q3,ERP技术开发,口头技术沟通与汇报,0.07322408,0.07522162795066833,0.001997547950668338,up,0.0683,17.0
2026-Q3,ERP技术开发,团队协作与协调,0.08572709,0.08553645014762878,-0.0001906398523712216,down,0.0845,17.0
2026-Q3,ERP技术开发,图形与交互技术,7.849303e-06,1.081349910236895e-05,2.9641961023689514e-06,up,0.0,4.0
2026-Q3,ERP技术开发,多方权衡与方案决策,0.024789855,0.024894526228308678,0.00010467122830867814,up,0.0252,17.0
2026-Q3,ERP技术开发,大数据与分布式计算,0.0021749274,0.0020133729558438063,-0.00016155444415619355,down,0.0036,16.0
2026-Q3,ERP技术开发,嵌入式系统与固件开发,0.0019476324,0.001902859192341566,-4.477320765843397e-05,down,0.0018,13.0
2026-Q3,ERP技术开发,归纳与演绎推理,0.0029938016,0.002927210181951523,-6.65914180484773e-05,down,0.0018,15.0
2026-Q3,ERP技术开发,批判性逻辑思考,0.050345615,0.051276206970214844,0.0009305919702148405,up,0.0558,17.0
2026-Q3,ERP技术开发,提示设计与提示工程,0.00051539694,0.0005680305184796453,5.263357847964522e-05,up,0.0018,1.0
2026-Q3,ERP技术开发,操作系统与系统管理,0.011510856,0.011414159089326859,-9.669691067314135e-05,down,0.0108,17.0
2026-Q3,ERP技术开发,数据分析与可视化,0.027094478,0.026540866121649742,-0.0005536118783502596,down,0.0324,17.0
2026-Q3,ERP技术开发,数据管理与数据库,0.08481324,0.08478134870529175,-3.189129470825003e-05,down,0.0863,17.0
2026-Q3,ERP技术开发,时间与资源统筹管理,0.031544574,0.03147052600979805,-7.404799020194891e-05,down,0.0324,17.0
2026-Q3,ERP技术开发,机器学习与深度学习,0.0016679068,0.001586506376042962,-8.140042395703801e-05,down,0.0018,9.0
2026-Q3,ERP技术开发,环境适应与压力耐受,0.026588628,0.026803091168403625,0.00021446316840362592,up,0.0252,17.0
2026-Q3,ERP技术开发,生成式AI原理与应用,-1.9010127e-05,-1.4380348147824407e-05,4.629778852175593e-06,up,0.0,3.0
2026-Q3,ERP技术开发,生成式AI应用开发,0.00015300928,0.00011573350639082491,-3.727577360917509e-05,down,0.0018,6.0
2026-Q3,ERP技术开发,目标导向与攻坚韧性,0.025887333,0.025798644870519638,-8.868812948036042e-05,down,0.0252,17.0
2026-Q3,ERP技术开发,程序设计与软件工程,0.09232971,0.09252648800611496,0.00019677800611496432,up,0.0917,17.0
2026-Q3,ERP技术开发,算法与数据结构,0.001984593,0.0021494522225111723,0.0001648592225111721,up,0.0,15.0
2026-Q3,ERP技术开发,系统测试与质量评估,0.04518764,0.04514755308628082,-4.0086913719178385e-05,down,0.0396,17.0
2026-Q3,ERP技术开发,系统部署交付与运维,0.060529035,0.06019021198153496,-0.000338823018465044,down,0.0719,17.0
2026-Q3,ERP技术开发,终身学习与知识更新,0.037460405,0.03904412314295769,0.0015837181429576852,up,0.027,17.0
2026-Q3,ERP技术开发,网络安全与数据隐私,0.011510229,0.01166776567697525,0.00015753667697524995,up,0.0144,17.0
2026-Q3,ERP技术开发,自我监测与工作复盘,0.00401989,0.003993045538663864,-2.6844461336135786e-05,down,0.0036,17.0
2026-Q3,ERP技术开发,自然语言处理技术,1.266515e-06,2.726861566770822e-06,1.4603465667708217e-06,up,0.0,1.0
2026-Q3,ERP技术开发,计算数学与数据建模,0.0026930138,0.002674574265256524,-1.843953474347593e-05,down,0.0036,16.0
2026-Q3,ERP技术开发,计算机硬件与数字电路,0.0003996471,0.00041501689702272415,1.5369797022724127e-05,up,0.0,10.0
2026-Q3,ERP技术开发,计算机网络与通信技术,0.023992248,0.023820910602808,-0.00017133739719200208,down,0.0252,17.0
2026-Q3,ERP技术开发,说服与分歧谈判,0.004241185,0.004116367548704147,-0.0001248174512958524,down,0.0036,16.0
2026-Q3,ERP技术开发,负责任AI与可解释性,0.0022731922,0.0022656156215816736,-7.57657841832628e-06,down,0.0018,2.0
2026-Q3,ERP技术开发,软件架构与系统设计,0.051649045,0.051834750920534134,0.00018570592053413632,up,0.0522,17.0
2026-Q3,ERP技术开发,需求洞察与服务意识,0.07056249,0.07058193534612656,1.944534612655091e-05,up,0.0719,17.0
2026-Q3,ETL开发工程师,AI任务拆解与规划,3.5879435e-05,4.856858868151903e-05,1.2689153681519028e-05,up,0.0,6.0
2026-Q3,ETL开发工程师,AI智能体构建与编排,3.081269e-05,6.17478508502245e-05,3.093516085022449e-05,up,0.0,2.0
2026-Q3,ETL开发工程师,RAG与向量数据库,-1.2883829e-06,4.18099807575345e-06,5.46938097575345e-06,up,0.0,1.0
2026-Q3,ETL开发工程师,严谨细致与诚信自律,0.04163167,0.04189281165599823,0.0002611416559982274,up,0.0526,17.0
2026-Q3,ETL开发工程师,书面技术文档撰写,0.038737245,0.039041683077812195,0.0003044380778121983,up,0.0351,17.0
2026-Q3,ETL开发工程师,云原生与分布式系统,0.039489537,0.03969793766736984,0.00020840066736984436,up,0.0526,15.0
2026-Q3,ETL开发工程师,人机交互与用户体验,0.0010435923,0.0011716317385435104,0.00012803943854351046,up,0.0,9.0
2026-Q3,ETL开发工程师,信息管理与数字素养,0.00081439153,0.0008569189812988043,4.252745129880431e-05,up,0.0,9.0
2026-Q3,ETL开发工程师,创造力与创新思维,0.0007610286,0.0007108733989298344,-5.015520107016559e-05,down,0.0,11.0
2026-Q3,ETL开发工程师,口头技术沟通与汇报,0.08157847,0.08057063072919846,-0.0010078392708015443,down,0.0877,17.0
2026-Q3,ETL开发工程师,团队协作与协调,0.08572999,0.08568009734153748,-4.9892658462530326e-05,down,0.0877,17.0
2026-Q3,ETL开发工程师,多方权衡与方案决策,0.005640494,0.005556783638894558,-8.371036110544228e-05,down,0.0175,16.0
2026-Q3,ETL开发工程师,大数据与分布式计算,0.098320186,0.09909671545028687,0.0007765294502868614,up,0.0877,17.0
2026-Q3,ETL开发工程师,大模型开发与微调,2.6596827e-06,7.3566261562518775e-06,4.696943456251878e-06,up,0.0,1.0
2026-Q3,ETL开发工程师,大模型选型与评测,-1.0852542e-05,-2.011322067119181e-06,8.841219932880819e-06,up,0.0,1.0
2026-Q3,ETL开发工程师,归纳与演绎推理,0.0004750397,0.0004703288432210684,-4.710856778931602e-06,down,0.0,8.0
2026-Q3,ETL开发工程师,批判性逻辑思考,0.03832395,0.03971971198916435,0.00139576198916435,up,0.0526,17.0
2026-Q3,ETL开发工程师,提示设计与提示工程,3.081269e-05,5.566852632910013e-05,2.485583632910013e-05,up,0.0,2.0
2026-Q3,ETL开发工程师,操作系统与系统管理,0.023339089,0.02361142262816429,0.000272333628164291,up,0.0,15.0
2026-Q3,ETL开发工程师,数据分析与可视化,0.07977379,0.08022093772888184,0.00044714772888183874,up,0.0702,17.0
2026-Q3,ETL开发工程师,数据管理与数据库,0.12116717,0.12106643617153168,-0.00010073382846832735,down,0.1228,17.0
2026-Q3,ETL开发工程师,时间与资源统筹管理,0.014700771,0.014644143171608448,-5.66278283915516e-05,down,0.0175,16.0
2026-Q3,ETL开发工程师,机器学习与深度学习,-3.2678246e-05,7.696915417909622e-06,4.037516141790962e-05,up,0.0,9.0
2026-Q3,ETL开发工程师,环境适应与压力耐受,0.021318551,0.02069818042218685,-0.00062037057781315,down,0.0,15.0
2026-Q3,ETL开发工程师,生成式AI原理与应用,-3.6239624e-05,1.9891769625246525e-05,5.613139362524652e-05,up,0.0,2.0
2026-Q3,ETL开发工程师,生成式AI应用开发,-3.6239624e-05,-7.25756399333477e-06,2.8982060006665227e-05,up,0.0,2.0
2026-Q3,ETL开发工程师,目标导向与攻坚韧性,0.016653981,0.016418807208538055,-0.0002351737914619463,down,0.0175,16.0
2026-Q3,ETL开发工程师,程序设计与软件工程,0.07870955,0.07826124131679535,-0.000448308683204654,down,0.0877,17.0
2026-Q3,ETL开发工程师,算法与数据结构,0.0011809361,0.0013297665864229202,0.00014883048642292014,up,0.0,10.0
2026-Q3,ETL开发工程师,系统测试与质量评估,0.020934721,0.020986339077353477,5.161807735347759e-05,up,0.0175,17.0
2026-Q3,ETL开发工程师,系统部署交付与运维,0.0337244,0.0338858999311924,0.00016149993119239647,up,0.0702,16.0
2026-Q3,ETL开发工程师,终身学习与知识更新,0.020388044,0.023052139207720757,0.0026640952077207555,up,0.0175,16.0
2026-Q3,ETL开发工程师,网络安全与数据隐私,0.01183657,0.01162636000663042,-0.0002102099933695787,down,0.0175,15.0
2026-Q3,ETL开发工程师,自我监测与工作复盘,0.0013778496,0.0014069362077862024,2.9086607786202442e-05,up,0.0,11.0
2026-Q3,ETL开发工程师,自然语言处理技术,6.342787e-06,8.27717303764075e-06,1.9343860376407505e-06,up,0.0,1.0
2026-Q3,ETL开发工程师,计算数学与数据建模,0.01287007,0.013238541781902313,0.0003684717819023124,up,0.0,15.0
2026-Q3,ETL开发工程师,计算机硬件与数字电路,6.569462e-06,8.082744898274541e-06,1.5132828982745412e-06,up,0.0,2.0
2026-Q3,ETL开发工程师,计算机网络与通信技术,0.008269272,0.007532922551035881,-0.0007363494489641183,down,0.0175,12.0
2026-Q3,ETL开发工程师,说服与分歧谈判,1.158769e-05,1.3120064977556467e-05,1.5323749775564669e-06,up,0.0,2.0
2026-Q3,ETL开发工程师,软件架构与系统设计,0.015811393,0.016241341829299927,0.0004299488292999268,up,0.0175,16.0
2026-Q3,ETL开发工程师,需求洞察与服务意识,0.048002254,0.04780495539307594,-0.00019729860692405815,down,0.0526,17.0
2026-Q3,GIS工程师,AI任务拆解与规划,0.0003513862,0.0003415410756133497,-9.84512438665031e-06,down,0.0,7.0
2026-Q3,GIS工程师,AI智能体构建与编排,1.3814497e-06,2.9984075808897614e-06,1.6169578808897613e-06,up,0.0,1.0
2026-Q3,GIS工程师,AI输出质量评估,3.6275233e-06,4.618021193891764e-06,9.904978938917639e-07,up,0.0,2.0
2026-Q3,GIS工程师,严谨细致与诚信自律,0.0493065,0.04967982694506645,0.0003733269450664489,up,0.0377,17.0
2026-Q3,GIS工程师,书面技术文档撰写,0.06705959,0.06645122915506363,-0.0006083608449363731,down,0.0755,17.0
2026-Q3,GIS工程师,云原生与分布式系统,0.00894757,0.008837129920721054,-0.0001104400792789461,down,0.0094,17.0
2026-Q3,GIS工程师,人机交互与用户体验,0.009853925,0.011000512167811394,0.0011465871678113942,up,0.0094,17.0
2026-Q3,GIS工程师,仿真数据合成,1.3814497e-06,1.3954922906123102e-06,1.404259061231007e-08,up,0.0,1.0
2026-Q3,GIS工程师,信息管理与数字素养,0.0021539843,0.0031748018227517605,0.0010208175227517605,up,0.0,16.0
2026-Q3,GIS工程师,创造力与创新思维,0.009191327,0.009127459488809109,-6.38675111908904e-05,down,0.0,16.0
2026-Q3,GIS工程师,口头技术沟通与汇报,0.07286733,0.07142052054405212,-0.00144680945594787,down,0.0755,17.0
2026-Q3,GIS工程师,团队协作与协调,0.06875925,0.07017930597066879,0.0014200559706687987,up,0.066,17.0
2026-Q3,GIS工程师,图形与交互技术,0.041453097,0.042447809129953384,0.0009947121299533832,up,0.0566,17.0
2026-Q3,GIS工程师,多方权衡与方案决策,0.0011006757,0.001259885262697935,0.00015920956269793512,up,0.0,14.0
2026-Q3,GIS工程师,大数据与分布式计算,0.015350947,0.015501266345381737,0.00015031934538173655,up,0.0283,17.0
2026-Q3,GIS工程师,嵌入式系统与固件开发,0.0004749166,0.0005359235219657421,6.100692196574209e-05,up,0.0,9.0
2026-Q3,GIS工程师,归纳与演绎推理,0.00081182737,0.0007843857165426016,-2.7441653457398445e-05,down,0.0,12.0
2026-Q3,GIS工程师,批判性逻辑思考,0.023358636,0.02296416088938713,-0.00039447511061286786,down,0.0189,17.0
2026-Q3,GIS工程师,操作系统与系统管理,0.0038924366,0.003610274288803339,-0.0002821623111966612,down,0.0,16.0
2026-Q3,GIS工程师,数据分析与可视化,0.07413695,0.07420071214437485,6.376214437485428e-05,up,0.0755,17.0
2026-Q3,GIS工程师,数据管理与数据库,0.076254375,0.07528318464756012,-0.0009711903524398796,down,0.0755,17.0
2026-Q3,GIS工程师,时间与资源统筹管理,0.0006258553,0.0011921599507331848,0.0005663046507331848,up,0.0,16.0
2026-Q3,GIS工程师,机器学习与深度学习,0.015096562,0.015001276507973671,-9.528549202632818e-05,down,0.0189,14.0
2026-Q3,GIS工程师,环境适应与压力耐受,0.030984478,0.03090963140130043,-7.484659869956903e-05,down,0.0189,16.0
2026-Q3,GIS工程师,生成式AI原理与应用,-1.6248196e-06,2.047963789664209e-07,1.829615978966421e-06,up,0.0,1.0
2026-Q3,GIS工程师,生成式AI应用开发,-3.2496391e-06,-1.5115365386009216e-06,1.7381025613990785e-06,up,0.0,1.0
2026-Q3,GIS工程师,目标导向与攻坚韧性,0.024519524,0.024104423820972443,-0.00041510017902755825,down,0.0189,17.0
2026-Q3,GIS工程师,程序设计与软件工程,0.1003072,0.10041302442550659,0.00010582442550659266,up,0.1038,17.0
2026-Q3,GIS工程师,算法与数据结构,0.021487037,0.02073068544268608,-0.0007563515573139196,down,0.0283,17.0
2026-Q3,GIS工程师,系统测试与质量评估,0.019191142,0.019170016050338745,-2.1125949661256194e-05,down,0.0189,17.0
2026-Q3,GIS工程师,系统部署交付与运维,0.0309655,0.030700162053108215,-0.00026533794689178464,down,0.0377,17.0
2026-Q3,GIS工程师,终身学习与知识更新,0.05801708,0.05791835859417915,-9.872140582084521e-05,down,0.0566,17.0
2026-Q3,GIS工程师,网络安全与数据隐私,0.0028668854,0.0028685785364359617,1.6931364359615807e-06,up,0.0,13.0
2026-Q3,GIS工程师,自我监测与工作复盘,0.0032423344,0.003135128179565072,-0.000107206220434928,down,0.0094,14.0
2026-Q3,GIS工程师,计算数学与数据建模,0.015121579,0.015421640127897263,0.000300061127897263,up,0.0094,16.0
2026-Q3,GIS工程师,计算机硬件与数字电路,0.00050238275,0.0005070893676020205,4.706617602020461e-06,up,0.0,9.0
2026-Q3,GIS工程师,计算机网络与通信技术,0.016394673,0.016658253967761993,0.0002635809677619949,up,0.0189,16.0
2026-Q3,GIS工程师,计算机视觉与多模态,0.018826675,0.018609942868351936,-0.0002167321316480647,down,0.0189,17.0
2026-Q3,GIS工程师,说服与分歧谈判,0.0021274434,0.001960235647857189,-0.00016720775214281065,down,0.0094,8.0
2026-Q3,GIS工程师,软件架构与系统设计,0.056334734,0.055421359837055206,-0.0009133741629447911,down,0.0566,17.0
2026-Q3,GIS工程师,需求洞察与服务意识,0.036420543,0.03599553555250168,-0.0004250074474983212,down,0.0472,17.0
2026-Q3,Golang开发工程师,AI任务拆解与规划,0.0005051475,0.0005254149436950684,2.0267443695068344e-05,up,0.0,7.0
2026-Q3,Golang开发工程师,AI安全与风险防控,7.721828e-06,1.438887557014823e-05,6.66704757014823e-06,up,0.0,4.0
2026-Q3,Golang开发工程师,AI幻觉识别与校验,0.00071582873,0.0009526780340820551,0.00023684930408205513,up,0.0025,1.0
2026-Q3,Golang开发工程师,AI智能体构建与编排,0.012953985,0.013133933767676353,0.000179948767676354,up,0.0151,6.0
2026-Q3,Golang开发工程师,RAG与向量数据库,0.002861685,0.0031916163861751556,0.00032993138617515554,up,0.0126,7.0
2026-Q3,Golang开发工程师,严谨细致与诚信自律,0.02632655,0.026518655940890312,0.00019210594089031155,up,0.0252,17.0
2026-Q3,Golang开发工程师,书面技术文档撰写,0.035676416,0.035934995859861374,0.00025857985986137144,up,0.0353,17.0
2026-Q3,Golang开发工程师,云原生与分布式系统,0.06237824,0.0626097023487091,0.00023146234870910498,up,0.0554,17.0
2026-Q3,Golang开发工程师,人机交互与用户体验,0.012774632,0.01227586530148983,-0.0004987666985101693,down,0.0151,17.0
2026-Q3,Golang开发工程师,人机语义对齐与协同,1.1528318e-06,8.316797902807593e-06,7.163966102807594e-06,up,0.0,2.0
2026-Q3,Golang开发工程师,仿真数据合成,8.369505e-05,0.00011687149526551366,3.3176445265513664e-05,up,0.0025,2.0
2026-Q3,Golang开发工程师,信息管理与数字素养,0.0024447427,0.0025260155089199543,8.127280891995431e-05,up,0.0025,16.0
2026-Q3,Golang开发工程师,创造力与创新思维,0.008016107,0.0083659952506423,0.0003498882506422999,up,0.0025,17.0
2026-Q3,Golang开发工程师,口头技术沟通与汇报,0.035246376,0.035160329192876816,-8.604680712318707e-05,down,0.0353,17.0
2026-Q3,Golang开发工程师,团队协作与协调,0.06705306,0.06687982380390167,-0.0001732361960983253,down,0.0655,17.0
2026-Q3,Golang开发工程师,图形与交互技术,0.0048241476,0.004793891683220863,-3.0255916779136846e-05,down,0.0076,12.0
2026-Q3,Golang开发工程师,多方权衡与方案决策,0.0045748055,0.004844889510422945,0.0002700840104229449,up,0.0025,15.0
2026-Q3,Golang开发工程师,大数据与分布式计算,0.0043383874,0.004361450672149658,2.3063272149658094e-05,up,0.0025,17.0
2026-Q3,Golang开发工程师,大模型开发与微调,0.016376752,0.016531948000192642,0.00015519600019264085,up,0.0126,4.0
2026-Q3,Golang开发工程师,大模型选型与评测,0.0014493115,0.0015279699582606554,7.865845826065545e-05,up,0.005,5.0
2026-Q3,Golang开发工程师,嵌入式系统与固件开发,0.011537261,0.011590640060603619,5.337906060361858e-05,up,0.0227,16.0
2026-Q3,Golang开发工程师,归纳与演绎推理,0.00058380206,0.0006144192884676158,3.061722846761585e-05,up,0.0,12.0
2026-Q3,Golang开发工程师,批判性逻辑思考,0.030308664,0.03016461431980133,-0.00014404968019866848,down,0.0277,17.0
2026-Q3,Golang开发工程师,提示设计与提示工程,0.001268117,0.0011192879173904657,-0.0001488290826095343,down,0.0025,5.0
2026-Q3,Golang开发工程师,操作系统与系统管理,0.049688242,0.04972011223435402,3.1870234354018645e-05,up,0.0504,17.0
2026-Q3,Golang开发工程师,数据分析与可视化,0.00302089,0.003417268395423889,0.0003963783954238891,up,0.0025,17.0
2026-Q3,Golang开发工程师,数据管理与数据库,0.06505466,0.0648268461227417,-0.00022781387725830105,down,0.0756,17.0
2026-Q3,Golang开发工程师,时间与资源统筹管理,0.004301374,0.004213889129459858,-8.748487054014223e-05,down,0.005,16.0
2026-Q3,Golang开发工程师,机器学习与深度学习,0.009270389,0.009241286665201187,-2.9102334798813273e-05,down,0.0101,16.0
2026-Q3,Golang开发工程师,环境适应与压力耐受,0.010376573,0.010307015851140022,-6.955714885997777e-05,down,0.0101,17.0
2026-Q3,Golang开发工程师,生成式AI原理与应用,0.0047915326,0.0047537656500935555,-3.776694990644414e-05,down,0.0076,10.0
2026-Q3,Golang开发工程师,生成式AI应用开发,0.006309914,0.006274557672441006,-3.5356327558994094e-05,down,0.0076,14.0
2026-Q3,Golang开发工程师,目标导向与攻坚韧性,0.027335634,0.02737172693014145,3.609293014144796e-05,up,0.0302,17.0
2026-Q3,Golang开发工程师,程序设计与软件工程,0.09264558,0.09254159033298492,-0.00010398966701508083,down,0.0932,17.0
2026-Q3,Golang开发工程师,算法与数据结构,0.034982048,0.03521174192428589,0.00022969392428588697,up,0.0378,17.0
2026-Q3,Golang开发工程师,系统测试与质量评估,0.040732887,0.04061846435070038,-0.00011442264929962392,down,0.0428,17.0
2026-Q3,Golang开发工程师,系统部署交付与运维,0.04197144,0.04182146489620209,-0.00014997510379791135,down,0.0378,17.0
2026-Q3,Golang开发工程师,终身学习与知识更新,0.043983795,0.04417986050248146,0.00019606550248146143,up,0.0453,17.0
2026-Q3,Golang开发工程师,网络安全与数据隐私,0.015749475,0.016108565032482147,0.0003590900324821483,up,0.0151,17.0
2026-Q3,Golang开发工程师,自我监测与工作复盘,0.0025900821,0.0025979543570429087,7.872257042908573e-06,up,0.0025,15.0
2026-Q3,Golang开发工程师,自然语言处理技术,0.0011888335,0.0012828211765736341,9.398767657363416e-05,up,0.0076,8.0
2026-Q3,Golang开发工程师,计算数学与数据建模,0.005269422,0.005289631895720959,2.020989572095854e-05,up,0.005,12.0
2026-Q3,Golang开发工程师,计算机硬件与数字电路,0.0044561415,0.004441176541149616,-1.4964958850383764e-05,down,0.005,14.0
2026-Q3,Golang开发工程师,计算机网络与通信技术,0.058445305,0.058033138513565063,-0.00041216648643493947,down,0.063,17.0
2026-Q3,Golang开发工程师,计算机视觉与多模态,0.0026439757,0.0027030662167817354,5.9090516781735384e-05,up,0.0025,13.0
2026-Q3,Golang开发工程师,说服与分歧谈判,2.2703738e-05,2.1685569663532078e-05,-1.0181683364679232e-06,down,0.0,2.0
2026-Q3,Golang开发工程师,负责任AI与可解释性,-1.6248196e-06,4.248940967954695e-07,2.0497136967954696e-06,up,0.0,1.0
2026-Q3,Golang开发工程师,软件架构与系统设计,0.07697002,0.0773116797208786,0.00034165972087860097,up,0.0756,17.0
2026-Q3,Golang开发工程师,需求洞察与服务意识,0.018252656,0.01906699314713478,0.0008143371471347818,up,0.0151,17.0
2026-Q3,HTML5开发工程师,AI任务拆解与规划,0.00047724275,0.0004273977829143405,-4.98449670856595e-05,down,0.0,4.0
2026-Q3,HTML5开发工程师,严谨细致与诚信自律,0.0076030847,0.005406387150287628,-0.002196697549712372,down,0.0,10.0
2026-Q3,HTML5开发工程师,书面技术文档撰写,0.003103422,0.002932664006948471,-0.00017075799305152914,down,0.0,10.0
2026-Q3,HTML5开发工程师,云原生与分布式系统,3.9087434e-05,4.949787398800254e-05,1.0410439988002538e-05,up,0.0,4.0
2026-Q3,HTML5开发工程师,人机交互与用户体验,0.027569495,0.036310624331235886,0.008741129331235886,up,0.0,12.0
2026-Q3,HTML5开发工程师,信息管理与数字素养,-1.1095952e-05,-5.452660843729973e-06,5.643291156270028e-06,up,0.0,1.0
2026-Q3,HTML5开发工程师,创造力与创新思维,0.006588637,0.0068109286949038506,0.00022229169490385094,up,0.0,10.0
2026-Q3,HTML5开发工程师,口头技术沟通与汇报,0.03517783,0.0414925143122673,0.006314684312267303,up,0.0,12.0
2026-Q3,HTML5开发工程师,团队协作与协调,0.05059162,0.05505087226629257,0.004459252266292575,up,0.0,12.0
2026-Q3,HTML5开发工程师,图形与交互技术,0.0045769894,0.005364761222153902,0.0007877718221539019,up,0.0,9.0
2026-Q3,HTML5开发工程师,多方权衡与方案决策,0.00016353466,0.0001953626051545143,3.182794515451431e-05,up,0.0,7.0
2026-Q3,HTML5开发工程师,嵌入式系统与固件开发,3.311588e-05,3.6854122299700975e-05,3.7382422997009776e-06,up,0.0,1.0
2026-Q3,HTML5开发工程师,归纳与演绎推理,1.3245706e-05,1.884109224192798e-05,5.595386241927981e-06,up,0.0,2.0
2026-Q3,HTML5开发工程师,批判性逻辑思考,0.014722563,0.013385096564888954,-0.0013374664351110451,down,0.0,12.0
2026-Q3,HTML5开发工程师,操作系统与系统管理,0.00030000228,0.0003742687404155731,7.42664604155731e-05,up,0.0,7.0
2026-Q3,HTML5开发工程师,数据分析与可视化,-1.4607969e-05,6.437185220420361e-07,1.5251687522042036e-05,up,0.0,3.0
2026-Q3,HTML5开发工程师,数据管理与数据库,0.0013901014,0.0013129180297255516,-7.718337027444845e-05,down,0.0,7.0
2026-Q3,HTML5开发工程师,时间与资源统筹管理,-0.0001447536,-8.787540718913078e-05,5.687819281086922e-05,up,0.0,7.0
2026-Q3,HTML5开发工程师,环境适应与压力耐受,0.00042901933,0.0007973574101924896,0.00036833808019248965,up,0.0,9.0
2026-Q3,HTML5开发工程师,生成式AI原理与应用,-1.395747e-06,5.500507541000843e-06,6.896254541000843e-06,up,0.0,1.0
2026-Q3,HTML5开发工程师,生成式AI应用开发,3.166299e-05,5.932024214416742e-05,2.7657252144167426e-05,up,0.0,1.0
2026-Q3,HTML5开发工程师,目标导向与攻坚韧性,0.0013892548,0.0017634527757763863,0.0003741979757763863,up,0.0,9.0
2026-Q3,HTML5开发工程师,程序设计与软件工程,0.024896197,0.027607373893260956,0.0027111768932609574,up,0.0,12.0
2026-Q3,HTML5开发工程师,算法与数据结构,5.540205e-05,0.00012453412637114525,6.913207637114525e-05,up,0.0,7.0
2026-Q3,HTML5开发工程师,系统测试与质量评估,0.0047944095,0.0061293188482522964,0.0013349093482522964,up,0.0,11.0
2026-Q3,HTML5开发工程师,系统部署交付与运维,0.0012267502,0.001168303657323122,-5.844654267687802e-05,down,0.0,7.0
2026-Q3,HTML5开发工程师,终身学习与知识更新,0.0323883,0.04464263468980789,0.01225433468980789,up,0.0,12.0
2026-Q3,HTML5开发工程师,网络安全与数据隐私,7.001846e-05,8.264719508588314e-05,1.2628735085883143e-05,up,0.0,6.0
2026-Q3,HTML5开发工程师,自我监测与工作复盘,3.1156e-05,6.16864999756217e-05,3.05304999756217e-05,up,0.0,5.0
2026-Q3,HTML5开发工程师,计算数学与数据建模,9.401975e-05,0.00010404369095340371,1.0023940953403718e-05,up,0.0,1.0
2026-Q3,HTML5开发工程师,计算机硬件与数字电路,1.2585253e-05,1.4070712495595217e-05,1.4854594955952174e-06,up,0.0,3.0
2026-Q3,HTML5开发工程师,计算机网络与通信技术,9.66806e-05,0.0003189835697412491,0.00022230296974124907,up,0.0,9.0
2026-Q3,HTML5开发工程师,说服与分歧谈判,4.3697364e-05,4.844280192628503e-05,4.7454379262850275e-06,up,0.0,3.0
2026-Q3,HTML5开发工程师,软件架构与系统设计,0.007498443,0.01008506491780281,0.002586621917802811,up,0.0,11.0
2026-Q3,HTML5开发工程师,需求洞察与服务意识,0.0020906283,0.001701192930340767,-0.00038943536965923295,down,0.0,10.0
2026-Q3,IT技术支持,AI任务拆解与规划,0.00038034786,0.0003966060758102685,1.6258215810268533e-05,up,0.0007,10.0
2026-Q3,IT技术支持,AI安全与风险防控,4.032685e-06,5.048583261668682e-06,1.015898261668682e-06,up,0.0,8.0
2026-Q3,IT技术支持,AI智能体构建与编排,0.0008343825,0.0008442939724773169,9.911472477316854e-06,up,0.0007,3.0
2026-Q3,IT技术支持,AI输出质量评估,2.6688904e-06,2.7482346922624856e-06,7.934429226248574e-08,up,0.0,3.0
2026-Q3,IT技术支持,RAG与向量数据库,-2.2070162e-07,6.571208359673619e-07,8.778224559673619e-07,up,0.0,2.0
2026-Q3,IT技术支持,严谨细致与诚信自律,0.06822335,0.0682021826505661,-2.1167349433900973e-05,down,0.0679,17.0
2026-Q3,IT技术支持,书面技术文档撰写,0.043292176,0.04318265989422798,-0.00010951610577202009,down,0.0475,17.0
2026-Q3,IT技术支持,云原生与分布式系统,0.009260217,0.009105619043111801,-0.00015459795688819826,down,0.0073,17.0
2026-Q3,IT技术支持,人机交互与用户体验,0.0040288446,0.004064186010509729,3.5341410509729006e-05,up,0.004,16.0
2026-Q3,IT技术支持,人机语义对齐与协同,0.0017589794,0.001829278888180852,7.029948818085188e-05,up,0.0013,2.0
2026-Q3,IT技术支持,信息管理与数字素养,0.033190925,0.03304224833846092,-0.00014867666153908082,down,0.033,17.0
2026-Q3,IT技术支持,创造力与创新思维,0.004811408,0.004769599065184593,-4.180893481540646e-05,down,0.0059,17.0
2026-Q3,IT技术支持,口头技术沟通与汇报,0.07155235,0.07183876633644104,0.00028641633644103937,up,0.0732,17.0
2026-Q3,IT技术支持,团队协作与协调,0.07498853,0.07516073435544968,0.00017220435544967883,up,0.0739,17.0
2026-Q3,IT技术支持,图形与交互技术,0.0018251562,0.00184203265234828,1.6876452348280014e-05,up,0.002,16.0
2026-Q3,IT技术支持,多方权衡与方案决策,0.006245772,0.0063408068381249905,9.503483812499033e-05,up,0.0059,17.0
2026-Q3,IT技术支持,大数据与分布式计算,0.00014315982,0.00014521900448016822,2.059184480168231e-06,up,0.0,12.0
2026-Q3,IT技术支持,大模型开发与微调,-7.381095e-08,1.7796492102206685e-07,2.5177587102206685e-07,up,0.0,1.0
2026-Q3,IT技术支持,大模型选型与评测,1.4255347e-06,2.7341811801306903e-06,1.3086464801306903e-06,up,0.0,4.0
2026-Q3,IT技术支持,嵌入式系统与固件开发,0.00852054,0.008523494005203247,2.954005203247012e-06,up,0.0079,17.0
2026-Q3,IT技术支持,归纳与演绎推理,0.0006691998,0.0006839648704044521,1.4765070404452042e-05,up,0.0007,16.0
2026-Q3,IT技术支持,批判性逻辑思考,0.021459157,0.0211135596036911,-0.00034559739630889846,down,0.0172,17.0
2026-Q3,IT技术支持,提示设计与提示工程,-6.3724e-06,-5.504422006197274e-06,8.679779938027264e-07,up,0.0,2.0
2026-Q3,IT技术支持,操作系统与系统管理,0.101129524,0.10119029879570007,6.0774795700074824e-05,up,0.0983,17.0
2026-Q3,IT技术支持,数据分析与可视化,0.012556544,0.012520411983132362,-3.613201686763698e-05,down,0.0125,17.0
2026-Q3,IT技术支持,数据管理与数据库,0.040002074,0.03985494747757912,-0.00014712652242088176,down,0.0396,17.0
2026-Q3,IT技术支持,时间与资源统筹管理,0.017776873,0.017557412385940552,-0.00021946061405944683,down,0.0165,17.0
2026-Q3,IT技术支持,机器学习与深度学习,0.00058717246,0.000567834940738976,-1.9337519261023958e-05,down,0.0013,10.0
2026-Q3,IT技术支持,环境适应与压力耐受,0.03773012,0.037624046206474304,-0.00010607379352569474,down,0.0383,17.0
2026-Q3,IT技术支持,生成式AI原理与应用,0.0017392661,0.0017416335176676512,2.3674176676511966e-06,up,0.002,5.0
2026-Q3,IT技术支持,生成式AI应用开发,0.0019727505,0.002034893725067377,6.214322506737724e-05,up,0.0026,8.0
2026-Q3,IT技术支持,目标导向与攻坚韧性,0.023336558,0.023270178586244583,-6.637941375541717e-05,down,0.0231,17.0
2026-Q3,IT技术支持,程序设计与软件工程,0.028010976,0.02802017331123352,9.197311233520578e-06,up,0.0257,17.0
2026-Q3,IT技术支持,算法与数据结构,0.0002686373,0.00028083761571906507,1.2200315719065066e-05,up,0.0,12.0
2026-Q3,IT技术支持,系统测试与质量评估,0.012163649,0.012212192639708519,4.8543639708518646e-05,up,0.0125,17.0
2026-Q3,IT技术支持,系统部署交付与运维,0.066807255,0.06659640371799469,-0.000210851282005306,down,0.0726,17.0
2026-Q3,IT技术支持,终身学习与知识更新,0.041759886,0.04209034517407417,0.00033045917407416997,up,0.0435,17.0
2026-Q3,IT技术支持,网络安全与数据隐私,0.06753009,0.06744953244924545,-8.055755075454807e-05,down,0.0699,17.0
2026-Q3,IT技术支持,自我监测与工作复盘,0.0048948345,0.004898563958704472,3.729458704471167e-06,up,0.0046,17.0
2026-Q3,IT技术支持,自然语言处理技术,2.2944732e-07,-4.325047484599054e-07,-6.619520684599054e-07,down,0.0,4.0
2026-Q3,IT技术支持,计算数学与数据建模,0.00030041294,0.0002668627130333334,-3.3550226966666573e-05,down,0.0007,9.0
2026-Q3,IT技术支持,计算机硬件与数字电路,0.03465892,0.03445298969745636,-0.00020593030254364292,down,0.035,17.0
2026-Q3,IT技术支持,计算机网络与通信技术,0.08792904,0.08729331940412521,-0.0006357205958747864,down,0.0844,17.0
2026-Q3,IT技术支持,计算机视觉与多模态,0.00038334873,0.0003829615598078817,-3.8717019211828704e-07,down,0.0007,13.0
2026-Q3,IT技术支持,说服与分歧谈判,0.0020114374,0.001982638379558921,-2.879902044107931e-05,down,0.002,16.0
2026-Q3,IT技术支持,负责任AI与可解释性,0.0022279455,0.0022031995467841625,-2.4745953215837488e-05,down,0.002,7.0
2026-Q3,IT技术支持,软件架构与系统设计,0.004985496,0.005008765961974859,2.3269961974859386e-05,up,0.0059,17.0
2026-Q3,IT技术支持,需求洞察与服务意识,0.05776929,0.05814465135335922,0.0003753613533592215,up,0.0574,17.0
2026-Q3,IT经理/IT主管,AI任务拆解与规划,0.001772281,0.0017928325105458498,2.05515105458499e-05,up,0.0012,16.0
2026-Q3,IT经理/IT主管,AI安全与风险防控,0.002470775,0.002669042907655239,0.00019826790765523896,up,0.0036,15.0
2026-Q3,IT经理/IT主管,AI智能体构建与编排,0.0001667732,0.0002766620018519461,0.0001098888018519461,up,0.0012,3.0
2026-Q3,IT经理/IT主管,AI输出质量评估,-1.1977027e-06,7.365306373685598e-07,1.93423333736856e-06,up,0.0,3.0
2026-Q3,IT经理/IT主管,RAG与向量数据库,0.0010397766,0.0010874137515202165,4.763715152021641e-05,up,0.0012,3.0
2026-Q3,IT经理/IT主管,严谨细致与诚信自律,0.037584923,0.037648338824510574,6.341582451057509e-05,up,0.0384,17.0
2026-Q3,IT经理/IT主管,书面技术文档撰写,0.03381463,0.034373797476291656,0.0005591674762916582,up,0.0228,17.0
2026-Q3,IT经理/IT主管,云原生与分布式系统,0.027677119,0.027542687952518463,-0.0001344310474815369,down,0.0276,17.0
2026-Q3,IT经理/IT主管,人机交互与用户体验,0.002114213,0.002180138835683465,6.59258356834648e-05,up,0.0024,15.0
2026-Q3,IT经理/IT主管,人机语义对齐与协同,0.0012135335,0.0012451453367248178,3.161183672481765e-05,up,0.0012,4.0
2026-Q3,IT经理/IT主管,仿真数据合成,1.1831435e-07,2.194228727603331e-06,2.0759143776033313e-06,up,0.0,1.0
2026-Q3,IT经理/IT主管,信息管理与数字素养,0.021844232,0.021802721545100212,-4.151045489978952e-05,down,0.0228,17.0
2026-Q3,IT经理/IT主管,创造力与创新思维,0.011992812,0.012081529945135117,8.871794513511631e-05,up,0.0156,17.0
2026-Q3,IT经理/IT主管,口头技术沟通与汇报,0.055061344,0.05695260688662529,0.0018912628866252917,up,0.0516,17.0
2026-Q3,IT经理/IT主管,团队协作与协调,0.074823275,0.07512570917606354,0.00030243417606354295,up,0.0732,17.0
2026-Q3,IT经理/IT主管,图形与交互技术,5.433267e-07,1.7550119082443416e-06,1.2116852082443416e-06,up,0.0,1.0
2026-Q3,IT经理/IT主管,多方权衡与方案决策,0.048625715,0.04856029897928238,-6.541602071762076e-05,down,0.0444,17.0
2026-Q3,IT经理/IT主管,大数据与分布式计算,0.0046153814,0.004555350635200739,-6.003076479926123e-05,down,0.0048,17.0
2026-Q3,IT经理/IT主管,大模型开发与微调,-4.4286207e-07,1.0677867976482958e-06,1.5106488676482956e-06,up,0.0,1.0
2026-Q3,IT经理/IT主管,大模型选型与评测,0.0011643216,0.0011348484549671412,-2.94731450328589e-05,down,0.0012,2.0
2026-Q3,IT经理/IT主管,嵌入式系统与固件开发,0.00305052,0.003033930202946067,-1.6589797053933285e-05,down,0.0024,17.0
2026-Q3,IT经理/IT主管,归纳与演绎推理,0.0028024127,0.0028212498873472214,1.883718734722135e-05,up,0.0036,12.0
2026-Q3,IT经理/IT主管,批判性逻辑思考,0.02993093,0.029941555112600327,1.0625112600325115e-05,up,0.024,17.0
2026-Q3,IT经理/IT主管,提示设计与提示工程,3.2982934e-06,4.983015969628468e-06,1.6847225696284681e-06,up,0.0,2.0
2026-Q3,IT经理/IT主管,操作系统与系统管理,0.05840055,0.05824742838740349,-0.0001531216125965143,down,0.0576,17.0
2026-Q3,IT经理/IT主管,数据分析与可视化,0.020491954,0.020794648677110672,0.00030269467711067227,up,0.0216,17.0
2026-Q3,IT经理/IT主管,数据管理与数据库,0.051538303,0.051271628588438034,-0.00026667441156196653,down,0.048,17.0
2026-Q3,IT经理/IT主管,时间与资源统筹管理,0.055683397,0.0553656667470932,-0.00031773025290680185,down,0.0552,17.0
2026-Q3,IT经理/IT主管,机器学习与深度学习,0.005526535,0.005588233470916748,6.169847091674809e-05,up,0.006,13.0
2026-Q3,IT经理/IT主管,环境适应与压力耐受,0.025045633,0.024994466453790665,-5.11665462093365e-05,down,0.0252,17.0
2026-Q3,IT经理/IT主管,生成式AI原理与应用,0.0006244836,0.0006413205992430449,1.683699924304486e-05,up,0.0048,7.0
2026-Q3,IT经理/IT主管,生成式AI应用开发,0.0020233537,0.0018005867023020983,-0.00022276699769790183,down,0.0048,9.0
2026-Q3,IT经理/IT主管,目标导向与攻坚韧性,0.03669141,0.03665172681212425,-3.968318787574837e-05,down,0.0372,17.0
2026-Q3,IT经理/IT主管,程序设计与软件工程,0.035017185,0.035131487995386124,0.00011430299538612437,up,0.0372,17.0
2026-Q3,IT经理/IT主管,算法与数据结构,0.00064598676,0.000500462600030005,-0.000145524159969995,down,0.0012,6.0
2026-Q3,IT经理/IT主管,系统测试与质量评估,0.0077923974,0.007790228817611933,-2.1685823880669003e-06,down,0.0072,17.0
2026-Q3,IT经理/IT主管,系统部署交付与运维,0.0710992,0.07119853794574738,9.93379457473742e-05,up,0.0732,17.0
2026-Q3,IT经理/IT主管,终身学习与知识更新,0.031072976,0.03098536655306816,-8.760944693183767e-05,down,0.036,17.0
2026-Q3,IT经理/IT主管,网络安全与数据隐私,0.06630244,0.06622134894132614,-8.109105867386279e-05,down,0.0696,17.0
2026-Q3,IT经理/IT主管,自我监测与工作复盘,0.01222687,0.012270900420844555,4.403042084455411e-05,up,0.0108,17.0
2026-Q3,IT经理/IT主管,自然语言处理技术,0.00075398,0.000630067428573966,-0.000123912571426034,down,0.0012,6.0
2026-Q3,IT经理/IT主管,计算数学与数据建模,0.00066459726,0.0006042668246664107,-6.033043533358931e-05,down,0.0012,9.0
2026-Q3,IT经理/IT主管,计算机硬件与数字电路,0.011126787,0.010907016694545746,-0.00021977030545425498,down,0.0108,17.0
2026-Q3,IT经理/IT主管,计算机网络与通信技术,0.062366143,0.06234245002269745,-2.3692977302550156e-05,down,0.06,17.0
2026-Q3,IT经理/IT主管,计算机视觉与多模态,-5.2730466e-06,-2.9656366677954793e-06,2.3074099322045205e-06,up,0.0,3.0
2026-Q3,IT经理/IT主管,说服与分歧谈判,0.010040703,0.009951425716280937,-8.927728371906259e-05,down,0.0108,17.0
2026-Q3,IT经理/IT主管,负责任AI与可解释性,1.4759309e-05,1.587040605954826e-05,1.111097059548258e-06,up,0.0,5.0
2026-Q3,IT经理/IT主管,软件架构与系统设计,0.022625975,0.022486727684736252,-0.00013924731526374773,down,0.0252,17.0
2026-Q3,IT经理/IT主管,需求洞察与服务意识,0.05351899,0.054131802171468735,0.0006128121714687323,up,0.0516,17.0
2026-Q3,Java开发工程师,AI任务拆解与规划,0.001724863,0.0017331686103716493,8.305610371649175e-06,up,0.0018,17.0
2026-Q3,Java开发工程师,AI安全与风险防控,4.365365e-05,4.693584924098104e-05,3.2821992409810406e-06,up,0.0,13.0
2026-Q3,Java开发工程师,AI幻觉识别与校验,0.0003478001,0.0003518282319419086,4.028131941908621e-06,up,0.0004,3.0
2026-Q3,Java开发工程师,AI智能体构建与编排,0.0029271476,0.0030712601728737354,0.0001441125728737355,up,0.0032,13.0
2026-Q3,Java开发工程师,AI输出质量评估,0.0006101092,0.000595234043430537,-1.4875156569463038e-05,down,0.0007,7.0
2026-Q3,Java开发工程师,RAG与向量数据库,0.0016182349,0.0016190058086067438,7.709086067438607e-07,up,0.0018,11.0
2026-Q3,Java开发工程师,严谨细致与诚信自律,0.04123428,0.04117682948708534,-5.745051291465575e-05,down,0.0412,17.0
2026-Q3,Java开发工程师,书面技术文档撰写,0.049867716,0.04989101365208626,2.3297652086258502e-05,up,0.0501,17.0
2026-Q3,Java开发工程师,云原生与分布式系统,0.041876018,0.04200035706162453,0.00012433906162452601,up,0.0419,17.0
2026-Q3,Java开发工程师,人机交互与用户体验,0.014612222,0.01462588831782341,1.366631782341067e-05,up,0.015,17.0
2026-Q3,Java开发工程师,人机语义对齐与协同,0.0024779914,0.0024732949677854776,-4.696432214522199e-06,down,0.0025,7.0
2026-Q3,Java开发工程师,仿真数据合成,6.465034e-06,4.868015821557492e-06,-1.5970181784425076e-06,down,0.0,5.0
2026-Q3,Java开发工程师,信息管理与数字素养,0.0028944649,0.002869535470381379,-2.4929429618620984e-05,down,0.0021,17.0
2026-Q3,Java开发工程师,创造力与创新思维,0.008097962,0.008125286549329758,2.7324549329757475e-05,up,0.0079,17.0
2026-Q3,Java开发工程师,口头技术沟通与汇报,0.056072067,0.056118760257959366,4.669325795936263e-05,up,0.0562,17.0
2026-Q3,Java开发工程师,团队协作与协调,0.07501015,0.07506417483091354,5.402483091354604e-05,up,0.0755,17.0
2026-Q3,Java开发工程师,图形与交互技术,0.00066394586,0.0006648868438787758,9.409838787758154e-07,up,0.0007,16.0
2026-Q3,Java开发工程师,多方权衡与方案决策,0.011085031,0.011121825315058231,3.6794315058230956e-05,up,0.0118,17.0
2026-Q3,Java开发工程师,大数据与分布式计算,0.0087804,0.008863316848874092,8.29168488740914e-05,up,0.0079,17.0
2026-Q3,Java开发工程师,大模型开发与微调,0.00043714626,0.00043973562424071133,2.5893642407113214e-06,up,0.0004,8.0
2026-Q3,Java开发工程师,大模型选型与评测,0.0009127942,0.0008972511277534068,-1.554307224659328e-05,down,0.0007,12.0
2026-Q3,Java开发工程师,嵌入式系统与固件开发,0.006043979,0.006028932984918356,-1.504601508164373e-05,down,0.0057,17.0
2026-Q3,Java开发工程师,异构模态组合与泛化能力,4.6904825e-07,1.0375260899309069e-06,5.684778399309069e-07,up,0.0,3.0
2026-Q3,Java开发工程师,归纳与演绎推理,0.0017936251,0.0017999663250520825,6.341225052082641e-06,up,0.0018,17.0
2026-Q3,Java开发工程师,批判性逻辑思考,0.042795103,0.042745813727378845,-4.928927262115579e-05,down,0.044,17.0
2026-Q3,Java开发工程师,提示设计与提示工程,0.0036983064,0.003730674274265766,3.236787426576628e-05,up,0.0032,9.0
2026-Q3,Java开发工程师,操作系统与系统管理,0.030731052,0.03067338466644287,-5.766733355712719e-05,down,0.0315,17.0
2026-Q3,Java开发工程师,数据分析与可视化,0.009266876,0.008924555033445358,-0.000342320966554642,down,0.0111,17.0
2026-Q3,Java开发工程师,数据管理与数据库,0.077852614,0.07761671394109726,-0.00023590005890274102,down,0.0784,17.0
2026-Q3,Java开发工程师,时间与资源统筹管理,0.015406943,0.015440544113516808,3.360111351680822e-05,up,0.014,17.0
2026-Q3,Java开发工程师,机器学习与深度学习,0.0054591363,0.005332831293344498,-0.0001263050066555027,down,0.0054,17.0
2026-Q3,Java开发工程师,环境适应与压力耐受,0.02528577,0.02520429529249668,-8.147470750331787e-05,down,0.0247,17.0
2026-Q3,Java开发工程师,生成式AI原理与应用,0.0031167243,0.003241439815610647,0.00012471551561064713,up,0.0029,12.0
2026-Q3,Java开发工程师,生成式AI应用开发,0.011338024,0.01167649868875742,0.0003384746887574192,up,0.01,17.0
2026-Q3,Java开发工程师,目标导向与攻坚韧性,0.023810305,0.02377382107079029,-3.6483929209709526e-05,down,0.0236,17.0
2026-Q3,Java开发工程师,程序设计与软件工程,0.09881438,0.09918983280658722,0.0003754528065872259,up,0.101,17.0
2026-Q3,Java开发工程师,算法与数据结构,0.0218323,0.02186909131705761,3.679131705761063e-05,up,0.0222,17.0
2026-Q3,Java开发工程师,系统测试与质量评估,0.053084936,0.0530770868062973,-7.849193702696988e-06,down,0.053,17.0
2026-Q3,Java开发工程师,系统部署交付与运维,0.04259875,0.042524680495262146,-7.406950473785173e-05,down,0.0462,17.0
2026-Q3,Java开发工程师,终身学习与知识更新,0.0480294,0.04802485555410385,-4.544445896148552e-06,down,0.0473,17.0
2026-Q3,Java开发工程师,网络安全与数据隐私,0.0115536535,0.0116638308390975,0.00011017733909749958,up,0.0115,17.0
2026-Q3,Java开发工程师,自我监测与工作复盘,0.0039853333,0.004005079623311758,1.9746323311757748e-05,up,0.0039,17.0
2026-Q3,Java开发工程师,自然语言处理技术,0.0004736938,0.0004659923433791846,-7.701456620815418e-06,down,0.0004,17.0
2026-Q3,Java开发工程师,计算数学与数据建模,0.0037161452,0.0036374437622725964,-7.870143772740383e-05,down,0.0039,17.0
2026-Q3,Java开发工程师,计算机硬件与数字电路,0.00073858106,0.0007208828465081751,-1.7698213491824824e-05,down,0.0014,17.0
2026-Q3,Java开发工程师,计算机网络与通信技术,0.022995386,0.022799750789999962,-0.00019563521000003775,down,0.0247,17.0
2026-Q3,Java开发工程师,计算机视觉与多模态,0.0006766961,0.000680123979691416,3.427879691416031e-06,up,0.0007,17.0
2026-Q3,Java开发工程师,说服与分歧谈判,0.0008781535,0.0008687330409884453,-9.420459011554678e-06,down,0.0007,17.0
2026-Q3,Java开发工程师,负责任AI与可解释性,0.000108245964,0.00010788431973196566,-3.6164426803434054e-07,down,0.0004,7.0
2026-Q3,Java开发工程师,软件架构与系统设计,0.071566924,0.07182072848081589,0.00025380448081588347,up,0.0698,17.0
2026-Q3,Java开发工程师,需求洞察与服务意识,0.034903523,0.03458354249596596,-0.00031998050403404116,down,0.0347,17.0
2026-Q3,Node.js开发工程师,AI任务拆解与规划,1.863233e-05,1.9863189663738012e-05,1.2308596637380124e-06,up,0.0,2.0
2026-Q3,Node.js开发工程师,AI智能体构建与编排,-7.308368e-05,0.00011798366904258728,0.00019106734904258726,up,0.0,2.0
2026-Q3,Node.js开发工程师,严谨细致与诚信自律,0.028700752,0.028858516365289688,0.0001577643652896886,up,0.0,15.0
2026-Q3,Node.js开发工程师,书面技术文档撰写,0.047084045,0.04704587534070015,-3.8169659299848446e-05,down,0.0435,16.0
2026-Q3,Node.js开发工程师,云原生与分布式系统,0.046869766,0.04619581624865532,-0.000673949751344681,down,0.0435,16.0
2026-Q3,Node.js开发工程师,人机交互与用户体验,0.032001313,0.03149626776576042,-0.0005050452342395817,down,0.0435,14.0
2026-Q3,Node.js开发工程师,信息管理与数字素养,0.00035254145,0.0004920491483062506,0.00013950769830625058,up,0.0,7.0
2026-Q3,Node.js开发工程师,创造力与创新思维,0.020176537,0.02007165178656578,-0.00010488521343422069,down,0.0435,12.0
2026-Q3,Node.js开发工程师,口头技术沟通与汇报,0.031679854,0.035142168402671814,0.0034623144026718136,up,0.0217,17.0
2026-Q3,Node.js开发工程师,团队协作与协调,0.07190045,0.07275523245334625,0.0008547824533462478,up,0.0435,17.0
2026-Q3,Node.js开发工程师,图形与交互技术,0.00043612625,0.000481046037748456,4.491978774845602e-05,up,0.0,8.0
2026-Q3,Node.js开发工程师,多方权衡与方案决策,0.0021099546,0.0022547775879502296,0.00014482298795022962,up,0.0,12.0
2026-Q3,Node.js开发工程师,大数据与分布式计算,0.0006012912,0.0006444898899644613,4.319868996446137e-05,up,0.0,9.0
2026-Q3,Node.js开发工程师,大模型选型与评测,0.030047333,0.02981359139084816,-0.0002337416091518392,down,0.0217,2.0
2026-Q3,Node.js开发工程师,嵌入式系统与固件开发,0.002979681,0.00306369224563241,8.401124563240997e-05,up,0.0,11.0
2026-Q3,Node.js开发工程师,归纳与演绎推理,2.562732e-05,2.3281609173864126e-05,-2.345710826135873e-06,down,0.0,3.0
2026-Q3,Node.js开发工程师,批判性逻辑思考,0.03172364,0.03171512112021446,-8.518879785535116e-06,down,0.0217,15.0
2026-Q3,Node.js开发工程师,提示设计与提示工程,-2.316304e-05,-1.4504592400044203e-05,8.658447599955798e-06,up,0.0,2.0
2026-Q3,Node.js开发工程师,操作系统与系统管理,0.04523994,0.04502394422888756,-0.00021599577111244134,down,0.0435,13.0
2026-Q3,Node.js开发工程师,数据分析与可视化,0.00012864056,0.00022469297982752323,9.605241982752323e-05,up,0.0,6.0
2026-Q3,Node.js开发工程师,数据管理与数据库,0.0947376,0.09412456303834915,-0.0006130369616508535,down,0.1087,17.0
2026-Q3,Node.js开发工程师,时间与资源统筹管理,0.014156223,0.013862206600606441,-0.00029401639939355927,down,0.0,13.0
2026-Q3,Node.js开发工程师,机器学习与深度学习,0.0021133923,0.0025509954430162907,0.0004376031430162906,up,0.0217,10.0
2026-Q3,Node.js开发工程师,环境适应与压力耐受,0.003677887,0.0039536310359835625,0.00027574403598356256,up,0.0,12.0
2026-Q3,Node.js开发工程师,生成式AI原理与应用,6.830483e-05,7.602514233440161e-05,7.720312334401602e-06,up,0.0,4.0
2026-Q3,Node.js开发工程师,生成式AI应用开发,0.050628528,0.05006977170705795,-0.0005587562929420462,down,0.0435,4.0
2026-Q3,Node.js开发工程师,目标导向与攻坚韧性,0.032102007,0.032364483922719955,0.0002624769227199536,up,0.0435,16.0
2026-Q3,Node.js开发工程师,程序设计与软件工程,0.1283831,0.12804241478443146,-0.0003406852155685425,down,0.1304,17.0
2026-Q3,Node.js开发工程师,算法与数据结构,0.0035358341,0.004341446794569492,0.0008056126945694925,up,0.0,12.0
2026-Q3,Node.js开发工程师,系统测试与质量评估,0.02498644,0.02501167170703411,2.5231707034112372e-05,up,0.0217,17.0
2026-Q3,Node.js开发工程师,系统部署交付与运维,0.0529707,0.05290568247437477,-6.501752562523139e-05,down,0.0652,16.0
2026-Q3,Node.js开发工程师,终身学习与知识更新,0.06492128,0.06369774788618088,-0.0012235321138191202,down,0.0652,16.0
2026-Q3,Node.js开发工程师,网络安全与数据隐私,0.01559084,0.016217006370425224,0.0006261663704252244,up,0.0435,15.0
2026-Q3,Node.js开发工程师,自我监测与工作复盘,-1.9413535e-05,5.057547241449356e-06,2.4471082241449355e-05,up,0.0,4.0
2026-Q3,Node.js开发工程师,自然语言处理技术,-1.05495565e-05,-7.897790055721998e-06,2.6517664442780026e-06,up,0.0,2.0
2026-Q3,Node.js开发工程师,计算数学与数据建模,-1.4479039e-05,1.1239899322390556e-07,1.4591437993223905e-05,up,0.0,3.0
2026-Q3,Node.js开发工程师,计算机硬件与数字电路,1.6619568e-05,3.155868034809828e-05,1.493911234809828e-05,up,0.0,4.0
2026-Q3,Node.js开发工程师,计算机网络与通信技术,0.040310785,0.04080914705991745,0.0004983620599174482,up,0.0217,16.0
2026-Q3,Node.js开发工程师,计算机视觉与多模态,-6.8669906e-05,-1.2577278539538383e-05,5.609262746046162e-05,up,0.0,4.0
2026-Q3,Node.js开发工程师,说服与分歧谈判,3.178307e-05,3.648083657026291e-05,4.697766570262907e-06,up,0.0,4.0
2026-Q3,Node.js开发工程师,软件架构与系统设计,0.07850255,0.07853120565414429,2.8655654144282838e-05,up,0.087,17.0
2026-Q3,Node.js开发工程师,需求洞察与服务意识,0.021470452,0.021988771855831146,0.0005183198558311453,up,0.0217,16.0
2026-Q3,PHP开发工程师,AI任务拆解与规划,0.00096354494,0.0010386029025539756,7.505796255397555e-05,up,0.0,10.0
2026-Q3,PHP开发工程师,AI智能体构建与编排,0.0067471755,0.006618489045649767,-0.00012868645435023304,down,0.0055,2.0
2026-Q3,PHP开发工程师,RAG与向量数据库,5.572656e-06,1.5501384041272104e-05,9.928728041272104e-06,up,0.0,1.0
2026-Q3,PHP开发工程师,严谨细致与诚信自律,0.05006351,0.05024082958698273,0.00017731958698272848,up,0.0552,17.0
2026-Q3,PHP开发工程师,书面技术文档撰写,0.05685311,0.05623277649283409,-0.0006203335071659072,down,0.0608,17.0
2026-Q3,PHP开发工程师,云原生与分布式系统,0.027887087,0.027782853692770004,-0.0001042333072299971,down,0.0276,17.0
2026-Q3,PHP开发工程师,人机交互与用户体验,0.025177348,0.024999581277370453,-0.00017776672262954582,down,0.0221,17.0
2026-Q3,PHP开发工程师,信息管理与数字素养,0.0013084277,0.0015196178574115038,0.00021119015741150374,up,0.0,12.0
2026-Q3,PHP开发工程师,创造力与创新思维,0.0028962074,0.0029531014151871204,5.6894015187120266e-05,up,0.0,15.0
2026-Q3,PHP开发工程师,口头技术沟通与汇报,0.046502206,0.047941625118255615,0.001439419118255618,up,0.0442,17.0
2026-Q3,PHP开发工程师,团队协作与协调,0.080001764,0.0801742672920227,0.0001725032920227021,up,0.0829,17.0
2026-Q3,PHP开发工程师,图形与交互技术,0.00035319466,0.00043198675848543644,7.879209848543644e-05,up,0.0,8.0
2026-Q3,PHP开发工程师,多方权衡与方案决策,0.0077258768,0.00778072839602828,5.485159602828041e-05,up,0.0055,16.0
2026-Q3,PHP开发工程师,大数据与分布式计算,0.0058411695,0.005728314630687237,-0.00011285486931276317,down,0.0055,15.0
2026-Q3,PHP开发工程师,大模型选型与评测,1.413995e-06,5.056208465248346e-06,3.6422134652483463e-06,up,0.0,2.0
2026-Q3,PHP开发工程师,嵌入式系统与固件开发,0.0003724788,0.00039084209129214287,1.8363291292142886e-05,up,0.0,9.0
2026-Q3,PHP开发工程师,归纳与演绎推理,0.0019056682,0.002057440811768174,0.0001517726117681742,up,0.0055,10.0
2026-Q3,PHP开发工程师,批判性逻辑思考,0.040892415,0.04135855659842491,0.0004661415984249101,up,0.0497,17.0
2026-Q3,PHP开发工程师,提示设计与提示工程,0.0010123651,0.0009746899595484138,-3.767514045158616e-05,down,0.011,3.0
2026-Q3,PHP开发工程师,操作系统与系统管理,0.045806143,0.04558763653039932,-0.00021850646960067804,down,0.0442,17.0
2026-Q3,PHP开发工程师,数据分析与可视化,0.0069121295,0.007782809901982546,0.0008706804019825458,up,0.0,14.0
2026-Q3,PHP开发工程师,数据管理与数据库,0.08885456,0.0885157659649849,-0.0003387940350151053,down,0.0884,17.0
2026-Q3,PHP开发工程师,时间与资源统筹管理,0.017424854,0.017331823706626892,-9.303029337310795e-05,down,0.0166,17.0
2026-Q3,PHP开发工程师,机器学习与深度学习,0.0028451064,0.002658319426700473,-0.00018678697329952733,down,0.011,12.0
2026-Q3,PHP开发工程师,环境适应与压力耐受,0.019786429,0.019623957574367523,-0.00016247142563247802,down,0.011,17.0
2026-Q3,PHP开发工程师,生成式AI原理与应用,0.004150657,0.004195171408355236,4.451440835523575e-05,up,0.0055,9.0
2026-Q3,PHP开发工程师,生成式AI应用开发,0.0035547395,0.003041539341211319,-0.0005132001587886811,down,0.011,6.0
2026-Q3,PHP开发工程师,目标导向与攻坚韧性,0.027828299,0.027694689109921455,-0.0001336098900785454,down,0.0276,17.0
2026-Q3,PHP开发工程师,程序设计与软件工程,0.10422842,0.10437244176864624,0.00014402176864623806,up,0.105,17.0
2026-Q3,PHP开发工程师,算法与数据结构,0.008460855,0.00833363551646471,-0.00012721948353528953,down,0.011,16.0
2026-Q3,PHP开发工程师,系统测试与质量评估,0.04452288,0.04452076554298401,-2.1144570159919995e-06,down,0.0608,17.0
2026-Q3,PHP开发工程师,系统部署交付与运维,0.049596764,0.049644626677036285,4.7862677036283885e-05,up,0.0497,17.0
2026-Q3,PHP开发工程师,终身学习与知识更新,0.047952197,0.04880276694893837,0.0008505699489383678,up,0.0442,17.0
2026-Q3,PHP开发工程师,网络安全与数据隐私,0.018978953,0.01885915733873844,-0.00011979566126155833,down,0.0221,16.0
2026-Q3,PHP开发工程师,自我监测与工作复盘,0.0026601725,0.002666998654603958,6.826154603958249e-06,up,0.0,14.0
2026-Q3,PHP开发工程师,自然语言处理技术,-3.100744e-06,-1.8037062545772642e-06,1.297037745422736e-06,up,0.0,1.0
2026-Q3,PHP开发工程师,计算数学与数据建模,6.6373323e-06,7.815862772986293e-06,1.178530472986293e-06,up,0.0,3.0
2026-Q3,PHP开发工程师,计算机硬件与数字电路,1.7027021e-05,2.7383852284401655e-05,1.0356831284401656e-05,up,0.0,7.0
2026-Q3,PHP开发工程师,计算机网络与通信技术,0.02695423,0.026948843151330948,-5.386848669051286e-06,down,0.0276,17.0
2026-Q3,PHP开发工程师,计算机视觉与多模态,7.1410905e-06,9.345691069029272e-06,2.2046005690292716e-06,up,0.0,2.0
2026-Q3,PHP开发工程师,说服与分歧谈判,-3.1321542e-06,9.6728908829391e-06,1.2805045082939101e-05,up,0.0,7.0
2026-Q3,PHP开发工程师,软件架构与系统设计,0.06525399,0.06572718918323517,0.00047319918323517063,up,0.0663,17.0
2026-Q3,PHP开发工程师,需求洞察与服务意识,0.027598891,0.027965206652879715,0.00036631565287971457,up,0.0221,17.0
2026-Q3,Python开发工程师,AI任务拆解与规划,0.005897548,0.005791934672743082,-0.0001056133272569178,down,0.0071,15.0
2026-Q3,Python开发工程师,AI安全与风险防控,0.0038805616,0.003896788228303194,1.6226628303194022e-05,up,0.0039,6.0
2026-Q3,Python开发工程师,AI幻觉识别与校验,0.0004876129,0.0005557810654863715,6.816816548637153e-05,up,0.0016,6.0
2026-Q3,Python开发工程师,AI智能体构建与编排,0.029873617,0.029955338686704636,8.1721686704634e-05,up,0.0253,12.0
2026-Q3,Python开发工程师,AI输出质量评估,0.0018114233,0.001862029079347849,5.060577934784885e-05,up,0.0032,8.0
2026-Q3,Python开发工程师,RAG与向量数据库,0.016067224,0.01660057157278061,0.0005333475727806077,up,0.0197,11.0
2026-Q3,Python开发工程师,严谨细致与诚信自律,0.02591914,0.025820203125476837,-9.893687452316308e-05,down,0.0276,17.0
2026-Q3,Python开发工程师,书面技术文档撰写,0.03621567,0.03653281182050705,0.00031714182050705114,up,0.0363,17.0
2026-Q3,Python开发工程师,云原生与分布式系统,0.033706143,0.0336335115134716,-7.263148652839752e-05,down,0.0332,17.0
2026-Q3,Python开发工程师,人机交互与用户体验,0.013980852,0.014066415838897228,8.556383889722803e-05,up,0.0111,17.0
2026-Q3,Python开发工程师,人机语义对齐与协同,0.00081543135,0.0007574476767331362,-5.798367326686387e-05,down,0.0039,4.0
2026-Q3,Python开发工程师,仿真数据合成,6.151691e-06,6.206922989804298e-06,5.5231989804297396e-08,up,0.0,4.0
2026-Q3,Python开发工程师,信息管理与数字素养,0.0024607086,0.0025935345329344273,0.00013282593293442724,up,0.0016,17.0
2026-Q3,Python开发工程师,创造力与创新思维,0.008151513,0.008285561576485634,0.000134048576485633,up,0.0087,17.0
2026-Q3,Python开发工程师,口头技术沟通与汇报,0.044460166,0.045110225677490234,0.000650059677490232,up,0.0442,17.0
2026-Q3,Python开发工程师,团队协作与协调,0.061957844,0.062031425535678864,7.35815356788655e-05,up,0.0616,17.0
2026-Q3,Python开发工程师,图形与交互技术,0.0024872206,0.0023913842160254717,-9.583638397452814e-05,down,0.0016,16.0
2026-Q3,Python开发工程师,多方权衡与方案决策,0.008296213,0.008290070109069347,-6.142890930652817e-06,down,0.0087,17.0
2026-Q3,Python开发工程师,大数据与分布式计算,0.014325423,0.014411205425858498,8.57824258584973e-05,up,0.0126,17.0
2026-Q3,Python开发工程师,大模型开发与微调,0.007764888,0.007757088169455528,-7.799830544471913e-06,down,0.0087,13.0
2026-Q3,Python开发工程师,大模型选型与评测,0.008503046,0.008729399181902409,0.00022635318190240838,up,0.0087,10.0
2026-Q3,Python开发工程师,嵌入式系统与固件开发,0.005968938,0.005992270074784756,2.3332074784755685e-05,up,0.0071,17.0
2026-Q3,Python开发工程师,归纳与演绎推理,0.0018093353,0.0018675606697797775,5.822536977977762e-05,up,0.0016,13.0
2026-Q3,Python开发工程师,批判性逻辑思考,0.037989162,0.037961363792419434,-2.7798207580566336e-05,down,0.0387,17.0
2026-Q3,Python开发工程师,提示设计与提示工程,0.019719139,0.019941434264183044,0.00022229526418304432,up,0.0174,12.0
2026-Q3,Python开发工程师,操作系统与系统管理,0.02469444,0.024790484458208084,9.604445820808258e-05,up,0.0261,17.0
2026-Q3,Python开发工程师,数据分析与可视化,0.030442946,0.0303907822817564,-5.2163718243597446e-05,down,0.0308,17.0
2026-Q3,Python开发工程师,数据管理与数据库,0.05495152,0.05521480739116669,0.00026328739116669025,up,0.0553,17.0
2026-Q3,Python开发工程师,时间与资源统筹管理,0.006980496,0.006936096586287022,-4.439941371297846e-05,down,0.0055,17.0
2026-Q3,Python开发工程师,机器学习与深度学习,0.029651131,0.02891816385090351,-0.0007329671490964897,down,0.0292,17.0
2026-Q3,Python开发工程师,环境适应与压力耐受,0.019000962,0.01859804056584835,-0.0004029214341516492,down,0.0182,17.0
2026-Q3,Python开发工程师,生成式AI原理与应用,0.022893505,0.022285327315330505,-0.0006081776846694961,down,0.0245,13.0
2026-Q3,Python开发工程师,生成式AI应用开发,0.036899935,0.03624146431684494,-0.0006584706831550616,down,0.0355,16.0
2026-Q3,Python开发工程师,目标导向与攻坚韧性,0.019228805,0.019154315814375877,-7.448918562412421e-05,down,0.0197,17.0
2026-Q3,Python开发工程师,程序设计与软件工程,0.085008256,0.0852484405040741,0.00024018450407409242,up,0.0877,17.0
2026-Q3,Python开发工程师,算法与数据结构,0.020701848,0.021446015685796738,0.0007441676857967393,up,0.0158,17.0
2026-Q3,Python开发工程师,系统测试与质量评估,0.03214111,0.032272860407829285,0.00013175040782928416,up,0.0308,17.0
2026-Q3,Python开发工程师,系统部署交付与运维,0.039477583,0.03934422880411148,-0.00013335419588851594,down,0.0419,17.0
2026-Q3,Python开发工程师,终身学习与知识更新,0.043483637,0.04561828076839447,0.0021346437683944716,up,0.0363,17.0
2026-Q3,Python开发工程师,网络安全与数据隐私,0.008726894,0.008744045160710812,1.715116071081095e-05,up,0.0103,17.0
2026-Q3,Python开发工程师,自我监测与工作复盘,0.004138984,0.004095448646694422,-4.35353533055783e-05,down,0.0032,17.0
2026-Q3,Python开发工程师,自然语言处理技术,0.010223834,0.010079400613904,-0.00014443338609600002,down,0.0103,17.0
2026-Q3,Python开发工程师,计算数学与数据建模,0.009028917,0.009120587259531021,9.167025953102197e-05,up,0.0055,17.0
2026-Q3,Python开发工程师,计算机硬件与数字电路,0.0046664933,0.004648603033274412,-1.7890266725588237e-05,down,0.0055,17.0
2026-Q3,Python开发工程师,计算机网络与通信技术,0.019598607,0.019826684147119522,0.00022807714711952157,up,0.0229,17.0
2026-Q3,Python开发工程师,计算机视觉与多模态,0.012223822,0.01223217323422432,8.351234224318951e-06,up,0.015,17.0
2026-Q3,Python开发工程师,说服与分歧谈判,0.00068268395,0.0006801200215704739,-2.5639284295260988e-06,down,0.0,11.0
2026-Q3,Python开发工程师,负责任AI与可解释性,0.0019726611,0.0020040622912347317,3.140119123473152e-05,up,0.0024,6.0
2026-Q3,Python开发工程师,软件架构与系统设计,0.04953885,0.04947518929839134,-6.366070160866016e-05,down,0.0506,17.0
2026-Q3,Python开发工程师,需求洞察与服务意识,0.025295518,0.025588231161236763,0.0002927131612367635,up,0.0229,17.0
2026-Q3,Ruby开发工程师,AI任务拆解与规划,0.000115474686,0.0001266996841877699,1.1224998187769894e-05,up,0.0,4.0
2026-Q3,Ruby开发工程师,AI输出质量评估,-4.073663e-05,-2.2372347302734852e-05,1.836428269726515e-05,up,0.0,2.0
2026-Q3,Ruby开发工程师,严谨细致与诚信自律,0.00025645085,0.0005995910614728928,0.00034314021147289277,up,0.0,7.0
2026-Q3,Ruby开发工程师,书面技术文档撰写,0.002145538,0.003493793308734894,0.001348255308734894,up,0.0,10.0
2026-Q3,Ruby开发工程师,云原生与分布式系统,0.10995498,0.10962066054344177,-0.00033431945655822137,down,0.125,7.0
2026-Q3,Ruby开发工程师,人机交互与用户体验,0.0056194523,0.005323157645761967,-0.00029629465423803344,down,0.0,9.0
2026-Q3,Ruby开发工程师,信息管理与数字素养,0.07405262,0.059464894235134125,-0.014587725764865875,down,0.125,3.0
2026-Q3,Ruby开发工程师,创造力与创新思维,-4.0953048e-05,8.413288742303848e-05,0.0001250859354230385,up,0.0,6.0
2026-Q3,Ruby开发工程师,口头技术沟通与汇报,0.024459675,0.02750827558338642,0.003048600583386421,up,0.0,10.0
2026-Q3,Ruby开发工程师,团队协作与协调,0.0067600384,0.011529013514518738,0.004768975114518738,up,0.0,12.0
2026-Q3,Ruby开发工程师,图形与交互技术,0.00026772637,0.00036799930967390537,0.00010027293967390536,up,0.0,4.0
2026-Q3,Ruby开发工程师,多方权衡与方案决策,0.0008464111,0.0010359082370996475,0.00018949713709964756,up,0.0,7.0
2026-Q3,Ruby开发工程师,大数据与分布式计算,-9.925629e-06,-4.04467573389411e-06,5.88095326610589e-06,up,0.0,2.0
2026-Q3,Ruby开发工程师,嵌入式系统与固件开发,0.0002647359,0.0003349664621055126,7.023056210551265e-05,up,0.0,5.0
2026-Q3,Ruby开发工程师,批判性逻辑思考,0.005066991,0.005419915542006493,0.00035292454200649276,up,0.0,9.0
2026-Q3,Ruby开发工程师,操作系统与系统管理,0.015568076,0.01519574224948883,-0.00037233375051116957,down,0.0,10.0
2026-Q3,Ruby开发工程师,数据分析与可视化,5.299924e-06,3.5090488381683826e-05,2.9790564381683828e-05,up,0.0,3.0
2026-Q3,Ruby开发工程师,数据管理与数据库,0.08728491,0.09017866104841232,0.0028937510484123297,up,0.125,11.0
2026-Q3,Ruby开发工程师,时间与资源统筹管理,0.008927872,0.009498820640146732,0.0005709486401467324,up,0.125,8.0
2026-Q3,Ruby开发工程师,机器学习与深度学习,4.5995694e-07,1.3095210306346416e-05,1.2635253366346416e-05,up,0.0,3.0
2026-Q3,Ruby开发工程师,环境适应与压力耐受,0.0006300714,0.0007026167586445808,7.254535864458086e-05,up,0.0,7.0
2026-Q3,Ruby开发工程师,目标导向与攻坚韧性,0.13873772,0.13981088995933533,0.0010731699593353183,up,0.125,9.0
2026-Q3,Ruby开发工程师,程序设计与软件工程,0.12241165,0.12383978068828583,0.0014281306882858308,up,0.125,13.0
2026-Q3,Ruby开发工程师,算法与数据结构,0.0028812904,0.0037477947771549225,0.0008665043771549225,up,0.0,7.0
2026-Q3,Ruby开发工程师,系统测试与质量评估,0.0028443467,0.0032992176711559296,0.00045487097115592956,up,0.0,10.0
2026-Q3,Ruby开发工程师,系统部署交付与运维,0.0026447084,0.0028081033378839493,0.0001633949378839492,up,0.0,9.0
2026-Q3,Ruby开发工程师,终身学习与知识更新,0.0029734112,0.006946925073862076,0.003973513873862076,up,0.0,11.0
2026-Q3,Ruby开发工程师,网络安全与数据隐私,0.00059329113,0.0007500369101762772,0.00015674578017627712,up,0.0,3.0
2026-Q3,Ruby开发工程师,自我监测与工作复盘,0.14033487,0.1402420699596405,-9.280004035949752e-05,down,0.125,4.0
2026-Q3,Ruby开发工程师,自然语言处理技术,3.5978883e-06,5.016816430725157e-06,1.4189281307251575e-06,up,0.0,1.0
2026-Q3,Ruby开发工程师,计算机硬件与数字电路,0.00049772905,0.0004738601855933666,-2.3868864406633426e-05,down,0.0,3.0
2026-Q3,Ruby开发工程师,计算机网络与通信技术,0.00078750774,0.0008681751787662506,8.066743876625063e-05,up,0.0,8.0
2026-Q3,Ruby开发工程师,计算机视觉与多模态,0.0013107155,0.001924261450767517,0.0006135459507675171,up,0.0,7.0
2026-Q3,Ruby开发工程师,说服与分歧谈判,3.5978883e-06,3.334600478410721e-06,-2.63287821589279e-07,down,0.0,1.0
2026-Q3,Ruby开发工程师,软件架构与系统设计,0.10687971,0.10951822996139526,0.002638519961395261,up,0.125,12.0
2026-Q3,Ruby开发工程师,需求洞察与服务意识,0.0016888175,0.0020994823426008224,0.0004106648426008225,up,0.0,8.0
2026-Q3,UE4/UE5开发工程师,AI任务拆解与规划,0.00017028826,0.0001765397610142827,6.251501014282692e-06,up,0.0,9.0
2026-Q3,UE4/UE5开发工程师,AI智能体构建与编排,0.008702455,0.01068742573261261,0.0019849707326126103,up,0.0139,4.0
2026-Q3,UE4/UE5开发工程师,严谨细致与诚信自律,0.03099214,0.030270131304860115,-0.0007220086951398863,down,0.0278,17.0
2026-Q3,UE4/UE5开发工程师,书面技术文档撰写,0.030152258,0.030279211699962616,0.00012695369996261474,up,0.0139,16.0
2026-Q3,UE4/UE5开发工程师,云原生与分布式系统,0.0019499757,0.0017924921121448278,-0.00015748358785517224,down,0.0,13.0
2026-Q3,UE4/UE5开发工程师,人机交互与用户体验,0.05602226,0.05548913776874542,-0.000533122231254575,down,0.0694,17.0
2026-Q3,UE4/UE5开发工程师,人机语义对齐与协同,-7.2989205e-06,3.170513082295656e-06,1.0469433582295656e-05,up,0.0,1.0
2026-Q3,UE4/UE5开发工程师,仿真数据合成,-3.160938e-05,-2.7803413104265928e-05,3.805966895734073e-06,up,0.0,2.0
2026-Q3,UE4/UE5开发工程师,信息管理与数字素养,0.0007596982,0.0009210255229845643,0.0001613273229845643,up,0.0,9.0
2026-Q3,UE4/UE5开发工程师,创造力与创新思维,0.007571007,0.007509099319577217,-6.190768042278316e-05,down,0.0,15.0
2026-Q3,UE4/UE5开发工程师,口头技术沟通与汇报,0.058916964,0.057857487350702286,-0.0010594766492977165,down,0.0694,17.0
2026-Q3,UE4/UE5开发工程师,团队协作与协调,0.085228816,0.08512191474437714,-0.00010690125562286268,down,0.0833,17.0
2026-Q3,UE4/UE5开发工程师,图形与交互技术,0.1088567,0.10913967341184616,0.0002829734118461602,up,0.1111,17.0
2026-Q3,UE4/UE5开发工程师,多方权衡与方案决策,0.008459325,0.00896183680742979,0.0005025118074297903,up,0.0139,13.0
2026-Q3,UE4/UE5开发工程师,大数据与分布式计算,5.1628915e-05,5.5725802667438984e-05,4.096887667438987e-06,up,0.0,6.0
2026-Q3,UE4/UE5开发工程师,大模型开发与微调,-5.6868594e-06,5.718611646443605e-07,6.25872056464436e-06,up,0.0,1.0
2026-Q3,UE4/UE5开发工程师,嵌入式系统与固件开发,0.00020690775,0.0002561707515269518,4.926300152695179e-05,up,0.0,9.0
2026-Q3,UE4/UE5开发工程师,异构模态组合与泛化能力,-7.2989205e-06,-6.624322850257158e-07,6.636488214974284e-06,up,0.0,1.0
2026-Q3,UE4/UE5开发工程师,归纳与演绎推理,4.3480424e-05,5.741533823311329e-05,1.3934914233113292e-05,up,0.0,4.0
2026-Q3,UE4/UE5开发工程师,批判性逻辑思考,0.038307674,0.037966493517160416,-0.00034118048283958424,down,0.0417,16.0
2026-Q3,UE4/UE5开发工程师,操作系统与系统管理,0.010100318,0.010067694820463657,-3.262317953634311e-05,down,0.0139,14.0
2026-Q3,UE4/UE5开发工程师,数据分析与可视化,0.028007733,0.028218116611242294,0.00021038361124229438,up,0.0417,17.0
2026-Q3,UE4/UE5开发工程师,数据管理与数据库,0.024238992,0.02506532520055771,0.0008263332005577079,up,0.0417,15.0
2026-Q3,UE4/UE5开发工程师,时间与资源统筹管理,0.0033082915,0.0033888155594468117,8.052405944681184e-05,up,0.0,14.0
2026-Q3,UE4/UE5开发工程师,机器学习与深度学习,0.0024267798,0.0026560486294329166,0.0002292688294329168,up,0.0,13.0
2026-Q3,UE4/UE5开发工程师,环境适应与压力耐受,0.025487509,0.025720421224832535,0.00023291222483253632,up,0.0278,15.0
2026-Q3,UE4/UE5开发工程师,生成式AI原理与应用,0.008723913,0.00915379635989666,0.00042988335989666004,up,0.0139,6.0
2026-Q3,UE4/UE5开发工程师,生成式AI应用开发,0.0019565732,0.0018712589517235756,-8.531424827642456e-05,down,0.0139,9.0
2026-Q3,UE4/UE5开发工程师,目标导向与攻坚韧性,0.02564676,0.0259581059217453,0.0003113459217452992,up,0.0278,15.0
2026-Q3,UE4/UE5开发工程师,程序设计与软件工程,0.09005228,0.09056499600410461,0.0005127160041046158,up,0.0833,17.0
2026-Q3,UE4/UE5开发工程师,算法与数据结构,0.04193885,0.04170553386211395,-0.0002333161378860471,down,0.0417,16.0
2026-Q3,UE4/UE5开发工程师,系统测试与质量评估,0.022519335,0.022642090916633606,0.00012275591663360452,up,0.0,15.0
2026-Q3,UE4/UE5开发工程师,系统部署交付与运维,0.0073534176,0.007327081635594368,-2.6335964405632337e-05,down,0.0139,13.0
2026-Q3,UE4/UE5开发工程师,终身学习与知识更新,0.05726302,0.05785142630338669,0.0005884063033866904,up,0.0556,16.0
2026-Q3,UE4/UE5开发工程师,网络安全与数据隐私,-2.2450491e-05,-9.881594451144338e-06,1.2568896548855662e-05,up,0.0,3.0
2026-Q3,UE4/UE5开发工程师,自我监测与工作复盘,0.004549043,0.00460182037204504,5.277737204504012e-05,up,0.0,12.0
2026-Q3,UE4/UE5开发工程师,自然语言处理技术,0.0045950906,0.004729463253170252,0.00013437265317025205,up,0.0139,1.0
2026-Q3,UE4/UE5开发工程师,计算数学与数据建模,0.017817365,0.01799572817981243,0.00017836317981242966,up,0.0139,15.0
2026-Q3,UE4/UE5开发工程师,计算机硬件与数字电路,0.0042617256,0.00447690486907959,0.00021517926907958958,up,0.0139,11.0
2026-Q3,UE4/UE5开发工程师,计算机网络与通信技术,0.037328895,0.03738497942686081,5.60844268608085e-05,up,0.0417,17.0
2026-Q3,UE4/UE5开发工程师,计算机视觉与多模态,0.023254717,0.0230496134608984,-0.00020510353910160178,down,0.0278,17.0
2026-Q3,UE4/UE5开发工程师,说服与分歧谈判,1.676986e-05,2.095589297823608e-05,4.1860329782360785e-06,up,0.0,3.0
2026-Q3,UE4/UE5开发工程师,软件架构与系统设计,0.08209225,0.08048086613416672,-0.001611383865833288,down,0.0694,17.0
2026-Q3,UE4/UE5开发工程师,需求洞察与服务意识,0.008817313,0.010533951222896576,0.0017166382228965757,up,0.0,15.0
2026-Q3,UI设计师,AI任务拆解与规划,0.0009950264,0.0010455651208758354,5.0538720875835516e-05,up,0.0011,12.0
2026-Q3,UI设计师,AI安全与风险防控,0.0015223676,0.0015182039933279157,-4.163606672084267e-06,down,0.0011,2.0
2026-Q3,UI设计师,AI幻觉识别与校验,0.00065923564,0.000617457611951977,-4.1778028048023016e-05,down,0.0011,2.0
2026-Q3,UI设计师,AI智能体构建与编排,0.0027224245,0.0026790262199938297,-4.339828000617021e-05,down,0.0022,2.0
2026-Q3,UI设计师,AI输出质量评估,0.00016168464,0.0002465200377628207,8.483539776282071e-05,up,0.0,8.0
2026-Q3,UI设计师,严谨细致与诚信自律,0.053077985,0.05276484042406082,-0.0003131445759391796,down,0.0476,17.0
2026-Q3,UI设计师,书面技术文档撰写,0.026859125,0.02681848593056202,-4.0639069437981706e-05,down,0.0266,17.0
2026-Q3,UI设计师,云原生与分布式系统,3.3495657e-05,4.6341330744326115e-05,1.2845673744326114e-05,up,0.0,9.0
2026-Q3,UI设计师,人机交互与用户体验,0.13216327,0.13257989287376404,0.0004166228737640387,up,0.1285,17.0
2026-Q3,UI设计师,人机语义对齐与协同,0.0033618624,0.0034699365496635437,0.00010807414966354381,up,0.0033,4.0
2026-Q3,UI设计师,仿真数据合成,-7.3718184e-07,4.023313522338867e-07,1.1395131922338868e-06,up,0.0,1.0
2026-Q3,UI设计师,信息管理与数字素养,0.0169142,0.016720497980713844,-0.00019370201928615646,down,0.0199,17.0
2026-Q3,UI设计师,创造力与创新思维,0.07920973,0.07939868420362473,0.00018895420362471937,up,0.0808,17.0
2026-Q3,UI设计师,口头技术沟通与汇报,0.087085396,0.08809428662061691,0.0010088906206169174,up,0.0853,17.0
2026-Q3,UI设计师,团队协作与协调,0.12020714,0.12052027136087418,0.00031313136087417204,up,0.1174,17.0
2026-Q3,UI设计师,图形与交互技术,0.053107556,0.05362314730882645,0.0005155913088264463,up,0.0509,17.0
2026-Q3,UI设计师,多方权衡与方案决策,0.009319017,0.009456425905227661,0.0001374089052276605,up,0.01,16.0
2026-Q3,UI设计师,大数据与分布式计算,8.3674095e-06,1.2042990420013666e-05,3.6755809200136663e-06,up,0.0,7.0
2026-Q3,UI设计师,大模型开发与微调,0.0006788495,0.0006842190632596612,5.369563259661212e-06,up,0.0033,7.0
2026-Q3,UI设计师,大模型选型与评测,-9.425785e-07,-3.2465686672367156e-07,6.179216332763285e-07,up,0.0,2.0
2026-Q3,UI设计师,嵌入式系统与固件开发,7.019553e-06,8.814298780635e-06,1.794745780634999e-06,up,0.0,4.0
2026-Q3,UI设计师,归纳与演绎推理,0.0016622811,0.0017549756448715925,9.269454487159244e-05,up,0.0022,14.0
2026-Q3,UI设计师,批判性逻辑思考,0.032335155,0.032657820731401443,0.0003226657314014461,up,0.0365,17.0
2026-Q3,UI设计师,提示设计与提示工程,0.010798238,0.010701389983296394,-9.684801670360559e-05,down,0.0122,9.0
2026-Q3,UI设计师,操作系统与系统管理,0.0008494673,0.0008240761235356331,-2.5391176464366924e-05,down,0.0,13.0
2026-Q3,UI设计师,数据分析与可视化,0.021289011,0.021024076268076897,-0.0002649347319231034,down,0.0255,17.0
2026-Q3,UI设计师,数据管理与数据库,0.00053660164,0.0005098714027553797,-2.6730237244620308e-05,down,0.0011,8.0
2026-Q3,UI设计师,时间与资源统筹管理,0.0292118,0.028766009956598282,-0.0004457900434017177,down,0.0354,16.0
2026-Q3,UI设计师,机器学习与深度学习,0.0013504546,0.001292677829042077,-5.777677095792299e-05,down,0.0022,12.0
2026-Q3,UI设计师,环境适应与压力耐受,0.047551338,0.047487422823905945,-6.391517609405373e-05,down,0.0498,17.0
2026-Q3,UI设计师,生成式AI原理与应用,0.025839359,0.025729313492774963,-0.00011004550722503587,down,0.0255,13.0
2026-Q3,UI设计师,生成式AI应用开发,0.013382643,0.014126292429864407,0.000743649429864407,up,0.0166,10.0
2026-Q3,UI设计师,目标导向与攻坚韧性,0.04061554,0.04055791720747948,-5.762279252052166e-05,down,0.0421,16.0
2026-Q3,UI设计师,程序设计与软件工程,0.022983111,0.02306479401886463,8.168301886463114e-05,up,0.0266,17.0
2026-Q3,UI设计师,算法与数据结构,4.0061204e-06,5.226011126069352e-06,1.219890726069352e-06,up,0.0,1.0
2026-Q3,UI设计师,系统测试与质量评估,0.005565237,0.005601151846349239,3.591484634923956e-05,up,0.0022,16.0
2026-Q3,UI设计师,系统部署交付与运维,0.00013705296,0.00016290484927594662,2.585188927594663e-05,up,0.0,9.0
2026-Q3,UI设计师,终身学习与知识更新,0.06410371,0.06392078846693039,-0.0001829215330696049,down,0.0642,17.0
2026-Q3,UI设计师,网络安全与数据隐私,0.00013326324,0.00015300879022106528,1.9745550221065292e-05,up,0.0,12.0
2026-Q3,UI设计师,自我监测与工作复盘,0.0048368163,0.005038461647927761,0.00020164534792776068,up,0.0033,16.0
2026-Q3,UI设计师,计算数学与数据建模,5.1890966e-06,6.855305400677025e-06,1.666208800677025e-06,up,0.0,4.0
2026-Q3,UI设计师,计算机硬件与数字电路,1.08099775e-05,1.623528078198433e-05,5.425303281984329e-06,up,0.0,5.0
2026-Q3,UI设计师,计算机网络与通信技术,3.934052e-05,5.2208779379725456e-05,1.2868259379725454e-05,up,0.0,11.0
2026-Q3,UI设计师,计算机视觉与多模态,0.0047017103,0.004526120610535145,-0.0001755896894648553,down,0.0078,14.0
2026-Q3,UI设计师,说服与分歧谈判,0.0033402846,0.003207999747246504,-0.00013228485275349616,down,0.0022,16.0
2026-Q3,UI设计师,负责任AI与可解释性,0.0053679976,0.0054145511239767075,4.6553523976707034e-05,up,0.0055,2.0
2026-Q3,UI设计师,软件架构与系统设计,0.001065545,0.0011083249701187015,4.277997011870147e-05,up,0.0011,13.0
2026-Q3,UI设计师,需求洞察与服务意识,0.059264377,0.05893436446785927,-0.00033001253214073184,down,0.0587,17.0
2026-Q3,Unity3D开发工程师,AI任务拆解与规划,0.0016211933,0.001957171130925417,0.0003359778309254169,up,0.0,14.0
2026-Q3,Unity3D开发工程师,AI智能体构建与编排,2.1530723e-06,5.048750608693808e-06,2.8956783086938082e-06,up,0.0,1.0
2026-Q3,Unity3D开发工程师,严谨细致与诚信自律,0.034555554,0.0343676432967186,-0.0001879107032814048,down,0.0236,17.0
2026-Q3,Unity3D开发工程师,书面技术文档撰写,0.035287693,0.03542530909180641,0.00013761609180640982,up,0.0315,17.0
2026-Q3,Unity3D开发工程师,云原生与分布式系统,0.003987018,0.0036388756707310677,-0.0003481423292689325,down,0.0079,10.0
2026-Q3,Unity3D开发工程师,人机交互与用户体验,0.051454682,0.05123623088002205,-0.00021845111997795263,down,0.0472,16.0
2026-Q3,Unity3D开发工程师,人机语义对齐与协同,0.0044954065,0.0038783648051321507,-0.0006170416948678495,down,0.0157,1.0
2026-Q3,Unity3D开发工程师,仿真数据合成,1.4051446e-05,1.9297818653285503e-05,5.2463726532855035e-06,up,0.0,4.0
2026-Q3,Unity3D开发工程师,信息管理与数字素养,0.000285879,0.0002577756531536579,-2.8103346846342092e-05,down,0.0,9.0
2026-Q3,Unity3D开发工程师,创造力与创新思维,0.015204845,0.015533193945884705,0.00032834894588470477,up,0.0157,15.0
2026-Q3,Unity3D开发工程师,口头技术沟通与汇报,0.049211845,0.0502486415207386,0.0010367965207386046,up,0.0472,17.0
2026-Q3,Unity3D开发工程师,团队协作与协调,0.09514233,0.09494023025035858,-0.00020209974964141564,down,0.0945,17.0
2026-Q3,Unity3D开发工程师,图形与交互技术,0.108359285,0.10925816744565964,0.0008988824456596378,up,0.126,17.0
2026-Q3,Unity3D开发工程师,多方权衡与方案决策,0.0039879046,0.004424277693033218,0.0004363730930332186,up,0.0,14.0
2026-Q3,Unity3D开发工程师,大数据与分布式计算,0.004048988,0.003939383663237095,-0.00010960433676290501,down,0.0079,7.0
2026-Q3,Unity3D开发工程师,嵌入式系统与固件开发,0.012082272,0.012180976569652557,9.870456965255757e-05,up,0.0236,15.0
2026-Q3,Unity3D开发工程师,异构模态组合与泛化能力,0.002038576,0.002173598622903228,0.00013502262290322796,up,0.0079,1.0
2026-Q3,Unity3D开发工程师,归纳与演绎推理,6.0864433e-05,7.77699751779437e-05,1.6905542177943703e-05,up,0.0,4.0
2026-Q3,Unity3D开发工程师,批判性逻辑思考,0.045460355,0.045938245952129364,0.0004778909521293631,up,0.0472,17.0
2026-Q3,Unity3D开发工程师,提示设计与提示工程,0.008233598,0.008357124403119087,0.00012352640311908726,up,0.0079,3.0
2026-Q3,Unity3D开发工程师,操作系统与系统管理,0.0054018176,0.005140730645507574,-0.00026108695449242585,down,0.0,14.0
2026-Q3,Unity3D开发工程师,数据分析与可视化,0.00059944787,0.0007696840912103653,0.00017023622121036528,up,0.0,11.0
2026-Q3,Unity3D开发工程师,数据管理与数据库,0.014516641,0.014735943637788296,0.00021930263778829548,up,0.0315,17.0
2026-Q3,Unity3D开发工程师,时间与资源统筹管理,0.010871441,0.011515590362250805,0.0006441493622508041,up,0.0079,15.0
2026-Q3,Unity3D开发工程师,机器学习与深度学习,0.0058694417,0.005756651051342487,-0.00011279064865751288,down,0.0,13.0
2026-Q3,Unity3D开发工程师,环境适应与压力耐受,0.023279661,0.0231140349060297,-0.00016562609397029887,down,0.0236,15.0
2026-Q3,Unity3D开发工程师,生成式AI原理与应用,2.2082124e-05,4.216551315039396e-05,2.0083389150393964e-05,up,0.0,6.0
2026-Q3,Unity3D开发工程师,生成式AI应用开发,0.0074661085,0.007934551686048508,0.000468443186048508,up,0.0157,10.0
2026-Q3,Unity3D开发工程师,目标导向与攻坚韧性,0.019238783,0.01894373819231987,-0.0002950448076801289,down,0.0157,17.0
2026-Q3,Unity3D开发工程师,程序设计与软件工程,0.116272174,0.11639699339866638,0.00012481939866637592,up,0.1181,17.0
2026-Q3,Unity3D开发工程师,算法与数据结构,0.03401364,0.033903732895851135,-0.00010990710414886251,down,0.0315,17.0
2026-Q3,Unity3D开发工程师,系统测试与质量评估,0.040197067,0.03934139013290405,-0.0008556768670959503,down,0.0394,16.0
2026-Q3,Unity3D开发工程师,系统部署交付与运维,0.0016145464,0.001631755381822586,1.7208981822586017e-05,up,0.0,12.0
2026-Q3,Unity3D开发工程师,终身学习与知识更新,0.045612186,0.04549422487616539,-0.000117961123834609,down,0.0472,17.0
2026-Q3,Unity3D开发工程师,网络安全与数据隐私,7.843634e-05,8.126237662509084e-05,2.826036625090835e-06,up,0.0,6.0
2026-Q3,Unity3D开发工程师,自我监测与工作复盘,0.0079270955,0.007631789427250624,-0.00029530607274937636,down,0.0079,15.0
2026-Q3,Unity3D开发工程师,自然语言处理技术,1.4633028e-05,1.7968210158869624e-05,3.335182158869624e-06,up,0.0,3.0
2026-Q3,Unity3D开发工程师,计算数学与数据建模,0.01113389,0.01099427044391632,-0.00013961955608367965,down,0.0157,15.0
2026-Q3,Unity3D开发工程师,计算机硬件与数字电路,0.006302341,0.006097516510635614,-0.00020482448936438597,down,0.0079,15.0
2026-Q3,Unity3D开发工程师,计算机网络与通信技术,0.03377332,0.03409235551953316,0.00031903551953315484,up,0.0472,17.0
2026-Q3,Unity3D开发工程师,计算机视觉与多模态,0.01691538,0.017230963334441185,0.0003155833344411843,up,0.0394,16.0
2026-Q3,Unity3D开发工程师,说服与分歧谈判,2.175034e-05,1.8876366084441543e-05,-2.8739739155584576e-06,down,0.0,2.0
2026-Q3,Unity3D开发工程师,软件架构与系统设计,0.054000247,0.05489993467926979,0.0008996876792697894,up,0.0472,17.0
2026-Q3,Unity3D开发工程师,需求洞察与服务意识,0.01600476,0.01699984259903431,0.0009950825990343096,up,0.0,15.0
2026-Q3,Web前端开发,AI任务拆解与规划,0.00080869003,0.0008321276982314885,2.343766823148844e-05,up,0.0,13.0
2026-Q3,Web前端开发,AI安全与风险防控,-5.16673e-07,1.0074436431750655e-06,1.5241166431750655e-06,up,0.0,1.0
2026-Q3,Web前端开发,AI智能体构建与编排,0.0008326921,0.0010524792596697807,0.0002197871596697807,up,0.0038,9.0
2026-Q3,Web前端开发,AI输出质量评估,2.4845285e-06,4.171706677880138e-06,1.687178177880138e-06,up,0.0,6.0
2026-Q3,Web前端开发,RAG与向量数据库,0.000775891,0.0008247544756159186,4.886347561591862e-05,up,0.0029,7.0
2026-Q3,Web前端开发,严谨细致与诚信自律,0.04570518,0.04589183256030083,0.000186652560300829,up,0.0401,17.0
2026-Q3,Web前端开发,书面技术文档撰写,0.035440274,0.03535323590040207,-8.703809959793168e-05,down,0.0334,17.0
2026-Q3,Web前端开发,云原生与分布式系统,0.008695438,0.00856686756014824,-0.00012857043985176064,down,0.0076,17.0
2026-Q3,Web前端开发,人机交互与用户体验,0.107303254,0.10685725510120392,-0.00044599889879608223,down,0.1116,17.0
2026-Q3,Web前端开发,人机语义对齐与协同,0.00054853834,0.0005329728592187166,-1.5565480781283428e-05,down,0.001,3.0
2026-Q3,Web前端开发,仿真数据合成,8.749539e-07,1.3764783943770453e-06,5.015244943770453e-07,up,0.0,2.0
2026-Q3,Web前端开发,信息管理与数字素养,0.0058760573,0.005760415457189083,-0.00011564184281091707,down,0.0057,16.0
2026-Q3,Web前端开发,创造力与创新思维,0.0111406725,0.011416228488087654,0.0002755559880876536,up,0.0105,17.0
2026-Q3,Web前端开发,口头技术沟通与汇报,0.06270118,0.06312531977891922,0.0004241397789192247,up,0.0639,17.0
2026-Q3,Web前端开发,团队协作与协调,0.10801421,0.10786950588226318,-0.0001447041177368158,down,0.1078,17.0
2026-Q3,Web前端开发,图形与交互技术,0.018142555,0.018102234229445457,-4.032077055454372e-05,down,0.0181,17.0
2026-Q3,Web前端开发,多方权衡与方案决策,0.007226567,0.00747903436422348,0.0002524673642234805,up,0.0057,16.0
2026-Q3,Web前端开发,大数据与分布式计算,0.0019107233,0.0018893982050940394,-2.1325094905960467e-05,down,0.0029,15.0
2026-Q3,Web前端开发,大模型开发与微调,0.00076447753,0.0006897565326653421,-7.472099733465791e-05,down,0.001,6.0
2026-Q3,Web前端开发,大模型选型与评测,0.00021061268,0.0002518066030461341,4.1193923046134126e-05,up,0.0029,5.0
2026-Q3,Web前端开发,嵌入式系统与固件开发,0.0010913904,0.001119145192205906,2.775479220590597e-05,up,0.001,15.0
2026-Q3,Web前端开发,归纳与演绎推理,0.0022832516,0.0024132276885211468,0.00012997608852114697,up,0.0029,15.0
2026-Q3,Web前端开发,批判性逻辑思考,0.036989916,0.037102606147527695,0.00011269014752769702,up,0.0353,17.0
2026-Q3,Web前端开发,提示设计与提示工程,0.0112076355,0.011751050129532814,0.0005434146295328138,up,0.0086,6.0
2026-Q3,Web前端开发,操作系统与系统管理,0.004825148,0.004966165404766798,0.00014101740476679843,up,0.0038,17.0
2026-Q3,Web前端开发,数据分析与可视化,0.014420693,0.014328069053590298,-9.262394640970235e-05,down,0.0153,17.0
2026-Q3,Web前端开发,数据管理与数据库,0.012877088,0.01288021169602871,3.1236960287093357e-06,up,0.0153,17.0
2026-Q3,Web前端开发,时间与资源统筹管理,0.011930042,0.011634621769189835,-0.0002954202308101655,down,0.0067,17.0
2026-Q3,Web前端开发,机器学习与深度学习,0.004194302,0.004216950852423906,2.2648852423906747e-05,up,0.0076,17.0
2026-Q3,Web前端开发,环境适应与压力耐受,0.024456544,0.02434174343943596,-0.00011480056056404134,down,0.0229,17.0
2026-Q3,Web前端开发,生成式AI原理与应用,0.005031719,0.00487600127235055,-0.0001557177276494499,down,0.0076,12.0
2026-Q3,Web前端开发,生成式AI应用开发,0.012190217,0.011954396031796932,-0.0002358209682030675,down,0.0143,13.0
2026-Q3,Web前端开发,目标导向与攻坚韧性,0.021348216,0.0215628482401371,0.0002146322401371005,up,0.0191,17.0
2026-Q3,Web前端开发,程序设计与软件工程,0.12976602,0.13008350133895874,0.00031748133895873054,up,0.1298,17.0
2026-Q3,Web前端开发,算法与数据结构,0.009232474,0.009729729034006596,0.0004972550340065964,up,0.0067,17.0
2026-Q3,Web前端开发,系统测试与质量评估,0.04813765,0.048184026032686234,4.637603268623641e-05,up,0.0487,17.0
2026-Q3,Web前端开发,系统部署交付与运维,0.016494382,0.016364378854632378,-0.00013000314536762078,down,0.02,17.0
2026-Q3,Web前端开发,终身学习与知识更新,0.07047059,0.07037834823131561,-9.224176868438683e-05,down,0.0706,17.0
2026-Q3,Web前端开发,网络安全与数据隐私,0.014656092,0.014676647260785103,2.0555260785102072e-05,up,0.0153,16.0
2026-Q3,Web前端开发,自我监测与工作复盘,0.0039039156,0.0038633947260677814,-4.0520873932218746e-05,down,0.001,17.0
2026-Q3,Web前端开发,自然语言处理技术,0.0011682231,0.0011070528998970985,-6.117020010290141e-05,down,0.0019,13.0
2026-Q3,Web前端开发,计算数学与数据建模,0.001040873,0.0010285438038408756,-1.2329196159124476e-05,down,0.001,17.0
2026-Q3,Web前端开发,计算机硬件与数字电路,0.0014046645,0.0014119244879111648,7.2599879111646774e-06,up,0.0019,11.0
2026-Q3,Web前端开发,计算机网络与通信技术,0.025835726,0.02583927847445011,3.552474450111559e-06,up,0.0315,17.0
2026-Q3,Web前端开发,计算机视觉与多模态,0.0016458086,0.001674627885222435,2.8819285222435103e-05,up,0.0029,14.0
2026-Q3,Web前端开发,说服与分歧谈判,0.001170002,0.0011409318540245295,-2.9070145975470607e-05,down,0.001,12.0
2026-Q3,Web前端开发,负责任AI与可解释性,2.1262713e-05,5.2322851843200624e-05,3.1060138843200626e-05,up,0.0,5.0
2026-Q3,Web前端开发,软件架构与系统设计,0.059747223,0.060266464948654175,0.0005192419486541727,up,0.0573,17.0
2026-Q3,Web前端开发,需求洞察与服务意识,0.031913012,0.03215803951025009,0.000245027510250094,up,0.0315,17.0
2026-Q3,iOS开发工程师,AI任务拆解与规划,0.00071349926,0.0007232319330796599,9.732673079659968e-06,up,0.0132,7.0
2026-Q3,iOS开发工程师,AI幻觉识别与校验,3.577501e-06,6.455884431488812e-06,2.878383431488812e-06,up,0.0,1.0
2026-Q3,iOS开发工程师,严谨细致与诚信自律,0.055804666,0.055215369910001755,-0.000589296089998248,down,0.0596,17.0
2026-Q3,iOS开发工程师,书面技术文档撰写,0.03476169,0.03487477824091911,0.00011308824091911529,up,0.0331,16.0
2026-Q3,iOS开发工程师,云原生与分布式系统,0.0057483544,0.00551789253950119,-0.00023046186049880974,down,0.0066,12.0
2026-Q3,iOS开发工程师,人机交互与用户体验,0.058459777,0.05891035497188568,0.00045057797188568366,up,0.0662,17.0
2026-Q3,iOS开发工程师,人机语义对齐与协同,2.4063775e-06,4.552821337711066e-06,2.146443837711066e-06,up,0.0,1.0
2026-Q3,iOS开发工程师,信息管理与数字素养,0.002852872,0.0029411816503852606,8.83096503852608e-05,up,0.0066,9.0
2026-Q3,iOS开发工程师,创造力与创新思维,0.015560609,0.015312479808926582,-0.0002481291910734172,down,0.0066,16.0
2026-Q3,iOS开发工程师,口头技术沟通与汇报,0.058588125,0.0585298165678978,-5.830843210220121e-05,down,0.0596,16.0
2026-Q3,iOS开发工程师,团队协作与协调,0.085671514,0.08569162338972092,2.0109389720912585e-05,up,0.0861,17.0
2026-Q3,iOS开发工程师,图形与交互技术,0.022208212,0.022031905129551888,-0.00017630687044811397,down,0.0265,15.0
2026-Q3,iOS开发工程师,多方权衡与方案决策,0.005569294,0.005436895880848169,-0.00013239811915183048,down,0.0,14.0
2026-Q3,iOS开发工程师,大数据与分布式计算,9.541094e-06,1.2688658898696303e-05,3.147564898696304e-06,up,0.0,1.0
2026-Q3,iOS开发工程师,大模型开发与微调,2.5530317e-06,5.962225259281695e-06,3.4091935592816947e-06,up,0.0,1.0
2026-Q3,iOS开发工程师,嵌入式系统与固件开发,0.017054133,0.017149383202195168,9.525020219516844e-05,up,0.0199,16.0
2026-Q3,iOS开发工程师,异构模态组合与泛化能力,1.393164e-06,2.585016773082316e-06,1.191852773082316e-06,up,0.0,1.0
2026-Q3,iOS开发工程师,归纳与演绎推理,5.479186e-05,5.2620540373027325e-05,-2.171319626972672e-06,down,0.0,6.0
2026-Q3,iOS开发工程师,批判性逻辑思考,0.043400127,0.04411217197775841,0.0007120449777584109,up,0.0464,16.0
2026-Q3,iOS开发工程师,操作系统与系统管理,0.02073183,0.02145017310976982,0.0007183431097698215,up,0.0397,16.0
2026-Q3,iOS开发工程师,数据分析与可视化,0.000685469,0.0007946189725771546,0.00010914997257715467,up,0.0,9.0
2026-Q3,iOS开发工程师,数据管理与数据库,0.013461307,0.013226458802819252,-0.00023484819718074847,down,0.0132,16.0
2026-Q3,iOS开发工程师,时间与资源统筹管理,0.0113631,0.011736133135855198,0.00037303313585519866,up,0.0132,16.0
2026-Q3,iOS开发工程师,机器学习与深度学习,0.00018838851,0.0002904032589867711,0.00010201474898677111,up,0.0,7.0
2026-Q3,iOS开发工程师,环境适应与压力耐受,0.014847146,0.014659835025668144,-0.00018731097433185608,down,0.0132,16.0
2026-Q3,iOS开发工程师,生成式AI原理与应用,0.006846958,0.007364766206592321,0.0005178082065923212,up,0.0066,4.0
2026-Q3,iOS开发工程师,生成式AI应用开发,6.5167784e-05,8.167407941073179e-05,1.6506295410731786e-05,up,0.0,5.0
2026-Q3,iOS开发工程师,目标导向与攻坚韧性,0.027586067,0.02764699049293995,6.09234929399502e-05,up,0.0265,16.0
2026-Q3,iOS开发工程师,程序设计与软件工程,0.123011075,0.12290596961975098,-0.00010510538024902094,down,0.1258,17.0
2026-Q3,iOS开发工程师,算法与数据结构,0.02599023,0.026146577671170235,0.0001563476711702351,up,0.0265,16.0
2026-Q3,iOS开发工程师,系统测试与质量评估,0.055584338,0.056445926427841187,0.0008615884278411895,up,0.0464,17.0
2026-Q3,iOS开发工程师,系统部署交付与运维,0.011151949,0.01087212935090065,-0.0002798196490993495,down,0.0132,14.0
2026-Q3,iOS开发工程师,终身学习与知识更新,0.039933864,0.04487527906894684,0.004941415068946839,up,0.0265,17.0
2026-Q3,iOS开发工程师,网络安全与数据隐私,0.02375639,0.02336142770946026,-0.0003949622905397403,down,0.0265,15.0
2026-Q3,iOS开发工程师,自我监测与工作复盘,0.0038938664,0.003764184657484293,-0.00012968174251570689,down,0.0066,13.0
2026-Q3,iOS开发工程师,自然语言处理技术,0.0030429803,0.0029683972243219614,-7.458307567803852e-05,down,0.0066,7.0
2026-Q3,iOS开发工程师,计算数学与数据建模,1.393164e-06,3.260953235439956e-06,1.8677892354399563e-06,up,0.0,1.0
2026-Q3,iOS开发工程师,计算机硬件与数字电路,0.001594,0.0016351109370589256,4.11109370589257e-05,up,0.0,14.0
2026-Q3,iOS开发工程师,计算机网络与通信技术,0.06102445,0.06066445633769035,-0.0003599936623096475,down,0.0596,16.0
2026-Q3,iOS开发工程师,计算机视觉与多模态,0.0103972405,0.010745346546173096,0.00034810604617309567,up,0.0132,12.0
2026-Q3,iOS开发工程师,说服与分歧谈判,3.0669617e-05,3.0931958463042974e-05,2.623414630429727e-07,up,0.0,4.0
2026-Q3,iOS开发工程师,软件架构与系统设计,0.078751996,0.07964708656072617,0.0008950905607261611,up,0.0795,17.0
2026-Q3,iOS开发工程师,需求洞察与服务意识,0.033019297,0.033199723809957504,0.00018042680995750127,up,0.0265,17.0
2026-Q3,产品工程师,AI任务拆解与规划,9.872235e-05,0.00011506403097882867,1.6341680978828663e-05,up,0.0,9.0
2026-Q3,产品工程师,AI安全与风险防控,-6.2327017e-06,-4.722278390545398e-06,1.5104233094546023e-06,up,0.0,3.0
2026-Q3,产品工程师,AI输出质量评估,-8.56704e-07,1.3303724699653685e-07,9.897412469965367e-07,up,0.0,1.0
2026-Q3,产品工程师,严谨细致与诚信自律,0.04525309,0.04460141807794571,-0.0006516719220542935,down,0.0475,10.0
2026-Q3,产品工程师,书面技术文档撰写,0.07373776,0.07452383637428284,0.0007860763742828375,up,0.0717,10.0
2026-Q3,产品工程师,云原生与分布式系统,0.00019853123,0.0001976534549612552,-8.777750387448102e-07,down,0.0,8.0
2026-Q3,产品工程师,人机交互与用户体验,0.019917322,0.01941332407295704,-0.0005039979270429623,down,0.0203,10.0
2026-Q3,产品工程师,人机语义对齐与协同,-5.1977986e-07,6.946393114048988e-07,1.2144191714048986e-06,up,0.0,2.0
2026-Q3,产品工程师,仿真数据合成,-1.7626808e-06,-1.0090516298078e-06,7.536291701922e-07,up,0.0,3.0
2026-Q3,产品工程师,信息管理与数字素养,0.029070739,0.029057683423161507,-1.3055576838495037e-05,down,0.0291,10.0
2026-Q3,产品工程师,创造力与创新思维,0.018516064,0.018555201590061188,3.9137590061189e-05,up,0.0194,10.0
2026-Q3,产品工程师,口头技术沟通与汇报,0.089976184,0.09006424248218536,8.805848218536305e-05,up,0.0891,10.0
2026-Q3,产品工程师,团队协作与协调,0.095167115,0.0955248475074768,0.00035773250747681007,up,0.0911,10.0
2026-Q3,产品工程师,图形与交互技术,0.023578664,0.023091891780495644,-0.00048677221950435556,down,0.0223,10.0
2026-Q3,产品工程师,多方权衡与方案决策,0.048449606,0.04847307503223419,2.3469032234192666e-05,up,0.0484,10.0
2026-Q3,产品工程师,大数据与分布式计算,1.8852326e-05,3.452360397204757e-05,1.5671277972047567e-05,up,0.0,5.0
2026-Q3,产品工程师,大模型开发与微调,-5.9940867e-06,-2.838052751030773e-06,3.1560339489692275e-06,up,0.0,1.0
2026-Q3,产品工程师,大模型选型与评测,-5.9940794e-06,-2.344873792026192e-06,3.6492056079738078e-06,up,0.0,1.0
2026-Q3,产品工程师,嵌入式系统与固件开发,0.028240666,0.028314068913459778,7.340291345977676e-05,up,0.0281,10.0
2026-Q3,产品工程师,归纳与演绎推理,0.0065177768,0.006614746525883675,9.696972588367492e-05,up,0.0068,10.0
2026-Q3,产品工程师,批判性逻辑思考,0.059596926,0.059831418097019196,0.0002344920970191941,up,0.064,10.0
2026-Q3,产品工程师,提示设计与提示工程,-2.2143104e-07,5.941983545199037e-07,8.156293945199037e-07,up,0.0,1.0
2026-Q3,产品工程师,操作系统与系统管理,0.0009664924,0.000902025552932173,-6.446684706782702e-05,down,0.001,10.0
2026-Q3,产品工程师,数据分析与可视化,0.027800001,0.027786102145910263,-1.3898854089738205e-05,down,0.0291,10.0
2026-Q3,产品工程师,数据管理与数据库,0.008350335,0.00817177351564169,-0.0001785614843583111,down,0.0087,10.0
2026-Q3,产品工程师,时间与资源统筹管理,0.05083923,0.05072179436683655,-0.00011743563316345129,down,0.0504,10.0
2026-Q3,产品工程师,机器学习与深度学习,0.00071581395,0.0007390527753159404,2.3238825315940342e-05,up,0.001,9.0
2026-Q3,产品工程师,环境适应与压力耐受,0.03277591,0.0329144224524498,0.0001385124524498002,up,0.0349,10.0
2026-Q3,产品工程师,生成式AI原理与应用,0.00037817477,0.00036499282578006387,-1.3181944219936147e-05,down,0.001,6.0
2026-Q3,产品工程师,生成式AI应用开发,4.0367013e-06,5.893234629184008e-06,1.8565333291840078e-06,up,0.0,3.0
2026-Q3,产品工程师,目标导向与攻坚韧性,0.048408,0.047778159379959106,-0.0006298406200408932,down,0.0504,10.0
2026-Q3,产品工程师,程序设计与软件工程,0.028331555,0.027928967028856277,-0.00040258797114372386,down,0.03,10.0
2026-Q3,产品工程师,算法与数据结构,0.0024431492,0.0022083260118961334,-0.00023482318810386657,down,0.0029,8.0
2026-Q3,产品工程师,系统测试与质量评估,0.04298689,0.042940981686115265,-4.590831388473493e-05,down,0.0426,10.0
2026-Q3,产品工程师,系统部署交付与运维,0.008592848,0.008683721534907818,9.087353490781769e-05,up,0.0107,10.0
2026-Q3,产品工程师,终身学习与知识更新,0.028060414,0.02848358079791069,0.0004231667979106915,up,0.0291,10.0
2026-Q3,产品工程师,网络安全与数据隐私,0.0034456493,0.0034626098349690437,1.6960534969043782e-05,up,0.0039,10.0
2026-Q3,产品工程师,自我监测与工作复盘,0.0140920635,0.014035332947969437,-5.673055203056325e-05,down,0.0155,10.0
2026-Q3,产品工程师,自然语言处理技术,3.023997e-07,6.849550118204206e-07,3.8255531182042064e-07,up,0.0,2.0
2026-Q3,产品工程师,计算数学与数据建模,0.008576498,0.008508246392011642,-6.825160798835765e-05,down,0.0087,10.0
2026-Q3,产品工程师,计算机硬件与数字电路,0.03787326,0.03802429512143135,0.00015103512143135184,up,0.0388,10.0
2026-Q3,产品工程师,计算机网络与通信技术,0.00746045,0.007333303336054087,-0.00012714666394591373,down,0.0087,10.0
2026-Q3,产品工程师,计算机视觉与多模态,0.00086884433,0.0008637448190711439,-5.099510928856135e-06,down,0.001,10.0
2026-Q3,产品工程师,说服与分歧谈判,0.0053967508,0.005314191337674856,-8.255946232514372e-05,down,0.0058,10.0
2026-Q3,产品工程师,负责任AI与可解释性,-5.859787e-06,-5.021327524445951e-06,8.384594755540487e-07,up,0.0,3.0
2026-Q3,产品工程师,软件架构与系统设计,0.015913451,0.015919487923383713,6.036923383714171e-06,up,0.0165,10.0
2026-Q3,产品工程师,需求洞察与服务意识,0.074159384,0.07500635087490082,0.000846966874900823,up,0.0717,10.0
2026-Q3,产品经理,AI任务拆解与规划,0.0034560037,0.0034357320982962847,-2.0271601703715156e-05,down,0.0032,17.0
2026-Q3,产品经理,AI安全与风险防控,0.0008334691,0.0008459415985271335,1.2472498527133446e-05,up,0.001,15.0
2026-Q3,产品经理,AI幻觉识别与校验,-1.4762009e-07,4.360244929557666e-07,5.836445829557666e-07,up,0.0,1.0
2026-Q3,产品经理,AI智能体构建与编排,0.0024938479,0.0025587209966033697,6.487309660336985e-05,up,0.0026,9.0
2026-Q3,产品经理,AI输出质量评估,0.00040329114,0.0004614871577359736,5.81960177359736e-05,up,0.0003,17.0
2026-Q3,产品经理,RAG与向量数据库,0.00044791424,0.0004678193072322756,1.9905067232275594e-05,up,0.001,9.0
2026-Q3,产品经理,严谨细致与诚信自律,0.03398507,0.0338294580578804,-0.00015561194211959756,down,0.0323,17.0
2026-Q3,产品经理,书面技术文档撰写,0.06457891,0.06446580588817596,-0.0001131041118240389,down,0.0642,17.0
2026-Q3,产品经理,云原生与分布式系统,0.0036500413,0.003670573467388749,2.0532167388749318e-05,up,0.0035,17.0
2026-Q3,产品经理,人机交互与用户体验,0.031535268,0.03172750771045685,0.0001922397104568499,up,0.032,17.0
2026-Q3,产品经理,人机语义对齐与协同,0.0010466612,0.001083018840290606,3.635764029060601e-05,up,0.001,9.0
2026-Q3,产品经理,仿真数据合成,5.0735252e-08,2.589695213828236e-07,2.082342693828236e-07,up,0.0,4.0
2026-Q3,产品经理,信息管理与数字素养,0.030671941,0.030673740431666374,1.7994316663730303e-06,up,0.0304,17.0
2026-Q3,产品经理,创造力与创新思维,0.03271412,0.032964352518320084,0.0002502325183200843,up,0.0329,17.0
2026-Q3,产品经理,口头技术沟通与汇报,0.08071973,0.08105675131082535,0.0003370213108253445,up,0.0812,17.0
2026-Q3,产品经理,团队协作与协调,0.10014732,0.10016787052154541,2.0550521545412148e-05,up,0.1007,17.0
2026-Q3,产品经理,图形与交互技术,0.002592447,0.002584327943623066,-8.119056376933945e-06,down,0.0026,17.0
2026-Q3,产品经理,多方权衡与方案决策,0.06304261,0.06304007768630981,-2.5323136901844734e-06,down,0.0636,17.0
2026-Q3,产品经理,大数据与分布式计算,0.0011758823,0.0011752181453630328,-6.641546369671233e-07,down,0.0006,16.0
2026-Q3,产品经理,大模型开发与微调,0.00018521863,0.00018610406550578773,8.854355057877393e-07,up,0.0003,6.0
2026-Q3,产品经理,大模型选型与评测,0.00066001504,0.0006595239974558353,-4.910425441646219e-07,down,0.0006,14.0
2026-Q3,产品经理,嵌入式系统与固件开发,0.011400528,0.011406408622860909,5.880622860908458e-06,up,0.0109,17.0
2026-Q3,产品经理,异构模态组合与泛化能力,0.00039951154,0.00040020368760451674,6.921476045167706e-07,up,0.0003,2.0
2026-Q3,产品经理,归纳与演绎推理,0.007887671,0.008060370571911335,0.00017269957191133438,up,0.0083,17.0
2026-Q3,产品经理,批判性逻辑思考,0.06712589,0.06714154779911041,1.565779911041898e-05,up,0.0694,17.0
2026-Q3,产品经理,提示设计与提示工程,0.00077430427,0.000768577738199383,-5.7265318006169495e-06,down,0.001,12.0
2026-Q3,产品经理,操作系统与系统管理,0.0012868623,0.0012742583639919758,-1.2603936008024263e-05,down,0.0013,17.0
2026-Q3,产品经理,数据分析与可视化,0.044097476,0.044138237833976746,4.076183397674904e-05,up,0.0454,17.0
2026-Q3,产品经理,数据管理与数据库,0.008395072,0.008363697677850723,-3.1374322149276684e-05,down,0.0089,17.0
2026-Q3,产品经理,时间与资源统筹管理,0.065713376,0.06571809947490692,4.723474906917491e-06,up,0.0665,17.0
2026-Q3,产品经理,机器学习与深度学习,0.0054420573,0.005245957523584366,-0.00019609977641563397,down,0.0083,17.0
2026-Q3,产品经理,环境适应与压力耐受,0.03892334,0.039019741117954254,9.640111795425343e-05,up,0.0412,17.0
2026-Q3,产品经理,生成式AI原理与应用,0.0020527132,0.0020532056223601103,4.924223601103679e-07,up,0.0035,16.0
2026-Q3,产品经理,生成式AI应用开发,0.003215203,0.003186841495335102,-2.836150466489773e-05,down,0.0042,16.0
2026-Q3,产品经理,目标导向与攻坚韧性,0.05229675,0.05220229923725128,-9.445076274872122e-05,down,0.0527,17.0
2026-Q3,产品经理,程序设计与软件工程,0.014752392,0.014851556159555912,9.916415955591243e-05,up,0.0137,17.0
2026-Q3,产品经理,算法与数据结构,0.0010381143,0.0010326356859877706,-5.478614012229465e-06,down,0.0013,17.0
2026-Q3,产品经理,系统测试与质量评估,0.00896039,0.00895884819328785,-1.5418067121509421e-06,down,0.0089,17.0
2026-Q3,产品经理,系统部署交付与运维,0.0028821463,0.0028696937952190638,-1.245250478093627e-05,down,0.0032,17.0
2026-Q3,产品经理,终身学习与知识更新,0.036074217,0.036153849214315414,7.963221431541573e-05,up,0.0361,17.0
2026-Q3,产品经理,网络安全与数据隐私,0.0027437815,0.0027405289001762867,-3.2525998237132973e-06,down,0.0029,16.0
2026-Q3,产品经理,自我监测与工作复盘,0.009192227,0.00921656098216772,2.4333982167720064e-05,up,0.0086,17.0
2026-Q3,产品经理,自然语言处理技术,0.0013836178,0.0014105907175689936,2.697291756899355e-05,up,0.0022,16.0
2026-Q3,产品经理,计算数学与数据建模,0.0027123806,0.002716495655477047,4.115055477046849e-06,up,0.0029,17.0
2026-Q3,产品经理,计算机硬件与数字电路,0.01119186,0.011078841984272003,-0.00011301801572799648,down,0.0118,17.0
2026-Q3,产品经理,计算机网络与通信技术,0.0060548605,0.00603010319173336,-2.4757308266639896e-05,down,0.0058,17.0
2026-Q3,产品经理,计算机视觉与多模态,0.0036807496,0.003647019388154149,-3.37302118458508e-05,down,0.0038,16.0
2026-Q3,产品经理,说服与分歧谈判,0.014540839,0.014465629123151302,-7.520987684869751e-05,down,0.0147,17.0
2026-Q3,产品经理,负责任AI与可解释性,0.00047992775,0.0004973940667696297,1.746631676962973e-05,up,0.0006,15.0
2026-Q3,产品经理,软件架构与系统设计,0.0112158405,0.01126371044665575,4.786994665575105e-05,up,0.0109,17.0
2026-Q3,产品经理,需求洞察与服务意识,0.09647123,0.09665614366531372,0.00018491366531371567,up,0.0968,17.0
2026-Q3,人机协同专家,AI任务拆解与规划,0.01911821,0.01829340308904648,-0.0008248069109535218,down,0.0484,4.0
2026-Q3,人机协同专家,AI安全与风险防控,0.019741232,0.0196243766695261,-0.00011685533047390076,down,0.0161,2.0
2026-Q3,人机协同专家,AI幻觉识别与校验,-7.3039904e-05,-3.9433594793081284e-05,3.360630920691871e-05,up,0.0,3.0
2026-Q3,人机协同专家,AI智能体构建与编排,0.024864469,0.03203520551323891,0.007170736513238907,up,0.0403,5.0
2026-Q3,人机协同专家,AI输出质量评估,0.00031962153,0.0006515244022011757,0.00033190287220117567,up,0.0,5.0
2026-Q3,人机协同专家,RAG与向量数据库,-8.886377e-05,-6.753741763532162e-05,2.132635236467839e-05,up,0.0,2.0
2026-Q3,人机协同专家,严谨细致与诚信自律,0.007186111,0.006886572577059269,-0.0002995384229407313,down,0.0161,5.0
2026-Q3,人机协同专家,书面技术文档撰写,0.025767969,0.024587146937847137,-0.0011808220621528642,down,0.0484,8.0
2026-Q3,人机协同专家,云原生与分布式系统,0.0054855617,0.004324846435338259,-0.001160715264661741,down,0.0081,3.0
2026-Q3,人机协同专家,人机交互与用户体验,0.005893063,0.006080692633986473,0.00018762963398647348,up,0.0161,7.0
2026-Q3,人机协同专家,人机语义对齐与协同,0.067198284,0.06757872551679611,0.00038044151679611504,up,0.0484,2.0
2026-Q3,人机协同专家,信息管理与数字素养,0.0021499202,0.0019140411168336868,-0.00023587908316631328,down,0.0323,3.0
2026-Q3,人机协同专家,创造力与创新思维,0.029302739,0.02660381980240345,-0.0026989191975965512,down,0.0403,7.0
2026-Q3,人机协同专家,口头技术沟通与汇报,0.012103511,0.011164896190166473,-0.0009386148098335274,down,0.0484,7.0
2026-Q3,人机协同专家,团队协作与协调,0.057229538,0.05666498467326164,-0.000564553326738361,down,0.0645,9.0
2026-Q3,人机协同专家,图形与交互技术,0.0013965946,0.001563042402267456,0.00016644780226745615,up,0.0,2.0
2026-Q3,人机协同专家,多方权衡与方案决策,0.0014662445,0.0016191788017749786,0.00015293430177497867,up,0.0161,4.0
2026-Q3,人机协同专家,大模型开发与微调,0.00013747998,0.00041039660573005676,0.00027291662573005675,up,0.0,3.0
2026-Q3,人机协同专家,大模型选型与评测,0.012704801,0.016074206680059433,0.003369405680059433,up,0.0161,8.0
2026-Q3,人机协同专家,归纳与演绎推理,0.001982952,0.0018144766800105572,-0.0001684753199894429,down,0.0,3.0
2026-Q3,人机协同专家,批判性逻辑思考,0.010665294,0.009932555258274078,-0.0007327387417259221,down,0.0242,7.0
2026-Q3,人机协同专家,提示设计与提示工程,0.016744357,0.020917262881994247,0.004172905881994246,up,0.0161,8.0
2026-Q3,人机协同专家,数据分析与可视化,0.03043782,0.02978522516787052,-0.0006525948321294793,down,0.0403,8.0
2026-Q3,人机协同专家,数据管理与数据库,9.3172304e-05,0.00024247821420431137,0.00014930591020431136,up,0.0,4.0
2026-Q3,人机协同专家,时间与资源统筹管理,0.002679117,0.002719007432460785,3.9890432460784955e-05,up,0.0081,5.0
2026-Q3,人机协同专家,机器学习与深度学习,0.012868473,0.012964468449354172,9.599544935417169e-05,up,0.0161,9.0
2026-Q3,人机协同专家,环境适应与压力耐受,0.0038205571,0.0029108927119523287,-0.0009096643880476714,down,0.0081,4.0
2026-Q3,人机协同专家,生成式AI原理与应用,0.030216131,0.03222160413861275,0.002005473138612747,up,0.0403,8.0
2026-Q3,人机协同专家,生成式AI应用开发,0.054153178,0.05456163361668587,0.0004084556166858641,up,0.0484,3.0
2026-Q3,人机协同专家,目标导向与攻坚韧性,0.021078633,0.019635116681456566,-0.0014435163185434335,down,0.0484,6.0
2026-Q3,人机协同专家,程序设计与软件工程,0.015390131,0.01654086634516716,0.0011507353451671604,up,0.0323,8.0
2026-Q3,人机协同专家,算法与数据结构,0.00031207898,0.00035848235711455345,4.6403377114553434e-05,up,0.0,2.0
2026-Q3,人机协同专家,系统测试与质量评估,0.0054908483,0.004468724597245455,-0.0010221237027545453,down,0.0081,4.0
2026-Q3,人机协同专家,系统部署交付与运维,0.0019990283,0.0018688768614083529,-0.00013015143859164717,down,0.0081,3.0
2026-Q3,人机协同专家,终身学习与知识更新,0.02992025,0.031015105545520782,0.0010948555455207835,up,0.0645,9.0
2026-Q3,人机协同专家,网络安全与数据隐私,0.03469812,0.03665873035788536,0.0019606103578853618,up,0.0242,2.0
2026-Q3,人机协同专家,自我监测与工作复盘,0.0015049258,0.0011880118399858475,-0.0003169139600141524,down,0.0242,3.0
2026-Q3,人机协同专家,自然语言处理技术,0.0056803925,0.005420553497970104,-0.00025983900202989577,down,0.0081,7.0
2026-Q3,人机协同专家,计算数学与数据建模,0.0005904441,0.0005651838146150112,-2.5260285384988792e-05,down,0.0,2.0
2026-Q3,人机协同专家,计算机网络与通信技术,0.007043237,0.006479883566498756,-0.0005633534335012435,down,0.0081,2.0
2026-Q3,人机协同专家,计算机视觉与多模态,0.0035070349,0.004474354907870293,0.0009673200078702928,up,0.0242,6.0
2026-Q3,人机协同专家,说服与分歧谈判,5.8259757e-06,6.480171578004956e-06,6.541958780049561e-07,up,0.0,1.0
2026-Q3,人机协同专家,负责任AI与可解释性,0.0037362287,0.003158204723149538,-0.0005780239768504621,down,0.0081,2.0
2026-Q3,人机协同专家,软件架构与系统设计,0.0017691378,0.001919998787343502,0.00015086098734350215,up,0.0081,4.0
2026-Q3,人机协同专家,需求洞察与服务意识,0.01536193,0.011327171698212624,-0.004034758301787376,down,0.0726,6.0
2026-Q3,全栈工程师,AI任务拆解与规划,0.0033402434,0.0036287037655711174,0.0002884603655711176,up,0.0134,15.0
2026-Q3,全栈工程师,AI安全与风险防控,8.318105e-05,0.0001061306829797104,2.2949632979710395e-05,up,0.0008,4.0
2026-Q3,全栈工程师,AI幻觉识别与校验,0.0010870025,0.001183037064038217,9.603456403821701e-05,up,0.0032,5.0
2026-Q3,全栈工程师,AI智能体构建与编排,0.015198445,0.015602722764015198,0.0004042777640151981,up,0.0197,10.0
2026-Q3,全栈工程师,AI输出质量评估,0.002359041,0.002335081808269024,-2.3959191730976194e-05,down,0.0024,4.0
2026-Q3,全栈工程师,RAG与向量数据库,0.0105265,0.010556486435234547,2.9986435234547262e-05,up,0.011,11.0
2026-Q3,全栈工程师,严谨细致与诚信自律,0.02722318,0.027184197679162025,-3.898232083797415e-05,down,0.0268,17.0
2026-Q3,全栈工程师,书面技术文档撰写,0.04089421,0.04111160337924957,0.00021739337924957247,up,0.0402,17.0
2026-Q3,全栈工程师,云原生与分布式系统,0.040928427,0.04084170237183571,-8.672462816429471e-05,down,0.0465,17.0
2026-Q3,全栈工程师,人机交互与用户体验,0.04315136,0.04310138151049614,-4.997848950386019e-05,down,0.0426,17.0
2026-Q3,全栈工程师,人机语义对齐与协同,0.0038375221,0.0038907858543097973,5.326375430979736e-05,up,0.0039,8.0
2026-Q3,全栈工程师,信息管理与数字素养,0.0037574526,0.0037604791577905416,3.026557790541777e-06,up,0.0039,17.0
2026-Q3,全栈工程师,创造力与创新思维,0.013200543,0.013033934868872166,-0.00016660813112783467,down,0.0118,17.0
2026-Q3,全栈工程师,口头技术沟通与汇报,0.038987976,0.03922095149755478,0.00023297549755477848,up,0.0394,17.0
2026-Q3,全栈工程师,团队协作与协调,0.06293686,0.06489149481058121,0.00195463481058121,up,0.0567,17.0
2026-Q3,全栈工程师,图形与交互技术,0.0033110739,0.0033013061620295048,-9.767737970495412e-06,down,0.0032,15.0
2026-Q3,全栈工程师,多方权衡与方案决策,0.0095705325,0.0096936309710145,0.00012309847101450028,up,0.0087,17.0
2026-Q3,全栈工程师,大数据与分布式计算,0.009980529,0.009964768774807453,-1.576022519254698e-05,down,0.011,17.0
2026-Q3,全栈工程师,大模型开发与微调,0.005113217,0.005173645913600922,6.042891360092187e-05,up,0.0063,10.0
2026-Q3,全栈工程师,大模型选型与评测,0.0065722857,0.006407109089195728,-0.00016517661080427213,down,0.0095,11.0
2026-Q3,全栈工程师,嵌入式系统与固件开发,0.0053978013,0.0053142374381423,-8.35638618577007e-05,down,0.0079,17.0
2026-Q3,全栈工程师,归纳与演绎推理,0.002328541,0.0023219797294586897,-6.5612705413102546e-06,down,0.0024,16.0
2026-Q3,全栈工程师,批判性逻辑思考,0.031982135,0.032058268785476685,7.613378547668276e-05,up,0.0323,17.0
2026-Q3,全栈工程师,提示设计与提示工程,0.018208252,0.018537286669015884,0.00032903466901588324,up,0.0173,9.0
2026-Q3,全栈工程师,操作系统与系统管理,0.02140309,0.021407924592494965,4.834592494964984e-06,up,0.0213,17.0
2026-Q3,全栈工程师,数据分析与可视化,0.01253841,0.012581215240061283,4.280524006128328e-05,up,0.0134,17.0
2026-Q3,全栈工程师,数据管理与数据库,0.063355915,0.06319613754749298,-0.0001597774525070178,down,0.063,17.0
2026-Q3,全栈工程师,时间与资源统筹管理,0.015040496,0.014916708692908287,-0.00012378730709171337,down,0.0142,17.0
2026-Q3,全栈工程师,机器学习与深度学习,0.011785605,0.011638377793133259,-0.00014722720686674053,down,0.0126,17.0
2026-Q3,全栈工程师,环境适应与压力耐受,0.02040622,0.02015191689133644,-0.0002543031086635582,down,0.0205,17.0
2026-Q3,全栈工程师,生成式AI原理与应用,0.012352373,0.012116721831262112,-0.00023565116873788816,down,0.0126,13.0
2026-Q3,全栈工程师,生成式AI应用开发,0.029890109,0.030086461454629898,0.00019635245462989656,up,0.0331,15.0
2026-Q3,全栈工程师,目标导向与攻坚韧性,0.026287053,0.026128709316253662,-0.0001583436837463391,down,0.026,17.0
2026-Q3,全栈工程师,程序设计与软件工程,0.082087934,0.08167535066604614,-0.0004125833339538587,down,0.0835,17.0
2026-Q3,全栈工程师,算法与数据结构,0.0071171457,0.007401152513921261,0.00028400681392126096,up,0.0071,17.0
2026-Q3,全栈工程师,系统测试与质量评估,0.038078032,0.038145773112773895,6.77411127738975e-05,up,0.0323,17.0
2026-Q3,全栈工程师,系统部署交付与运维,0.04184236,0.04193924367427826,9.688367427825723e-05,up,0.0433,17.0
2026-Q3,全栈工程师,终身学习与知识更新,0.04334344,0.043602198362350464,0.0002587583623504669,up,0.0402,17.0
2026-Q3,全栈工程师,网络安全与数据隐私,0.021683127,0.021304765716195107,-0.00037836128380489345,down,0.0229,17.0
2026-Q3,全栈工程师,自我监测与工作复盘,0.004270226,0.004321027547121048,5.0801547121047744e-05,up,0.0039,16.0
2026-Q3,全栈工程师,自然语言处理技术,0.0025638205,0.002663982566446066,0.00010016206644606609,up,0.0039,11.0
2026-Q3,全栈工程师,计算数学与数据建模,0.00199238,0.0019120433134958148,-8.033668650418539e-05,down,0.0016,15.0
2026-Q3,全栈工程师,计算机硬件与数字电路,0.0014995986,0.0015038838610053062,4.285261005306266e-06,up,0.0016,17.0
2026-Q3,全栈工程师,计算机网络与通信技术,0.021841545,0.022299636155366898,0.0004580911553668972,up,0.0197,17.0
2026-Q3,全栈工程师,计算机视觉与多模态,0.0038167557,0.003851889865472913,3.513416547291275e-05,up,0.0055,15.0
2026-Q3,全栈工程师,说服与分歧谈判,0.00075102993,0.0007166736177168787,-3.435631228312138e-05,down,0.0,13.0
2026-Q3,全栈工程师,负责任AI与可解释性,0.0018192378,0.0017918794183060527,-2.7358381693947395e-05,down,0.0016,3.0
2026-Q3,全栈工程师,软件架构与系统设计,0.07016093,0.07049035280942917,0.00032942280942917235,up,0.0654,17.0
2026-Q3,全栈工程师,需求洞察与服务意识,0.03179443,0.032003406435251236,0.00020897643525123744,up,0.0299,17.0
2026-Q3,区块链开发工程师,AI任务拆解与规划,3.208249e-05,4.5508204493671656e-05,1.3425714493671653e-05,up,0.0,5.0
2026-Q3,区块链开发工程师,AI安全与风险防控,0.00022047665,0.0003393813967704773,0.0001189047467704773,up,0.0,8.0
2026-Q3,区块链开发工程师,严谨细致与诚信自律,0.017595965,0.016400020569562912,-0.0011959444304370896,down,0.0,14.0
2026-Q3,区块链开发工程师,书面技术文档撰写,0.048892725,0.049368616193532944,0.00047589119353294573,up,0.0,14.0
2026-Q3,区块链开发工程师,云原生与分布式系统,0.038950898,0.038172394037246704,-0.0007785039627532936,down,0.0,15.0
2026-Q3,区块链开发工程师,人机交互与用户体验,0.0017346228,0.00201311893761158,0.00027849613761157994,up,0.0,13.0
2026-Q3,区块链开发工程师,信息管理与数字素养,1.7351238e-05,1.7012935131788254e-05,-3.383028682117477e-07,down,0.0,5.0
2026-Q3,区块链开发工程师,创造力与创新思维,0.003837483,0.0035688336938619614,-0.0002686493061380387,down,0.0,14.0
2026-Q3,区块链开发工程师,口头技术沟通与汇报,0.028438956,0.03586764633655548,0.00742869033655548,up,0.0,15.0
2026-Q3,区块链开发工程师,团队协作与协调,0.030277057,0.03409963101148605,0.003822574011486054,up,0.0,15.0
2026-Q3,区块链开发工程师,多方权衡与方案决策,0.0012847278,0.001885642297565937,0.0006009144975659369,up,0.0,11.0
2026-Q3,区块链开发工程师,大数据与分布式计算,2.9091258e-05,3.660190850496292e-05,7.510650504962922e-06,up,0.0,7.0
2026-Q3,区块链开发工程师,大模型选型与评测,7.214572e-05,0.00011220690794289112,4.006118794289112e-05,up,0.0,5.0
2026-Q3,区块链开发工程师,嵌入式系统与固件开发,3.7204707e-05,7.794192060828209e-05,4.073721360828209e-05,up,0.0,7.0
2026-Q3,区块链开发工程师,归纳与演绎推理,4.0079467e-06,8.48050694912672e-06,4.472560249126721e-06,up,0.0,5.0
2026-Q3,区块链开发工程师,批判性逻辑思考,0.026902094,0.025176964700222015,-0.001725129299777986,down,0.0,15.0
2026-Q3,区块链开发工程师,操作系统与系统管理,0.0043293126,0.004421211779117584,9.189917911758393e-05,up,0.0,13.0
2026-Q3,区块链开发工程师,数据分析与可视化,0.0021963236,0.0021616409067064524,-3.4682693293547426e-05,down,0.0,10.0
2026-Q3,区块链开发工程师,数据管理与数据库,0.016661773,0.015653839334845543,-0.0010079336651544583,down,0.0,13.0
2026-Q3,区块链开发工程师,时间与资源统筹管理,0.0073229205,0.007280069403350353,-4.285109664964662e-05,down,0.0,14.0
2026-Q3,区块链开发工程师,机器学习与深度学习,0.0028327592,0.002980236429721117,0.00014747722972111715,up,0.0,9.0
2026-Q3,区块链开发工程师,环境适应与压力耐受,0.00860096,0.008366651833057404,-0.00023430816694259594,down,0.0,12.0
2026-Q3,区块链开发工程师,生成式AI应用开发,1.5291007e-06,2.5581030058674514e-06,1.0290023058674513e-06,up,0.0,1.0
2026-Q3,区块链开发工程师,目标导向与攻坚韧性,0.011326507,0.011752400547266006,0.0004258935472660069,up,0.0,12.0
2026-Q3,区块链开发工程师,程序设计与软件工程,0.08047061,0.08480196446180344,0.004331354461803438,up,0.0,15.0
2026-Q3,区块链开发工程师,算法与数据结构,0.046284012,0.04731142520904541,0.0010274132090454108,up,0.0,14.0
2026-Q3,区块链开发工程师,系统测试与质量评估,0.006396875,0.007222812622785568,0.0008259376227855685,up,0.0,15.0
2026-Q3,区块链开发工程师,系统部署交付与运维,0.015382015,0.015554494224488735,0.00017247922448873458,up,0.0,14.0
2026-Q3,区块链开发工程师,终身学习与知识更新,0.020406388,0.02965196780860424,0.00924557980860424,up,0.0,15.0
2026-Q3,区块链开发工程师,网络安全与数据隐私,0.08063808,0.08263250440359116,0.001994424403591155,up,0.0,15.0
2026-Q3,区块链开发工程师,自我监测与工作复盘,0.00017577375,0.00015688897110521793,-1.8884778894782077e-05,down,0.0,3.0
2026-Q3,区块链开发工程师,计算数学与数据建模,2.228003e-05,7.238471880555153e-05,5.010468880555153e-05,up,0.0,7.0
2026-Q3,区块链开发工程师,计算机硬件与数字电路,1.0447577e-05,7.466762326657772e-06,-2.980814673342228e-06,down,0.0,4.0
2026-Q3,区块链开发工程师,计算机网络与通信技术,0.037660148,0.03827784210443497,0.0006176941044349696,up,0.0,14.0
2026-Q3,区块链开发工程师,计算机视觉与多模态,6.205891e-05,6.879342254251242e-05,6.734512542512413e-06,up,0.0,3.0
2026-Q3,区块链开发工程师,说服与分歧谈判,6.69139e-05,0.00015973742119967937,9.282352119967938e-05,up,0.0,8.0
2026-Q3,区块链开发工程师,软件架构与系统设计,0.05617354,0.06139573082327843,0.005222190823278426,up,0.0,15.0
2026-Q3,区块链开发工程师,需求洞察与服务意识,0.012107281,0.012750692665576935,0.0006434116655769356,up,0.0,13.0
2026-Q3,商业化产品经理,AI任务拆解与规划,0.001625306,0.001692810095846653,6.750409584665301e-05,up,0.0,9.0
2026-Q3,商业化产品经理,AI输出质量评估,1.3707962e-05,1.156394137069583e-05,-2.14402062930417e-06,down,0.0,3.0
2026-Q3,商业化产品经理,严谨细致与诚信自律,0.007677259,0.00810992531478405,0.00043266631478405034,up,0.0,13.0
2026-Q3,商业化产品经理,书面技术文档撰写,-0.0008749403,0.0012968368828296661,0.002171777182829666,up,0.0,14.0
2026-Q3,商业化产品经理,云原生与分布式系统,6.002665e-06,1.2899457942694426e-05,6.896792942694425e-06,up,0.0,3.0
2026-Q3,商业化产品经理,人机交互与用户体验,0.012189877,0.012577323243021965,0.000387446243021965,up,0.0769,11.0
2026-Q3,商业化产品经理,人机语义对齐与协同,-1.8320861e-06,9.669820428825915e-07,2.7990681428825913e-06,up,0.0,1.0
2026-Q3,商业化产品经理,信息管理与数字素养,0.00057526305,0.000654224306344986,7.896125634498593e-05,up,0.0,11.0
2026-Q3,商业化产品经理,创造力与创新思维,0.04666926,0.04810576140880585,0.00143650140880585,up,0.0769,15.0
2026-Q3,商业化产品经理,口头技术沟通与汇报,0.070522174,0.07467515766620636,0.004152983666206353,up,0.0769,14.0
2026-Q3,商业化产品经理,团队协作与协调,0.08466276,0.08627767860889435,0.0016149186088943446,up,0.0769,15.0
2026-Q3,商业化产品经理,多方权衡与方案决策,0.06962025,0.07043228298425674,0.0008120329842567497,up,0.0769,15.0
2026-Q3,商业化产品经理,大数据与分布式计算,1.4588411e-05,2.161838347092271e-05,7.029972470922709e-06,up,0.0,1.0
2026-Q3,商业化产品经理,嵌入式系统与固件开发,0.0002536273,0.0003065087366849184,5.288143668491838e-05,up,0.0,6.0
2026-Q3,商业化产品经理,归纳与演绎推理,0.0006558988,0.0006428668275475502,-1.3031972452449774e-05,down,0.0,8.0
2026-Q3,商业化产品经理,批判性逻辑思考,0.08048877,0.07990401983261108,-0.0005847501673889172,down,0.0769,15.0
2026-Q3,商业化产品经理,数据分析与可视化,0.073677376,0.07363972812891006,-3.7647871089938056e-05,down,0.0769,14.0
2026-Q3,商业化产品经理,数据管理与数据库,0.00016468787,0.00018738326616585255,2.269539616585255e-05,up,0.0,6.0
2026-Q3,商业化产品经理,时间与资源统筹管理,0.073652886,0.07344191521406174,-0.00021097078593826368,down,0.0769,15.0
2026-Q3,商业化产品经理,机器学习与深度学习,0.004339505,0.005040264688432217,0.0007007596884322171,up,0.0769,9.0
2026-Q3,商业化产品经理,环境适应与压力耐受,0.0019422285,0.0020933635532855988,0.00015113505328559875,up,0.0,13.0
2026-Q3,商业化产品经理,生成式AI原理与应用,0.00022000517,0.000267847441136837,4.7842271136837e-05,up,0.0,5.0
2026-Q3,商业化产品经理,生成式AI应用开发,-1.5273225e-05,-7.10412859916687e-06,8.16909640083313e-06,up,0.0,1.0
2026-Q3,商业化产品经理,目标导向与攻坚韧性,0.066123664,0.06573183089494705,-0.00039183310505294666,down,0.0769,15.0
2026-Q3,商业化产品经理,程序设计与软件工程,0.00017068489,0.0002275696024298668,5.68847124298668e-05,up,0.0,8.0
2026-Q3,商业化产品经理,算法与数据结构,6.1078463e-06,1.3411510735750198e-05,7.303664435750198e-06,up,0.0,3.0
2026-Q3,商业化产品经理,系统测试与质量评估,0.00027836405,0.0003006885526701808,2.2324502670180814e-05,up,0.0,3.0
2026-Q3,商业化产品经理,系统部署交付与运维,-1.9629442e-06,1.202351995743811e-07,2.0831793995743812e-06,up,0.0,1.0
2026-Q3,商业化产品经理,终身学习与知识更新,0.056838065,0.055489681661129,-0.0013483833388710023,down,0.0769,13.0
2026-Q3,商业化产品经理,网络安全与数据隐私,2.9008486e-05,4.6041328459978104e-05,1.7032842459978103e-05,up,0.0,3.0
2026-Q3,商业化产品经理,自我监测与工作复盘,0.004977851,0.0050797974690794945,0.00010194646907949433,up,0.0,12.0
2026-Q3,商业化产品经理,自然语言处理技术,0.001268616,0.0019464953802525997,0.0006778793802525997,up,0.0769,3.0
2026-Q3,商业化产品经理,计算数学与数据建模,0.0008678364,0.0009194451849907637,5.160878499076366e-05,up,0.0,8.0
2026-Q3,商业化产品经理,计算机硬件与数字电路,0.00022547669,0.00022759707644581795,2.1203864458179593e-06,up,0.0,6.0
2026-Q3,商业化产品经理,计算机网络与通信技术,-2.8254231e-05,-3.896304406225681e-06,2.4357926593774318e-05,up,0.0,4.0
2026-Q3,商业化产品经理,计算机视觉与多模态,0.00014683069,0.0002008273731917143,5.399668319171428e-05,up,0.0,6.0
2026-Q3,商业化产品经理,说服与分歧谈判,0.0011481903,0.0015660831704735756,0.0004178928704735756,up,0.0,10.0
2026-Q3,商业化产品经理,负责任AI与可解释性,-1.9629442e-06,6.733243935741484e-07,2.6362685935741485e-06,up,0.0,1.0
2026-Q3,商业化产品经理,软件架构与系统设计,0.00065140333,0.0008550439961254597,0.00020364066612545964,up,0.0,8.0
2026-Q3,商业化产品经理,需求洞察与服务意识,0.087128855,0.08662813901901245,-0.0005007159809875539,down,0.0769,15.0
2026-Q3,图像算法工程师,AI任务拆解与规划,0.0011556265,0.0011636829003691673,8.056400369167282e-06,up,0.0016,13.0
2026-Q3,图像算法工程师,AI安全与风险防控,0.00030665594,0.00036535580875352025,5.869986875352024e-05,up,0.0008,6.0
2026-Q3,图像算法工程师,AI幻觉识别与校验,0.0003563855,0.0003900040755979717,3.36185755979717e-05,up,0.0016,7.0
2026-Q3,图像算法工程师,AI智能体构建与编排,0.00046709852,0.0005729121039621532,0.00010581358396215322,up,0.0016,7.0
2026-Q3,图像算法工程师,AI输出质量评估,0.0009317108,0.0009262708481401205,-5.4399518598795315e-06,down,0.0008,16.0
2026-Q3,图像算法工程师,RAG与向量数据库,4.862243e-05,7.539059879491106e-05,2.6768168794911058e-05,up,0.0008,6.0
2026-Q3,图像算法工程师,严谨细致与诚信自律,0.030990928,0.030807238072156906,-0.0001836899278430948,down,0.0301,17.0
2026-Q3,图像算法工程师,书面技术文档撰写,0.055030096,0.05506318062543869,3.308462543868962e-05,up,0.0539,17.0
2026-Q3,图像算法工程师,云原生与分布式系统,0.002560528,0.0025036323349922895,-5.6895665007710306e-05,down,0.0032,17.0
2026-Q3,图像算法工程师,人机交互与用户体验,0.009268092,0.008601647801697254,-0.0006664441983027462,down,0.0135,17.0
2026-Q3,图像算法工程师,人机语义对齐与协同,0.00039663856,0.00036737346090376377,-2.9265099096236207e-05,down,0.0008,3.0
2026-Q3,图像算法工程师,仿真数据合成,0.0015128927,0.0014656669227406383,-4.722577725936182e-05,down,0.0016,11.0
2026-Q3,图像算法工程师,信息管理与数字素养,0.003409616,0.0035794468130916357,0.00016983081309163584,up,0.0032,16.0
2026-Q3,图像算法工程师,创造力与创新思维,0.014365927,0.014382706955075264,1.677995507526342e-05,up,0.0143,17.0
2026-Q3,图像算法工程师,口头技术沟通与汇报,0.04978551,0.051153190433979034,0.0013676804339790363,up,0.0468,17.0
2026-Q3,图像算法工程师,团队协作与协调,0.07495909,0.07482481747865677,-0.0001342725213432372,down,0.0761,17.0
2026-Q3,图像算法工程师,图形与交互技术,0.0060344785,0.006042074412107468,7.595912107467677e-06,up,0.0063,17.0
2026-Q3,图像算法工程师,多方权衡与方案决策,0.012667583,0.012699361890554428,3.177889055442848e-05,up,0.0135,17.0
2026-Q3,图像算法工程师,大数据与分布式计算,0.0030893632,0.003104039002209902,1.4675802209901823e-05,up,0.004,15.0
2026-Q3,图像算法工程师,大模型开发与微调,0.0029541552,0.0030877715907990932,0.0001336163907990932,up,0.004,14.0
2026-Q3,图像算法工程师,大模型选型与评测,0.001804138,0.0019209964666515589,0.00011685846665155882,up,0.0024,14.0
2026-Q3,图像算法工程师,嵌入式系统与固件开发,0.041529976,0.04129897058010101,-0.00023100541989898998,down,0.0476,17.0
2026-Q3,图像算法工程师,异构模态组合与泛化能力,-9.134732e-06,-7.698909030295908e-06,1.4358229697040916e-06,up,0.0,2.0
2026-Q3,图像算法工程师,归纳与演绎推理,0.0022273627,0.002277088351547718,4.972565154771815e-05,up,0.0024,17.0
2026-Q3,图像算法工程师,批判性逻辑思考,0.037281793,0.03778637945652008,0.00050458645652008,up,0.0436,17.0
2026-Q3,图像算法工程师,提示设计与提示工程,0.00041876122,0.00043410519720055163,1.5343977200551616e-05,up,0.0016,7.0
2026-Q3,图像算法工程师,操作系统与系统管理,0.010602735,0.010632164776325226,2.9429776325225546e-05,up,0.0103,17.0
2026-Q3,图像算法工程师,数据分析与可视化,0.014750543,0.014809136278927326,5.859327892732656e-05,up,0.0151,17.0
2026-Q3,图像算法工程师,数据管理与数据库,0.00745607,0.007478468585759401,2.2398585759400916e-05,up,0.0079,17.0
2026-Q3,图像算法工程师,时间与资源统筹管理,0.010641685,0.01059862319380045,-4.3061806199550315e-05,down,0.0095,17.0
2026-Q3,图像算法工程师,机器学习与深度学习,0.04809503,0.04817803204059601,8.300204059601135e-05,up,0.0436,17.0
2026-Q3,图像算法工程师,环境适应与压力耐受,0.02729471,0.027269087731838226,-2.5622268161773487e-05,down,0.0285,17.0
2026-Q3,图像算法工程师,生成式AI原理与应用,0.0032540357,0.0033821791876107454,0.00012814348761074545,up,0.0048,14.0
2026-Q3,图像算法工程师,生成式AI应用开发,0.0053743157,0.005349975079298019,-2.4340620701980564e-05,down,0.0063,17.0
2026-Q3,图像算法工程师,目标导向与攻坚韧性,0.02505639,0.025019081309437752,-3.730869056224953e-05,down,0.0254,17.0
2026-Q3,图像算法工程师,程序设计与软件工程,0.09098487,0.09138908982276917,0.00040421982276916957,up,0.092,17.0
2026-Q3,图像算法工程师,算法与数据结构,0.044125684,0.04430314898490906,0.00017746498490905926,up,0.0428,17.0
2026-Q3,图像算法工程师,系统测试与质量评估,0.039290242,0.03932017832994461,2.9936329944607598e-05,up,0.0412,17.0
2026-Q3,图像算法工程师,系统部署交付与运维,0.024331018,0.024540144950151443,0.00020912695015144409,up,0.0254,17.0
2026-Q3,图像算法工程师,终身学习与知识更新,0.04749243,0.04776309058070183,0.00027066058070182586,up,0.0452,17.0
2026-Q3,图像算法工程师,网络安全与数据隐私,0.00093021645,0.00098295952193439,5.274307193439004e-05,up,0.0008,15.0
2026-Q3,图像算法工程师,自我监测与工作复盘,0.0063371276,0.006321590859442949,-1.55367405570506e-05,down,0.0056,17.0
2026-Q3,图像算法工程师,自然语言处理技术,0.0022762266,0.0022605902049690485,-1.5636395030951388e-05,down,0.0032,16.0
2026-Q3,图像算法工程师,计算数学与数据建模,0.015513019,0.015488643199205399,-2.437580079460086e-05,down,0.0159,17.0
2026-Q3,图像算法工程师,计算机硬件与数字电路,0.021246696,0.021115748211741447,-0.0001309477882585515,down,0.0198,17.0
2026-Q3,图像算法工程师,计算机网络与通信技术,0.016817393,0.01685398630797863,3.659330797863014e-05,up,0.0206,17.0
2026-Q3,图像算法工程师,计算机视觉与多模态,0.102512345,0.10239659249782562,-0.00011575250217438215,down,0.1039,17.0
2026-Q3,图像算法工程师,说服与分歧谈判,0.00016508764,0.00016178080113604665,-3.3068388639533562e-06,down,0.0,10.0
2026-Q3,图像算法工程师,负责任AI与可解释性,0.00018419258,0.00019563996465876698,1.1447384658766984e-05,up,0.0008,5.0
2026-Q3,图像算法工程师,软件架构与系统设计,0.030284064,0.030061308294534683,-0.0002227557054653162,down,0.0333,17.0
2026-Q3,图像算法工程师,需求洞察与服务意识,0.02339213,0.023482689633965492,9.055963396549169e-05,up,0.0222,17.0
2026-Q3,增长产品经理,AI任务拆解与规划,0.012327163,0.012417014688253403,8.985168825340235e-05,up,0.0,11.0
2026-Q3,增长产品经理,AI输出质量评估,3.9595412e-05,7.307343184947968e-05,3.347801984947967e-05,up,0.0,6.0
2026-Q3,增长产品经理,严谨细致与诚信自律,0.019522244,0.018375033512711525,-0.0011472104872884761,down,0.0,11.0
2026-Q3,增长产品经理,书面技术文档撰写,0.011999256,0.015126382932066917,0.0031271269320669176,up,0.0,13.0
2026-Q3,增长产品经理,云原生与分布式系统,6.223703e-05,6.813893560320139e-05,5.901905603201393e-06,up,0.0,2.0
2026-Q3,增长产品经理,人机交互与用户体验,0.0007109195,0.000989699736237526,0.0002787802362375259,up,0.0,10.0
2026-Q3,增长产品经理,信息管理与数字素养,0.0010757856,0.0012201834470033646,0.00014439784700336447,up,0.0,9.0
2026-Q3,增长产品经理,创造力与创新思维,0.006324809,0.006647214293479919,0.0003224052934799196,up,0.0,13.0
2026-Q3,增长产品经理,口头技术沟通与汇报,-0.0016842335,-0.0011350400745868683,0.0005491934254131317,up,0.0,12.0
2026-Q3,增长产品经理,团队协作与协调,0.03759201,0.037881623953580856,0.00028961395358085423,up,0.0,13.0
2026-Q3,增长产品经理,图形与交互技术,2.3838831e-05,2.9723916668444872e-05,5.885085668444871e-06,up,0.0,1.0
2026-Q3,增长产品经理,多方权衡与方案决策,0.014885874,0.022867994382977486,0.007982120382977485,up,0.0,13.0
2026-Q3,增长产品经理,大数据与分布式计算,5.4560252e-05,6.318942178040743e-05,8.629169780407427e-06,up,0.0,3.0
2026-Q3,增长产品经理,归纳与演绎推理,0.00032582507,0.0002962583675980568,-2.9566702401943217e-05,down,0.0,9.0
2026-Q3,增长产品经理,批判性逻辑思考,0.019530114,0.01974271982908249,0.00021260582908248782,up,0.0,13.0
2026-Q3,增长产品经理,数据分析与可视化,-0.0025039986,-0.004563271999359131,-0.0020592733993591308,down,0.0,12.0
2026-Q3,增长产品经理,数据管理与数据库,0.00064250175,0.0007511470466852188,0.0001086452966852188,up,0.0,9.0
2026-Q3,增长产品经理,时间与资源统筹管理,0.01577635,0.016553297638893127,0.000776947638893126,up,0.0,12.0
2026-Q3,增长产品经理,机器学习与深度学习,3.9190054e-06,8.612615056335926e-05,8.220714516335926e-05,up,0.0,6.0
2026-Q3,增长产品经理,环境适应与压力耐受,-0.00020498224,0.00048288702964782715,0.0006878692696478271,up,0.0,11.0
2026-Q3,增长产品经理,生成式AI原理与应用,1.3002718e-05,2.0926789147779346e-05,7.924071147779346e-06,up,0.0,1.0
2026-Q3,增长产品经理,目标导向与攻坚韧性,0.019099705,0.02243988960981369,0.0033401846098136886,up,0.0,13.0
2026-Q3,增长产品经理,程序设计与软件工程,8.764677e-05,0.0001426569651812315,5.5010195181231505e-05,up,0.0,6.0
2026-Q3,增长产品经理,算法与数据结构,4.0054787e-05,5.2072806283831596e-05,1.2018019283831597e-05,up,0.0,3.0
2026-Q3,增长产品经理,系统测试与质量评估,5.928328e-05,6.921292515471578e-05,9.929645154715776e-06,up,0.0,2.0
2026-Q3,增长产品经理,系统部署交付与运维,-1.5609432e-05,2.7732341550290585e-05,4.3341773550290585e-05,up,0.0,4.0
2026-Q3,增长产品经理,终身学习与知识更新,0.0023218673,0.008520109578967094,0.006198242278967094,up,0.0,11.0
2026-Q3,增长产品经理,网络安全与数据隐私,-4.18759e-06,2.5494664441794157e-06,6.737056444179415e-06,up,0.0,1.0
2026-Q3,增长产品经理,自我监测与工作复盘,0.00071236864,0.0008422508835792542,0.0001298822435792541,up,0.0,10.0
2026-Q3,增长产品经理,自然语言处理技术,8.774747e-05,8.772272849455476e-05,-2.474150544524631e-08,down,0.0,2.0
2026-Q3,增长产品经理,计算数学与数据建模,9.290548e-05,0.00016550486907362938,7.259938907362938e-05,up,0.0,6.0
2026-Q3,增长产品经理,计算机网络与通信技术,1.3002718e-05,1.8870574422180653e-05,5.867856422180653e-06,up,0.0,1.0
2026-Q3,增长产品经理,计算机视觉与多模态,2.3838831e-05,3.959221066907048e-05,1.575337966907048e-05,up,0.0,1.0
2026-Q3,增长产品经理,说服与分歧谈判,0.00028586946,0.00044127553701400757,0.00015540607701400755,up,0.0,7.0
2026-Q3,增长产品经理,软件架构与系统设计,2.8232811e-05,3.6405399441719055e-05,8.172588441719057e-06,up,0.0,4.0
2026-Q3,增长产品经理,需求洞察与服务意识,0.007822767,0.009544551372528076,0.0017217843725280766,up,0.0,13.0
2026-Q3,安全测试工程师,AI任务拆解与规划,2.941786e-06,8.658709703013301e-06,5.716923703013301e-06,up,0.0,1.0
2026-Q3,安全测试工程师,AI安全与风险防控,0.0027609235,0.002486707642674446,-0.00027421585732555383,down,0.0,13.0
2026-Q3,安全测试工程师,AI幻觉识别与校验,3.2189724e-05,3.5832650610245764e-05,3.642926610245764e-06,up,0.0,2.0
2026-Q3,安全测试工程师,AI智能体构建与编排,-4.1334133e-06,6.467627827078104e-06,1.0601041127078105e-05,up,0.0,1.0
2026-Q3,安全测试工程师,严谨细致与诚信自律,0.04864792,0.04792721942067146,-0.0007207005793285343,down,0.0465,17.0
2026-Q3,安全测试工程师,书面技术文档撰写,0.068451256,0.06950604915618896,0.0010547931561889629,up,0.0465,17.0
2026-Q3,安全测试工程师,云原生与分布式系统,0.012466064,0.012169640511274338,-0.0002964234887256629,down,0.0233,14.0
2026-Q3,安全测试工程师,人机交互与用户体验,0.00014130108,0.00019620312377810478,5.4902043778104796e-05,up,0.0,6.0
2026-Q3,安全测试工程师,仿真数据合成,-1.2959936e-06,5.02097827848047e-06,6.31697187848047e-06,up,0.0,1.0
2026-Q3,安全测试工程师,信息管理与数字素养,0.0005566459,0.0009250571019947529,0.00036841120199475287,up,0.0,15.0
2026-Q3,安全测试工程师,创造力与创新思维,0.015593741,0.015149259008467197,-0.0004444819915328021,down,0.0233,15.0
2026-Q3,安全测试工程师,口头技术沟通与汇报,0.061086424,0.06360325217247009,0.0025168281724700925,up,0.0465,17.0
2026-Q3,安全测试工程师,团队协作与协调,0.086933054,0.08711755275726318,0.00018449875726318787,up,0.093,17.0
2026-Q3,安全测试工程师,图形与交互技术,1.2868986e-05,1.5610712580382824e-05,2.741726580382824e-06,up,0.0,2.0
2026-Q3,安全测试工程师,多方权衡与方案决策,0.0069729104,0.008573673665523529,0.0016007632655235292,up,0.0,11.0
2026-Q3,安全测试工程师,大数据与分布式计算,3.787258e-05,3.5399338230490685e-05,-2.4732417695093147e-06,down,0.0,5.0
2026-Q3,安全测试工程师,大模型开发与微调,2.712055e-05,3.430209471844137e-05,7.181544718441368e-06,up,0.0,2.0
2026-Q3,安全测试工程师,大模型选型与评测,3.788332e-05,4.796049324795604e-05,1.007717324795604e-05,up,0.0,1.0
2026-Q3,安全测试工程师,嵌入式系统与固件开发,0.0333408,0.03353869169950485,0.00019789169950485547,up,0.0465,14.0
2026-Q3,安全测试工程师,归纳与演绎推理,0.0008448241,0.0009558992460370064,0.00011107514603700636,up,0.0,10.0
2026-Q3,安全测试工程师,批判性逻辑思考,0.013096638,0.012783529236912727,-0.00031310876308727337,down,0.0,16.0
2026-Q3,安全测试工程师,提示设计与提示工程,-2.066692e-06,5.545807653106749e-06,7.612499653106749e-06,up,0.0,1.0
2026-Q3,安全测试工程师,操作系统与系统管理,0.045855783,0.04572693258523941,-0.00012885041476058678,down,0.0698,17.0
2026-Q3,安全测试工程师,数据分析与可视化,0.0029222416,0.0038892384618520737,0.0009669968618520736,up,0.0,16.0
2026-Q3,安全测试工程师,数据管理与数据库,0.032265257,0.031889885663986206,-0.0003753713360137925,down,0.0465,15.0
2026-Q3,安全测试工程师,时间与资源统筹管理,0.014889843,0.014786245301365852,-0.00010359769863414747,down,0.0233,17.0
2026-Q3,安全测试工程师,机器学习与深度学习,0.004773043,0.004630309529602528,-0.00014273347039747263,down,0.0,14.0
2026-Q3,安全测试工程师,环境适应与压力耐受,0.021421602,0.02101679891347885,-0.0004048030865211501,down,0.0233,17.0
2026-Q3,安全测试工程师,生成式AI原理与应用,0.00018711481,0.00024080253206193447,5.3687722061934484e-05,up,0.0,5.0
2026-Q3,安全测试工程师,生成式AI应用开发,-1.1430238e-05,3.8329511880874634e-05,4.9759749880874636e-05,up,0.0,3.0
2026-Q3,安全测试工程师,目标导向与攻坚韧性,0.021662815,0.021563567221164703,-9.924777883529509e-05,down,0.0233,16.0
2026-Q3,安全测试工程师,程序设计与软件工程,0.091625325,0.09186164289712906,0.00023631789712906526,up,0.093,17.0
2026-Q3,安全测试工程师,算法与数据结构,0.00077073276,0.0009620478376746178,0.00019131507767461778,up,0.0,13.0
2026-Q3,安全测试工程师,系统测试与质量评估,0.049672015,0.04916469380259514,-0.0005073211974048614,down,0.0465,17.0
2026-Q3,安全测试工程师,系统部署交付与运维,0.004354777,0.004278860054910183,-7.591694508981683e-05,down,0.0,15.0
2026-Q3,安全测试工程师,终身学习与知识更新,0.065949865,0.06659248471260071,0.0006426197126007116,up,0.1163,17.0
2026-Q3,安全测试工程师,网络安全与数据隐私,0.15154956,0.15202763676643372,0.000478076766433716,up,0.1628,17.0
2026-Q3,安全测试工程师,自我监测与工作复盘,-0.001290584,-0.001207508146762848,8.30758532371521e-05,up,0.0,15.0
2026-Q3,安全测试工程师,自然语言处理技术,6.756396e-06,7.91274942457676e-06,1.1563534245767592e-06,up,0.0,2.0
2026-Q3,安全测试工程师,计算数学与数据建模,0.0007124564,0.0008764052763581276,0.00016394887635812758,up,0.0,11.0
2026-Q3,安全测试工程师,计算机硬件与数字电路,0.02077729,0.020865339785814285,8.804978581428494e-05,up,0.0233,14.0
2026-Q3,安全测试工程师,计算机网络与通信技术,0.045286324,0.04503127932548523,-0.0002550446745147733,down,0.0465,17.0
2026-Q3,安全测试工程师,计算机视觉与多模态,4.7899317e-05,8.073507342487574e-05,3.283575642487574e-05,up,0.0,6.0
2026-Q3,安全测试工程师,说服与分歧谈判,5.3352967e-05,5.3965020924806595e-05,6.120539248065962e-07,up,0.0,4.0
2026-Q3,安全测试工程师,负责任AI与可解释性,0.000239786,0.00024004431907087564,2.5831907087564706e-07,up,0.0,6.0
2026-Q3,安全测试工程师,软件架构与系统设计,0.005464465,0.005635415203869343,0.00017095020386934286,up,0.0,13.0
2026-Q3,安全测试工程师,需求洞察与服务意识,0.0025228579,0.0029620397835969925,0.0004391818835969923,up,0.0,16.0
2026-Q3,密码技术应用员,AI安全与风险防控,0.03942906,0.03901289775967598,-0.00041616224032402227,down,0.0435,15.0
2026-Q3,密码技术应用员,AI智能体构建与编排,1.4797843e-05,2.874387428164482e-05,1.3946031281644821e-05,up,0.0,1.0
2026-Q3,密码技术应用员,严谨细致与诚信自律,0.047067627,0.046914808452129364,-0.00015281854787063676,down,0.058,16.0
2026-Q3,密码技术应用员,书面技术文档撰写,0.07825455,0.07823745906352997,-1.7090936470037787e-05,down,0.0725,16.0
2026-Q3,密码技术应用员,云原生与分布式系统,0.0047832746,0.004618826787918806,-0.00016444781208119381,down,0.0,13.0
2026-Q3,密码技术应用员,人机交互与用户体验,1.7156126e-06,4.1955558117479086e-05,4.023994551747909e-05,up,0.0,1.0
2026-Q3,密码技术应用员,信息管理与数字素养,0.0007343376,0.0014566350728273392,0.0007222974728273391,up,0.0,14.0
2026-Q3,密码技术应用员,创造力与创新思维,0.013160527,0.012903560884296894,-0.0002569661157031059,down,0.0,15.0
2026-Q3,密码技术应用员,口头技术沟通与汇报,0.0673588,0.06897339969873428,0.001614599698734287,up,0.058,16.0
2026-Q3,密码技术应用员,团队协作与协调,0.08052185,0.0802605152130127,-0.0002613347869873106,down,0.0725,16.0
2026-Q3,密码技术应用员,多方权衡与方案决策,0.012233875,0.012433885596692562,0.00020001059669256215,up,0.029,14.0
2026-Q3,密码技术应用员,大数据与分布式计算,0.0036180662,0.0037143947556614876,9.632855566148743e-05,up,0.0,14.0
2026-Q3,密码技术应用员,大模型开发与微调,0.0037416858,0.0023485892452299595,-0.0013930965547700406,down,0.0145,1.0
2026-Q3,密码技术应用员,大模型选型与评测,-9.9177705e-06,1.9597006030380726e-05,2.9514776530380724e-05,up,0.0,2.0
2026-Q3,密码技术应用员,嵌入式系统与固件开发,0.010816696,0.010752059519290924,-6.463648070907657e-05,down,0.0,15.0
2026-Q3,密码技术应用员,归纳与演绎推理,0.002126519,0.002317117527127266,0.00019059852712726604,up,0.029,9.0
2026-Q3,密码技术应用员,批判性逻辑思考,0.043252036,0.04327920079231262,2.7164792312621422e-05,up,0.0435,16.0
2026-Q3,密码技术应用员,操作系统与系统管理,0.013847021,0.013934483751654625,8.746275165462565e-05,up,0.0145,13.0
2026-Q3,密码技术应用员,数据分析与可视化,0.010470316,0.010438346303999424,-3.1969696000576364e-05,down,0.0145,14.0
2026-Q3,密码技术应用员,数据管理与数据库,0.036000833,0.036617960780858994,0.0006171277808589906,up,0.0435,14.0
2026-Q3,密码技术应用员,时间与资源统筹管理,0.00017318502,0.0002841716632246971,0.00011098664322469712,up,0.0,11.0
2026-Q3,密码技术应用员,机器学习与深度学习,0.021748908,0.021357513964176178,-0.00039139403582382284,down,0.029,16.0
2026-Q3,密码技术应用员,环境适应与压力耐受,0.033888362,0.03367433696985245,-0.00021402503014755075,down,0.0435,16.0
2026-Q3,密码技术应用员,生成式AI原理与应用,0.00012679282,0.00013661885168403387,9.826031684033866e-06,up,0.0145,2.0
2026-Q3,密码技术应用员,生成式AI应用开发,0.0037416865,0.0035080371890217066,-0.0002336493109782933,down,0.0145,1.0
2026-Q3,密码技术应用员,目标导向与攻坚韧性,0.03692451,0.037025224417448044,0.00010071441744804316,up,0.0435,14.0
2026-Q3,密码技术应用员,程序设计与软件工程,0.065248534,0.06553707271814346,0.0002885387181434662,up,0.0725,16.0
2026-Q3,密码技术应用员,算法与数据结构,0.01137862,0.011571653187274933,0.00019303318727493211,up,0.0,12.0
2026-Q3,密码技术应用员,系统测试与质量评估,0.026238741,0.026033781468868256,-0.00020495953113174384,down,0.029,16.0
2026-Q3,密码技术应用员,系统部署交付与运维,0.023877524,0.023791281506419182,-8.624249358081884e-05,down,0.029,13.0
2026-Q3,密码技术应用员,终身学习与知识更新,0.04907175,0.049927230924367905,0.0008554809243679073,up,0.0435,16.0
2026-Q3,密码技术应用员,网络安全与数据隐私,0.12033315,0.12035621702671051,2.306702671051042e-05,up,0.1014,16.0
2026-Q3,密码技术应用员,自我监测与工作复盘,0.0008064577,0.0008388060377910733,3.234833779107329e-05,up,0.0145,7.0
2026-Q3,密码技术应用员,自然语言处理技术,1.7156126e-06,2.6933324988931417e-05,2.5217712388931417e-05,up,0.0,1.0
2026-Q3,密码技术应用员,计算数学与数据建模,0.011263199,0.011515318416059017,0.0002521194160590174,up,0.0,15.0
2026-Q3,密码技术应用员,计算机硬件与数字电路,0.0026812935,0.002587280236184597,-9.401326381540311e-05,down,0.0,12.0
2026-Q3,密码技术应用员,计算机网络与通信技术,0.0279751,0.027791092172265053,-0.00018400782773494648,down,0.029,15.0
2026-Q3,密码技术应用员,计算机视觉与多模态,1.7156126e-06,3.832043148577213e-05,3.6604818885772136e-05,up,0.0,1.0
2026-Q3,密码技术应用员,说服与分歧谈判,8.290494e-05,9.952438995242119e-05,1.6619449952421186e-05,up,0.0,5.0
2026-Q3,密码技术应用员,负责任AI与可解释性,0.004825682,0.005293609574437141,0.000467927574437141,up,0.0145,10.0
2026-Q3,密码技术应用员,软件架构与系统设计,0.0044382215,0.005311442539095879,0.0008732210390958789,up,0.0,13.0
2026-Q3,密码技术应用员,需求洞察与服务意识,0.03291426,0.0326775424182415,-0.00023671758175849988,down,0.029,16.0
2026-Q3,小程序开发工程师,AI任务拆解与规划,0.00025546178,0.0002446501748636365,-1.0811605136363492e-05,down,0.0,6.0
2026-Q3,小程序开发工程师,严谨细致与诚信自律,0.051645167,0.05163054168224335,-1.4625317756651601e-05,down,0.0526,16.0
2026-Q3,小程序开发工程师,书面技术文档撰写,0.03383096,0.033638376742601395,-0.00019258325739860555,down,0.0526,14.0
2026-Q3,小程序开发工程师,云原生与分布式系统,0.004895024,0.004647133406251669,-0.0002478905937483315,down,0.0,12.0
2026-Q3,小程序开发工程师,人机交互与用户体验,0.12264914,0.12060090899467468,-0.002048231005325321,down,0.1316,17.0
2026-Q3,小程序开发工程师,人机语义对齐与协同,-1.5030819e-06,6.310452590696514e-06,7.813534490696514e-06,up,0.0,1.0
2026-Q3,小程序开发工程师,信息管理与数字素养,2.9772404e-05,4.118354991078377e-05,1.1411145910783767e-05,up,0.0,5.0
2026-Q3,小程序开发工程师,创造力与创新思维,0.02484691,0.023917771875858307,-0.0009291381241416929,down,0.0526,13.0
2026-Q3,小程序开发工程师,口头技术沟通与汇报,0.0739211,0.07368876785039902,-0.00023233214960098614,down,0.0789,17.0
2026-Q3,小程序开发工程师,团队协作与协调,0.097002774,0.09691587835550308,-8.689564449691767e-05,down,0.0789,17.0
2026-Q3,小程序开发工程师,图形与交互技术,0.00317471,0.0033772913739085197,0.00020258137390851989,up,0.0,11.0
2026-Q3,小程序开发工程师,多方权衡与方案决策,0.0035975166,0.004650796763598919,0.0010532801635989189,up,0.0,12.0
2026-Q3,小程序开发工程师,大数据与分布式计算,0.00022054592,0.00019299134146422148,-2.755457853577853e-05,down,0.0,6.0
2026-Q3,小程序开发工程师,嵌入式系统与固件开发,4.7512003e-05,8.7540945969522e-05,4.0028942969521996e-05,up,0.0,5.0
2026-Q3,小程序开发工程师,归纳与演绎推理,0.00016647647,0.000178996822796762,1.2520352796761987e-05,up,0.0,4.0
2026-Q3,小程序开发工程师,批判性逻辑思考,0.036064684,0.03599698841571808,-6.769558428192102e-05,down,0.0263,16.0
2026-Q3,小程序开发工程师,提示设计与提示工程,5.19272e-06,1.2654010788537562e-05,7.461290788537562e-06,up,0.0,1.0
2026-Q3,小程序开发工程师,操作系统与系统管理,0.002409086,0.0024096989072859287,6.129072859287731e-07,up,0.0,9.0
2026-Q3,小程序开发工程师,数据分析与可视化,0.009545768,0.009974023327231407,0.00042825532723140755,up,0.0263,10.0
2026-Q3,小程序开发工程师,数据管理与数据库,0.0074379854,0.007299941033124924,-0.00013804436687507669,down,0.0,14.0
2026-Q3,小程序开发工程师,时间与资源统筹管理,0.010396032,0.009612947702407837,-0.0007830842975921626,down,0.0,13.0
2026-Q3,小程序开发工程师,机器学习与深度学习,0.00035729422,0.00051537761464715,0.00015808339464715003,up,0.0,6.0
2026-Q3,小程序开发工程师,环境适应与压力耐受,0.027168006,0.026871763169765472,-0.0002962428302345291,down,0.0263,16.0
2026-Q3,小程序开发工程师,生成式AI应用开发,2.2831839e-05,1.671270001679659e-05,-6.119138983203412e-06,down,0.0,3.0
2026-Q3,小程序开发工程师,目标导向与攻坚韧性,0.028885886,0.02889038436114788,4.498361147881047e-06,up,0.0526,14.0
2026-Q3,小程序开发工程师,程序设计与软件工程,0.13024321,0.13054457306861877,0.00030136306861877626,up,0.1316,17.0
2026-Q3,小程序开发工程师,算法与数据结构,0.0029522316,0.002890468342229724,-6.176325777027588e-05,down,0.0,11.0
2026-Q3,小程序开发工程师,系统测试与质量评估,0.05470016,0.05377957224845886,-0.0009205877515411354,down,0.0526,16.0
2026-Q3,小程序开发工程师,系统部署交付与运维,0.024204748,0.023898225277662277,-0.0003065227223377244,down,0.0263,13.0
2026-Q3,小程序开发工程师,终身学习与知识更新,0.07159361,0.07036981731653214,-0.001223792683467867,down,0.0789,16.0
2026-Q3,小程序开发工程师,网络安全与数据隐私,0.0043665264,0.004711913876235485,0.000345387476235485,up,0.0,11.0
2026-Q3,小程序开发工程师,自我监测与工作复盘,0.0010006907,0.0008795494213700294,-0.00012114127862997062,down,0.0,7.0
2026-Q3,小程序开发工程师,自然语言处理技术,0.0016534154,0.0016480968333780766,-5.318566621923459e-06,down,0.0263,4.0
2026-Q3,小程序开发工程师,计算机硬件与数字电路,7.551524e-05,8.141819853335619e-05,5.902958533356189e-06,up,0.0,4.0
2026-Q3,小程序开发工程师,计算机网络与通信技术,0.019871516,0.019504932686686516,-0.000366583313313483,down,0.0263,14.0
2026-Q3,小程序开发工程师,计算机视觉与多模态,0.00018710166,0.00021965440828353167,3.2552748283531664e-05,up,0.0,3.0
2026-Q3,小程序开发工程师,说服与分歧谈判,4.6520727e-06,3.5986886359751225e-06,-1.053384064024878e-06,down,0.0,2.0
2026-Q3,小程序开发工程师,软件架构与系统设计,0.04940253,0.048126041889190674,-0.0012764881108093262,down,0.0526,15.0
2026-Q3,小程序开发工程师,需求洞察与服务意识,0.029684737,0.029736511409282684,5.177440928268509e-05,up,0.0263,15.0
2026-Q3,嵌入式软件开发,AI任务拆解与规划,0.0010213782,0.0010716993128880858,5.0321112888085905e-05,up,0.0019,15.0
2026-Q3,嵌入式软件开发,AI安全与风险防控,0.00030985265,0.0003177623148076236,7.90966480762362e-06,up,0.0,14.0
2026-Q3,嵌入式软件开发,AI智能体构建与编排,-5.224465e-07,1.5947807696647942e-07,6.819245769664794e-07,up,0.0,2.0
2026-Q3,嵌入式软件开发,AI输出质量评估,2.949986e-06,3.614055458456278e-06,6.640694584562777e-07,up,0.0,5.0
2026-Q3,嵌入式软件开发,严谨细致与诚信自律,0.03519602,0.034963224083185196,-0.00023279591681480555,down,0.0352,17.0
2026-Q3,嵌入式软件开发,书面技术文档撰写,0.07209625,0.07200323045253754,-9.301954746246399e-05,down,0.0723,17.0
2026-Q3,嵌入式软件开发,云原生与分布式系统,0.0045762276,0.00446706498041749,-0.00010916261958250975,down,0.007,17.0
2026-Q3,嵌入式软件开发,人机交互与用户体验,0.007956473,0.007898498326539993,-5.797467346000708e-05,down,0.0077,17.0
2026-Q3,嵌入式软件开发,人机语义对齐与协同,1.9638674e-07,4.5461183617589995e-07,2.5822509617589995e-07,up,0.0,1.0
2026-Q3,嵌入式软件开发,仿真数据合成,2.8831571e-05,2.4903914891183376e-05,-3.927656108816625e-06,down,0.0,7.0
2026-Q3,嵌入式软件开发,信息管理与数字素养,0.0050908127,0.005063734948635101,-2.70777513648986e-05,down,0.0058,17.0
2026-Q3,嵌入式软件开发,创造力与创新思维,0.00940546,0.009471483528614044,6.602352861404502e-05,up,0.009,17.0
2026-Q3,嵌入式软件开发,口头技术沟通与汇报,0.044125564,0.04453842714428902,0.00041286314428901766,up,0.0441,17.0
2026-Q3,嵌入式软件开发,团队协作与协调,0.07647828,0.07652363181114197,4.5351811141972065e-05,up,0.0761,17.0
2026-Q3,嵌入式软件开发,图形与交互技术,0.0047238832,0.004755241796374321,3.1358596374321014e-05,up,0.0045,17.0
2026-Q3,嵌入式软件开发,多方权衡与方案决策,0.008651934,0.008708867244422436,5.693324442243575e-05,up,0.0109,17.0
2026-Q3,嵌入式软件开发,大数据与分布式计算,0.00024416685,0.00025535348686389625,1.1186636863896253e-05,up,0.0,15.0
2026-Q3,嵌入式软件开发,大模型开发与微调,0.00037119002,0.000357979501131922,-1.3210518868077997e-05,down,0.0006,9.0
2026-Q3,嵌入式软件开发,大模型选型与评测,1.5119986e-07,5.594301910605282e-07,4.0823033106052816e-07,up,0.0,2.0
2026-Q3,嵌入式软件开发,嵌入式系统与固件开发,0.11193731,0.11171629279851913,-0.00022101720148086368,down,0.1132,17.0
2026-Q3,嵌入式软件开发,异构模态组合与泛化能力,5.393704e-07,1.2078453437425196e-06,6.684749437425197e-07,up,0.0,2.0
2026-Q3,嵌入式软件开发,归纳与演绎推理,0.001142039,0.001162413856945932,2.0374856945931837e-05,up,0.0,16.0
2026-Q3,嵌入式软件开发,批判性逻辑思考,0.03395402,0.03400912135839462,5.510135839462138e-05,up,0.0339,17.0
2026-Q3,嵌入式软件开发,提示设计与提示工程,-1.4762009e-07,3.9612859836779535e-07,5.437486883677954e-07,up,0.0,1.0
2026-Q3,嵌入式软件开发,操作系统与系统管理,0.03399296,0.03398064151406288,-1.2318485937121149e-05,down,0.0339,17.0
2026-Q3,嵌入式软件开发,数据分析与可视化,0.00383754,0.0038655258249491453,2.7985824949145355e-05,up,0.0045,17.0
2026-Q3,嵌入式软件开发,数据管理与数据库,0.003295468,0.0032933137845247984,-2.1542154752017886e-06,down,0.0032,17.0
2026-Q3,嵌入式软件开发,时间与资源统筹管理,0.015194221,0.015222772024571896,2.855102457189479e-05,up,0.0173,17.0
2026-Q3,嵌入式软件开发,机器学习与深度学习,0.0071439785,0.007051164284348488,-9.281421565151236e-05,down,0.0077,17.0
2026-Q3,嵌入式软件开发,环境适应与压力耐受,0.01994869,0.019900115206837654,-4.8574793162347446e-05,down,0.0198,17.0
2026-Q3,嵌入式软件开发,生成式AI原理与应用,0.00032706687,0.00029585155425593257,-3.121531574406741e-05,down,0.0006,6.0
2026-Q3,嵌入式软件开发,生成式AI应用开发,0.00083536864,0.0007814400596544147,-5.392858034558535e-05,down,0.0013,14.0
2026-Q3,嵌入式软件开发,目标导向与攻坚韧性,0.022484416,0.022390827536582947,-9.358846341705335e-05,down,0.0224,17.0
2026-Q3,嵌入式软件开发,程序设计与软件工程,0.11076555,0.11070020496845245,-6.534503154755067e-05,down,0.11,17.0
2026-Q3,嵌入式软件开发,算法与数据结构,0.028852653,0.028735041618347168,-0.00011761138165283097,down,0.0307,17.0
2026-Q3,嵌入式软件开发,系统测试与质量评估,0.073335044,0.07304099947214127,-0.00029404452785873614,down,0.0729,17.0
2026-Q3,嵌入式软件开发,系统部署交付与运维,0.0067222957,0.006696766242384911,-2.552945761508975e-05,down,0.0064,17.0
2026-Q3,嵌入式软件开发,终身学习与知识更新,0.034678053,0.03461446985602379,-6.35831439762119e-05,down,0.0377,17.0
2026-Q3,嵌入式软件开发,网络安全与数据隐私,0.007874122,0.007710454054176807,-0.00016366794582319336,down,0.009,17.0
2026-Q3,嵌入式软件开发,自我监测与工作复盘,0.0056075244,0.005617285147309303,9.760747309303132e-06,up,0.0083,17.0
2026-Q3,嵌入式软件开发,自然语言处理技术,0.00021244233,0.00022430313401855528,1.1860804018555278e-05,up,0.0,13.0
2026-Q3,嵌入式软件开发,计算数学与数据建模,0.011001798,0.010933884419500828,-6.791358049917234e-05,down,0.0109,17.0
2026-Q3,嵌入式软件开发,计算机硬件与数字电路,0.054181173,0.05358058214187622,-0.0006005908581237784,down,0.0512,17.0
2026-Q3,嵌入式软件开发,计算机网络与通信技术,0.060441427,0.060142699629068375,-0.0002987273709316243,down,0.0595,17.0
2026-Q3,嵌入式软件开发,计算机视觉与多模态,0.006291355,0.006247142795473337,-4.421220452666304e-05,down,0.0064,17.0
2026-Q3,嵌入式软件开发,说服与分歧谈判,0.0007252875,0.0007227407186292112,-2.54678137078879e-06,down,0.0006,17.0
2026-Q3,嵌入式软件开发,负责任AI与可解释性,0.00038834754,0.0003339255345053971,-5.4422005494602916e-05,down,0.0,15.0
2026-Q3,嵌入式软件开发,软件架构与系统设计,0.04096382,0.04133709892630577,0.00037327892630577286,up,0.0397,17.0
2026-Q3,嵌入式软件开发,需求洞察与服务意识,0.023523869,0.023430105298757553,-9.376370124244623e-05,down,0.0237,17.0
2026-Q3,平台产品经理,AI任务拆解与规划,0.0030687666,0.0032985489815473557,0.00022978238154735577,up,0.0,13.0
2026-Q3,平台产品经理,AI安全与风险防控,5.061127e-06,6.698828656226397e-07,-4.391244134377361e-06,down,0.0,3.0
2026-Q3,平台产品经理,AI智能体构建与编排,-9.556243e-06,-2.478482201695442e-07,9.308394779830455e-06,up,0.0,3.0
2026-Q3,平台产品经理,AI输出质量评估,3.650115e-05,4.4665124733000994e-05,8.163974733000995e-06,up,0.0,5.0
2026-Q3,平台产品经理,RAG与向量数据库,2.1664542e-05,3.0477531254291534e-05,8.812989254291534e-06,up,0.0,3.0
2026-Q3,平台产品经理,严谨细致与诚信自律,0.008901449,0.009010925889015198,0.00010947688901519724,up,0.0,14.0
2026-Q3,平台产品经理,书面技术文档撰写,0.034908704,0.034981101751327515,7.239775132751591e-05,up,0.0,15.0
2026-Q3,平台产品经理,云原生与分布式系统,0.007789107,0.007567455992102623,-0.000221651007897377,down,0.0,14.0
2026-Q3,平台产品经理,人机交互与用户体验,0.042610843,0.04576508700847626,0.003154244008476255,up,0.0,16.0
2026-Q3,平台产品经理,人机语义对齐与协同,-3.7705759e-06,5.218753358349204e-06,8.989329258349204e-06,up,0.0,2.0
2026-Q3,平台产品经理,仿真数据合成,4.6695117e-05,5.694362334907055e-05,1.024850634907055e-05,up,0.0,1.0
2026-Q3,平台产品经理,信息管理与数字素养,0.0045128074,0.007047733757644892,0.002534926357644892,up,0.0,14.0
2026-Q3,平台产品经理,创造力与创新思维,0.01913845,0.01863267831504345,-0.0005057716849565519,down,0.0,15.0
2026-Q3,平台产品经理,口头技术沟通与汇报,0.01864978,0.03464994952082634,0.01600016952082634,up,0.0,16.0
2026-Q3,平台产品经理,团队协作与协调,0.085694365,0.08625946938991547,0.0005651043899154717,up,0.0,15.0
2026-Q3,平台产品经理,图形与交互技术,-4.0067942e-05,2.5097979232668877e-06,4.2577739923266886e-05,up,0.0,4.0
2026-Q3,平台产品经理,多方权衡与方案决策,0.051723305,0.05339546129107475,0.0016721562910747556,up,0.0,15.0
2026-Q3,平台产品经理,大数据与分布式计算,0.00123712,0.0016327439807355404,0.0003956239807355404,up,0.0,12.0
2026-Q3,平台产品经理,大模型开发与微调,2.301269e-05,3.570615081116557e-05,1.2693460811165571e-05,up,0.0,2.0
2026-Q3,平台产品经理,大模型选型与评测,7.587578e-05,0.00010795856360346079,3.208278360346079e-05,up,0.0,3.0
2026-Q3,平台产品经理,嵌入式系统与固件开发,0.00045761734,0.0005518242251127958,9.420688511279583e-05,up,0.0,9.0
2026-Q3,平台产品经理,异构模态组合与泛化能力,-4.0638726e-05,1.8697464838624e-06,4.25084724838624e-05,up,0.0,2.0
2026-Q3,平台产品经理,归纳与演绎推理,0.0023160614,0.00218771118670702,-0.00012835021329298023,down,0.0,14.0
2026-Q3,平台产品经理,批判性逻辑思考,0.02885152,0.028134364634752274,-0.000717155365247725,down,0.0,16.0
2026-Q3,平台产品经理,提示设计与提示工程,-1.9928702e-06,5.347741534933448e-06,7.340611734933448e-06,up,0.0,1.0
2026-Q3,平台产品经理,操作系统与系统管理,0.000993451,0.0009975043358281255,4.053335828125464e-06,up,0.0,10.0
2026-Q3,平台产品经理,数据分析与可视化,0.024459355,0.026629555970430374,0.0021702009704303755,up,0.0,15.0
2026-Q3,平台产品经理,数据管理与数据库,0.013167297,0.012369388714432716,-0.0007979082855672833,down,0.0,15.0
2026-Q3,平台产品经理,时间与资源统筹管理,0.01299116,0.012070637196302414,-0.0009205228036975859,down,0.0,16.0
2026-Q3,平台产品经理,机器学习与深度学习,0.005246563,0.005158367566764355,-8.819543323564539e-05,down,0.0,14.0
2026-Q3,平台产品经理,环境适应与压力耐受,0.028250698,0.02881242334842682,0.0005617253484268177,up,0.0,15.0
2026-Q3,平台产品经理,生成式AI原理与应用,6.361969e-05,9.466556366533041e-05,3.1045873665330414e-05,up,0.0,5.0
2026-Q3,平台产品经理,生成式AI应用开发,5.5441866e-05,5.383370444178581e-05,-1.6081615582141899e-06,down,0.0,6.0
2026-Q3,平台产品经理,目标导向与攻坚韧性,0.03315336,0.03434179350733757,0.0011884335073375704,up,0.0,15.0
2026-Q3,平台产品经理,程序设计与软件工程,0.023560222,0.02279811166226864,-0.0007621103377313601,down,0.0,15.0
2026-Q3,平台产品经理,算法与数据结构,0.00078935735,0.0008772374130785465,8.788006307854654e-05,up,0.0,8.0
2026-Q3,平台产品经理,系统测试与质量评估,0.007590148,0.00796821340918541,0.00037806540918540986,up,0.0,14.0
2026-Q3,平台产品经理,系统部署交付与运维,0.0054921815,0.005407026037573814,-8.515546242618584e-05,down,0.0,13.0
2026-Q3,平台产品经理,终身学习与知识更新,0.015097102,0.0210051778703928,0.0059080758703928,up,0.0,16.0
2026-Q3,平台产品经理,网络安全与数据隐私,0.00397553,0.004160860553383827,0.00018533055338382752,up,0.0,14.0
2026-Q3,平台产品经理,自我监测与工作复盘,0.0047117216,0.004893024917691946,0.00018130331769194638,up,0.0,13.0
2026-Q3,平台产品经理,自然语言处理技术,0.0003728188,0.000553986057639122,0.000181167257639122,up,0.0,9.0
2026-Q3,平台产品经理,计算数学与数据建模,0.00014675409,0.0001521911472082138,5.4370572082138155e-06,up,0.0,8.0
2026-Q3,平台产品经理,计算机硬件与数字电路,0.00025131204,0.0002706109080463648,1.9298868046364773e-05,up,0.0,9.0
2026-Q3,平台产品经理,计算机网络与通信技术,0.0037321597,0.0040062847547233105,0.0002741250547233106,up,0.0,12.0
2026-Q3,平台产品经理,计算机视觉与多模态,0.00063471915,0.0007504837121814489,0.00011576456218144893,up,0.0,9.0
2026-Q3,平台产品经理,说服与分歧谈判,0.0010183491,0.0010523968376219273,3.404773762192724e-05,up,0.0,11.0
2026-Q3,平台产品经理,负责任AI与可解释性,-2.3939705e-05,-9.087496437132359e-06,1.4852208562867642e-05,up,0.0,4.0
2026-Q3,平台产品经理,软件架构与系统设计,0.02169845,0.02320677414536476,0.0015083241453647603,up,0.0,15.0
2026-Q3,平台产品经理,需求洞察与服务意识,0.04416716,0.05192358046770096,0.007756420467700961,up,0.0,16.0
2026-Q3,平台工程师,AI任务拆解与规划,-8.48819e-06,1.0883610229939222e-05,1.9371800229939223e-05,up,0.0,1.0
2026-Q3,平台工程师,AI安全与风险防控,0.00446677,0.005274839699268341,0.000808069699268341,up,0.0156,1.0
2026-Q3,平台工程师,AI幻觉识别与校验,0.019642442,0.01935320906341076,-0.00028923293658924057,down,0.0156,2.0
2026-Q3,平台工程师,AI智能体构建与编排,0.010467264,0.011431005783379078,0.0009637417833790775,up,0.0156,2.0
2026-Q3,平台工程师,RAG与向量数据库,0.018871844,0.018649473786354065,-0.0002223702136459338,down,0.0156,2.0
2026-Q3,平台工程师,严谨细致与诚信自律,0.02408279,0.02408265694975853,-1.330502414700896e-07,down,0.0312,11.0
2026-Q3,平台工程师,书面技术文档撰写,0.032584812,0.03292066231369972,0.00033585031369972457,up,0.0312,12.0
2026-Q3,平台工程师,云原生与分布式系统,0.058454588,0.057916153222322464,-0.0005384347776775378,down,0.0625,12.0
2026-Q3,平台工程师,人机交互与用户体验,0.000829411,0.0006905707996338606,-0.00013884020036613936,down,0.0156,5.0
2026-Q3,平台工程师,仿真数据合成,9.311014e-06,2.2374093532562256e-05,1.3063079532562256e-05,up,0.0,3.0
2026-Q3,平台工程师,信息管理与数字素养,0.008035178,0.008291127160191536,0.0002559491601915355,up,0.0156,9.0
2026-Q3,平台工程师,创造力与创新思维,0.007723505,0.007329973857849836,-0.00039353114215016395,down,0.0156,8.0
2026-Q3,平台工程师,口头技术沟通与汇报,0.046328608,0.045161519199609756,-0.0011670888003902438,down,0.0469,12.0
2026-Q3,平台工程师,团队协作与协调,0.05754686,0.05880782753229141,0.001260967532291414,up,0.0625,12.0
2026-Q3,平台工程师,多方权衡与方案决策,0.016338564,0.01620003767311573,-0.00013852632688426958,down,0.0156,11.0
2026-Q3,平台工程师,大数据与分布式计算,0.024305603,0.024570127949118614,0.00026452494911861565,up,0.0312,11.0
2026-Q3,平台工程师,大模型开发与微调,-3.0844938e-05,2.6143621653318405e-05,5.69885596533184e-05,up,0.0,4.0
2026-Q3,平台工程师,大模型选型与评测,4.0297396e-05,6.42192317172885e-05,2.3921835717288494e-05,up,0.0,2.0
2026-Q3,平台工程师,嵌入式系统与固件开发,0.013931296,0.014069955796003342,0.0001386597960033424,up,0.0156,10.0
2026-Q3,平台工程师,归纳与演绎推理,8.759927e-05,0.00010983750689774752,2.2238236897747512e-05,up,0.0,3.0
2026-Q3,平台工程师,批判性逻辑思考,0.03253352,0.032625481486320496,9.196148632049234e-05,up,0.0469,11.0
2026-Q3,平台工程师,提示设计与提示工程,4.1177496e-05,4.9727881560102105e-05,8.550385560102106e-06,up,0.0,1.0
2026-Q3,平台工程师,操作系统与系统管理,0.02566172,0.025656435638666153,-5.284361333846022e-06,down,0.0312,11.0
2026-Q3,平台工程师,数据分析与可视化,-0.0001795087,-6.7954882979393e-05,0.000111553817020607,up,0.0,11.0
2026-Q3,平台工程师,数据管理与数据库,0.046374023,0.0459752157330513,-0.0003988072669487003,down,0.0469,12.0
2026-Q3,平台工程师,时间与资源统筹管理,0.0023309616,0.0024504270404577255,0.00011946544045772544,up,0.0,11.0
2026-Q3,平台工程师,机器学习与深度学习,0.0190756,0.018573550507426262,-0.0005020494925737397,down,0.0312,9.0
2026-Q3,平台工程师,环境适应与压力耐受,0.020405756,0.018679732456803322,-0.0017260235431966788,down,0.0312,9.0
2026-Q3,平台工程师,生成式AI原理与应用,0.0020606676,0.0012937257997691631,-0.000766941800230837,down,0.0156,3.0
2026-Q3,平台工程师,生成式AI应用开发,0.009735669,0.008826361037790775,-0.0009093079622092253,down,0.0312,5.0
2026-Q3,平台工程师,目标导向与攻坚韧性,0.0038774312,0.0036111846566200256,-0.0002662465433799742,down,0.0,11.0
2026-Q3,平台工程师,程序设计与软件工程,0.08829805,0.08863113075494766,0.00033308075494765943,up,0.0938,12.0
2026-Q3,平台工程师,算法与数据结构,0.01687873,0.014993604272603989,-0.0018851257273960129,down,0.0156,8.0
2026-Q3,平台工程师,系统测试与质量评估,0.028826222,0.02837579883635044,-0.0004504231636495576,down,0.0312,12.0
2026-Q3,平台工程师,系统部署交付与运维,0.058149345,0.0576181560754776,-0.000531188924522398,down,0.0625,12.0
2026-Q3,平台工程师,终身学习与知识更新,0.01778793,0.020083175972104073,0.002295245972104072,up,0.0156,12.0
2026-Q3,平台工程师,网络安全与数据隐私,0.014797821,0.015094728209078312,0.0002969072090783127,up,0.0156,9.0
2026-Q3,平台工程师,自我监测与工作复盘,8.828868e-05,5.853082984685898e-05,-2.975785015314102e-05,down,0.0,3.0
2026-Q3,平台工程师,计算数学与数据建模,0.00033858558,0.0003549037501215935,1.631817012159349e-05,up,0.0,6.0
2026-Q3,平台工程师,计算机硬件与数字电路,0.019577688,0.01879643276333809,-0.0007812552366619104,down,0.0312,11.0
2026-Q3,平台工程师,计算机网络与通信技术,0.0038141944,0.0038217175751924515,7.523175192451423e-06,up,0.0,11.0
2026-Q3,平台工程师,计算机视觉与多模态,0.00028221542,0.0004205584991723299,0.0001383430791723299,up,0.0,6.0
2026-Q3,平台工程师,说服与分歧谈判,0.0002926772,0.000302786473184824,1.0109273184824e-05,up,0.0,4.0
2026-Q3,平台工程师,负责任AI与可解释性,-2.6745256e-06,2.7437228709459305e-05,3.0111754309459306e-05,up,0.0,1.0
2026-Q3,平台工程师,软件架构与系统设计,0.0573128,0.056258998811244965,-0.0010538011887550325,down,0.0625,12.0
2026-Q3,平台工程师,需求洞察与服务意识,0.029807486,0.029663210734725,-0.00014427526527500262,down,0.0312,12.0
2026-Q3,技术总监,AI任务拆解与规划,0.0030288564,0.0030627031810581684,3.3846781058168365e-05,up,0.003,17.0
2026-Q3,技术总监,AI安全与风险防控,0.0017792943,0.001840745098888874,6.145079888887411e-05,up,0.003,14.0
2026-Q3,技术总监,AI幻觉识别与校验,0.0003218661,0.0003305294958408922,8.663395840892191e-06,up,0.0006,4.0
2026-Q3,技术总监,AI智能体构建与编排,0.0030067805,0.003292316570878029,0.000285536070878029,up,0.0042,8.0
2026-Q3,技术总监,AI输出质量评估,0.00087401964,0.0008882958791218698,1.427623912186979e-05,up,0.0012,14.0
2026-Q3,技术总监,RAG与向量数据库,0.00063673046,0.0006699396762996912,3.320921629969124e-05,up,0.0012,5.0
2026-Q3,技术总监,严谨细致与诚信自律,0.037823156,0.03738684952259064,-0.00043630647740935946,down,0.0346,17.0
2026-Q3,技术总监,书面技术文档撰写,0.03663077,0.03698331490159035,0.0003525449015903473,up,0.0364,17.0
2026-Q3,技术总监,云原生与分布式系统,0.011205457,0.01115412451326847,-5.13324867315295e-05,down,0.0109,17.0
2026-Q3,技术总监,人机交互与用户体验,0.004997463,0.004861538764089346,-0.0001359242359106538,down,0.0055,17.0
2026-Q3,技术总监,人机语义对齐与协同,7.636059e-06,9.333714842796326e-06,1.6976558427963249e-06,up,0.0,5.0
2026-Q3,技术总监,仿真数据合成,-7.0496026e-07,3.789900802075863e-07,1.0839503402075862e-06,up,0.0,3.0
2026-Q3,技术总监,信息管理与数字素养,0.012608676,0.013254152610898018,0.0006454766108980187,up,0.0115,17.0
2026-Q3,技术总监,创造力与创新思维,0.05172164,0.05160578712821007,-0.00011585287178993153,down,0.0534,17.0
2026-Q3,技术总监,口头技术沟通与汇报,0.06581703,0.06565540283918381,-0.00016162716081619122,down,0.0661,17.0
2026-Q3,技术总监,团队协作与协调,0.08719269,0.08745680004358292,0.000264110043582913,up,0.0861,17.0
2026-Q3,技术总监,图形与交互技术,0.003949633,0.003994930535554886,4.529753555488573e-05,up,0.0036,17.0
2026-Q3,技术总监,多方权衡与方案决策,0.07357232,0.07363198697566986,5.966697566986423e-05,up,0.0752,17.0
2026-Q3,技术总监,大数据与分布式计算,0.0033439423,0.003403543494641781,5.960119464178083e-05,up,0.0036,17.0
2026-Q3,技术总监,大模型开发与微调,0.00088533,0.0009000624413602054,1.4732441360205376e-05,up,0.0012,8.0
2026-Q3,技术总监,大模型选型与评测,0.00073159294,0.0007519751670770347,2.038222707703469e-05,up,0.0012,7.0
2026-Q3,技术总监,嵌入式系统与固件开发,0.027331024,0.027216240763664246,-0.0001147832363357533,down,0.0279,17.0
2026-Q3,技术总监,归纳与演绎推理,0.003823531,0.00397838931530714,0.00015485831530714055,up,0.0036,17.0
2026-Q3,技术总监,批判性逻辑思考,0.04319949,0.04329945519566536,9.996519566535939e-05,up,0.0431,17.0
2026-Q3,技术总监,提示设计与提示工程,0.000774559,0.00066230702213943,-0.00011225197786056992,down,0.0012,3.0
2026-Q3,技术总监,操作系统与系统管理,0.003279295,0.0032134249340742826,-6.587006592571757e-05,down,0.003,17.0
2026-Q3,技术总监,数据分析与可视化,0.007982902,0.008012267760932446,2.9365760932445473e-05,up,0.0073,17.0
2026-Q3,技术总监,数据管理与数据库,0.0053407606,0.0054589505307376385,0.00011818993073763832,up,0.003,17.0
2026-Q3,技术总监,时间与资源统筹管理,0.074631974,0.0746534988284111,2.1524828411098595e-05,up,0.074,17.0
2026-Q3,技术总监,机器学习与深度学习,0.00995327,0.009801868349313736,-0.0001514016506862642,down,0.0109,17.0
2026-Q3,技术总监,环境适应与压力耐受,0.029862033,0.029726244509220123,-0.00013578849077987634,down,0.0303,17.0
2026-Q3,技术总监,生成式AI原理与应用,0.0012576944,0.0012429052731022239,-1.478912689777622e-05,down,0.0018,9.0
2026-Q3,技术总监,生成式AI应用开发,0.0025996496,0.002687763422727585,8.811382272758475e-05,up,0.0042,10.0
2026-Q3,技术总监,目标导向与攻坚韧性,0.06997333,0.06981641054153442,-0.00015691945846557642,down,0.071,17.0
2026-Q3,技术总监,程序设计与软件工程,0.04168494,0.041450563818216324,-0.00023437618178367287,down,0.0412,17.0
2026-Q3,技术总监,算法与数据结构,0.0071248277,0.006639585830271244,-0.000485241869728756,down,0.0085,17.0
2026-Q3,技术总监,系统测试与质量评估,0.022722868,0.022498928010463715,-0.00022393998953628563,down,0.0237,17.0
2026-Q3,技术总监,系统部署交付与运维,0.008170526,0.008127265609800816,-4.3260390199183554e-05,down,0.0079,17.0
2026-Q3,技术总监,终身学习与知识更新,0.04268115,0.04274298623204231,6.183623204231159e-05,up,0.0424,17.0
2026-Q3,技术总监,网络安全与数据隐私,0.011278002,0.011357132345438004,7.913034543800303e-05,up,0.0115,17.0
2026-Q3,技术总监,自我监测与工作复盘,0.024355069,0.024266591295599937,-8.847770440006258e-05,down,0.0249,17.0
2026-Q3,技术总监,自然语言处理技术,0.00073176075,0.0007267368491739035,-5.023900826096493e-06,down,0.0006,13.0
2026-Q3,技术总监,计算数学与数据建模,0.005765579,0.0057272594422101974,-3.8319557789802394e-05,down,0.0049,17.0
2026-Q3,技术总监,计算机硬件与数字电路,0.020653293,0.02056170254945755,-9.15904505424496e-05,down,0.0218,17.0
2026-Q3,技术总监,计算机网络与通信技术,0.015919125,0.015356034971773624,-0.0005630900282263748,down,0.0164,17.0
2026-Q3,技术总监,计算机视觉与多模态,0.004765242,0.004768527112901211,3.2851129012105226e-06,up,0.0061,17.0
2026-Q3,技术总监,说服与分歧谈判,0.016766706,0.016673225909471512,-9.348009052848744e-05,down,0.0182,17.0
2026-Q3,技术总监,负责任AI与可解释性,0.0011277001,0.0011505663860589266,2.2866286058926622e-05,up,0.0018,8.0
2026-Q3,技术总监,软件架构与系统设计,0.034445927,0.034157589077949524,-0.00028833792205047726,down,0.0346,17.0
2026-Q3,技术总监,需求洞察与服务意识,0.052157328,0.05212748050689697,-2.9847493103030143e-05,down,0.0515,17.0
2026-Q3,技术支持工程师,AI任务拆解与规划,0.0008895335,0.0008840558002702892,-5.477699729710848e-06,down,0.0007,14.0
2026-Q3,技术支持工程师,AI安全与风险防控,2.9262956e-06,3.051500243600458e-06,1.2520464360045794e-07,up,0.0,6.0
2026-Q3,技术支持工程师,AI幻觉识别与校验,3.5283847e-08,2.5213375920429826e-07,2.1684991220429824e-07,up,0.0,1.0
2026-Q3,技术支持工程师,AI智能体构建与编排,0.000101932754,0.00014323738287203014,4.1304628872030144e-05,up,0.0007,3.0
2026-Q3,技术支持工程师,AI输出质量评估,6.146285e-06,1.1934171197935939e-05,5.787886197935939e-06,up,0.0,9.0
2026-Q3,技术支持工程师,严谨细致与诚信自律,0.05544371,0.05544416978955269,4.597895526883833e-07,up,0.0535,17.0
2026-Q3,技术支持工程师,书面技术文档撰写,0.07532442,0.07529682666063309,-2.759333936691588e-05,down,0.0776,17.0
2026-Q3,技术支持工程师,云原生与分布式系统,0.0034692201,0.003489608643576503,2.038854357650291e-05,up,0.003,17.0
2026-Q3,技术支持工程师,人机交互与用户体验,0.0052399454,0.005231858696788549,-8.086703211450906e-06,down,0.0052,17.0
2026-Q3,技术支持工程师,人机语义对齐与协同,0.0004749702,0.00047891357098706067,3.943370987060692e-06,up,0.0004,6.0
2026-Q3,技术支持工程师,仿真数据合成,1.8942555e-06,1.7076963558793068e-06,-1.8655914412069316e-07,down,0.0,5.0
2026-Q3,技术支持工程师,信息管理与数字素养,0.041133374,0.041224151849746704,9.077784974670378e-05,up,0.0427,17.0
2026-Q3,技术支持工程师,创造力与创新思维,0.0080905,0.007918475195765495,-0.00017202480423450517,down,0.0067,17.0
2026-Q3,技术支持工程师,口头技术沟通与汇报,0.10854411,0.10851777344942093,-2.633655057907025e-05,down,0.1085,17.0
2026-Q3,技术支持工程师,团队协作与协调,0.09300203,0.09317679703235626,0.00017476703235626279,up,0.0921,17.0
2026-Q3,技术支持工程师,图形与交互技术,0.0070278044,0.00700010173022747,-2.7702669772529213e-05,down,0.0078,17.0
2026-Q3,技术支持工程师,多方权衡与方案决策,0.018474214,0.018513930961489677,3.971696148967821e-05,up,0.0204,17.0
2026-Q3,技术支持工程师,大数据与分布式计算,0.0010176833,0.0010105110704898834,-7.172229510116592e-06,down,0.0007,17.0
2026-Q3,技术支持工程师,大模型开发与微调,0.00019754811,0.00019579249783419073,-1.7556121658092677e-06,down,0.0004,5.0
2026-Q3,技术支持工程师,大模型选型与评测,5.540793e-05,8.36308827274479e-05,2.82229527274479e-05,up,0.0,7.0
2026-Q3,技术支持工程师,嵌入式系统与固件开发,0.03559327,0.03577141463756561,0.00017814463756560955,up,0.0364,17.0
2026-Q3,技术支持工程师,归纳与演绎推理,0.0065073557,0.006421925034373999,-8.543066562600142e-05,down,0.0063,17.0
2026-Q3,技术支持工程师,批判性逻辑思考,0.04996814,0.04997657984495163,8.439844951628472e-06,up,0.0524,17.0
2026-Q3,技术支持工程师,提示设计与提示工程,2.2175453e-05,2.6791647542268038e-05,4.616194542268038e-06,up,0.0,5.0
2026-Q3,技术支持工程师,操作系统与系统管理,0.017775942,0.017806444317102432,3.0502317102432813e-05,up,0.0167,17.0
2026-Q3,技术支持工程师,数据分析与可视化,0.011604117,0.011590294539928436,-1.3822460071564319e-05,down,0.0108,17.0
2026-Q3,技术支持工程师,数据管理与数据库,0.006676433,0.006618109066039324,-5.832393396067604e-05,down,0.0063,17.0
2026-Q3,技术支持工程师,时间与资源统筹管理,0.022769716,0.022710174322128296,-5.9541677871702975e-05,down,0.0227,17.0
2026-Q3,技术支持工程师,机器学习与深度学习,0.0012929514,0.0012722337851300836,-2.071761486991644e-05,down,0.0011,17.0
2026-Q3,技术支持工程师,环境适应与压力耐受,0.06857727,0.06878924369812012,0.00021197369812012146,up,0.0698,17.0
2026-Q3,技术支持工程师,生成式AI原理与应用,0.00030932942,0.0003046873607672751,-4.642059232724913e-06,down,0.0004,9.0
2026-Q3,技术支持工程师,生成式AI应用开发,0.0009182927,0.0008482170524075627,-7.007564759243731e-05,down,0.0011,9.0
2026-Q3,技术支持工程师,目标导向与攻坚韧性,0.031955708,0.03192140907049179,-3.4298929508208564e-05,down,0.0327,17.0
2026-Q3,技术支持工程师,程序设计与软件工程,0.020530095,0.0204791072756052,-5.0987724394799955e-05,down,0.0208,17.0
2026-Q3,技术支持工程师,算法与数据结构,0.00090328034,0.0008716553566046059,-3.162498339539404e-05,down,0.0011,15.0
2026-Q3,技术支持工程师,系统测试与质量评估,0.023748163,0.02374674566090107,-1.4173390989295764e-06,down,0.0249,17.0
2026-Q3,技术支持工程师,系统部署交付与运维,0.03265556,0.03273775056004524,8.219056004524217e-05,up,0.0308,17.0
2026-Q3,技术支持工程师,终身学习与知识更新,0.047477666,0.04749423265457153,1.6566654571531503e-05,up,0.049,17.0
2026-Q3,技术支持工程师,网络安全与数据隐私,0.008553945,0.00862710177898407,7.315677898406953e-05,up,0.0078,17.0
2026-Q3,技术支持工程师,自我监测与工作复盘,0.010655252,0.010699070058763027,4.381805876302672e-05,up,0.0137,17.0
2026-Q3,技术支持工程师,自然语言处理技术,9.5215604e-05,8.053572673816234e-05,-1.4679877261837662e-05,down,0.0,11.0
2026-Q3,技术支持工程师,计算数学与数据建模,0.0020687818,0.002069315407425165,5.336074251653319e-07,up,0.0019,17.0
2026-Q3,技术支持工程师,计算机硬件与数字电路,0.030360095,0.030307138338685036,-5.295666131496443e-05,down,0.0286,17.0
2026-Q3,技术支持工程师,计算机网络与通信技术,0.02077625,0.02158544212579727,0.0008091921257972721,up,0.0208,17.0
2026-Q3,技术支持工程师,计算机视觉与多模态,0.003948868,0.003991865552961826,4.299755296182598e-05,up,0.0041,17.0
2026-Q3,技术支持工程师,说服与分歧谈判,0.011812274,0.011781612411141396,-3.0661588858603775e-05,down,0.0134,17.0
2026-Q3,技术支持工程师,负责任AI与可解释性,0.00022583325,0.00023348533431999385,7.652084319993859e-06,up,0.0004,10.0
2026-Q3,技术支持工程师,软件架构与系统设计,0.0076815896,0.007648553233593702,-3.303636640629784e-05,down,0.0078,17.0
2026-Q3,技术支持工程师,需求洞察与服务意识,0.09722786,0.09726035594940186,3.2495949401856183e-05,up,0.0977,17.0
2026-Q3,技术支持经理/主管,AI任务拆解与规划,0.00083892583,0.0008087437599897385,-3.0182070010261494e-05,down,0.0052,5.0
2026-Q3,技术支持经理/主管,AI安全与风险防控,3.5070261e-06,7.075548637658358e-06,3.5685225376583578e-06,up,0.0,2.0
2026-Q3,技术支持经理/主管,AI输出质量评估,1.4735822e-05,1.5849873307161033e-05,1.1140513071610325e-06,up,0.0,2.0
2026-Q3,技术支持经理/主管,严谨细致与诚信自律,0.04172635,0.041525959968566895,-0.0002003900314331078,down,0.0417,17.0
2026-Q3,技术支持经理/主管,书面技术文档撰写,0.06816183,0.06764646619558334,-0.0005153638044166631,down,0.0781,17.0
2026-Q3,技术支持经理/主管,云原生与分布式系统,0.004284067,0.004271954298019409,-1.211270198059073e-05,down,0.0052,11.0
2026-Q3,技术支持经理/主管,人机交互与用户体验,0.003227972,0.0032031862065196037,-2.478579348039623e-05,down,0.0052,10.0
2026-Q3,技术支持经理/主管,信息管理与数字素养,0.0321013,0.03277270123362541,0.0006714012336254127,up,0.0312,17.0
2026-Q3,技术支持经理/主管,创造力与创新思维,0.008024934,0.00812070444226265,9.577044226265034e-05,up,0.0104,14.0
2026-Q3,技术支持经理/主管,口头技术沟通与汇报,0.081071615,0.08261185884475708,0.0015402438447570804,up,0.0781,17.0
2026-Q3,技术支持经理/主管,团队协作与协调,0.089631945,0.09005741029977798,0.0004254652997779801,up,0.0833,17.0
2026-Q3,技术支持经理/主管,图形与交互技术,0.004028296,0.004005441442131996,-2.2854557868003632e-05,down,0.0156,11.0
2026-Q3,技术支持经理/主管,多方权衡与方案决策,0.048602305,0.04894741624593735,0.000345111245937349,up,0.0469,16.0
2026-Q3,技术支持经理/主管,大数据与分布式计算,0.00016301894,0.00017372716683894396,1.0708226838943957e-05,up,0.0,7.0
2026-Q3,技术支持经理/主管,大模型开发与微调,1.3370853e-05,2.225322532467544e-05,8.88237232467544e-06,up,0.0,1.0
2026-Q3,技术支持经理/主管,大模型选型与评测,1.337094e-05,2.357535413466394e-05,1.0204414134663939e-05,up,0.0,1.0
2026-Q3,技术支持经理/主管,嵌入式系统与固件开发,0.030881893,0.030685491859912872,-0.00019640114008712822,down,0.0417,15.0
2026-Q3,技术支持经理/主管,归纳与演绎推理,0.0054250793,0.00578403240069747,0.00035895310069746986,up,0.0104,13.0
2026-Q3,技术支持经理/主管,批判性逻辑思考,0.05770113,0.058918729424476624,0.0012175994244766203,up,0.0677,17.0
2026-Q3,技术支持经理/主管,操作系统与系统管理,0.015665099,0.01553521491587162,-0.00012988408412837812,down,0.0156,12.0
2026-Q3,技术支持经理/主管,数据分析与可视化,0.026956076,0.02656097337603569,-0.00039510262396430865,down,0.026,14.0
2026-Q3,技术支持经理/主管,数据管理与数据库,0.008571977,0.008602695539593697,3.071853959369687e-05,up,0.0104,14.0
2026-Q3,技术支持经理/主管,时间与资源统筹管理,0.07137153,0.07218896597623825,0.0008174359762382483,up,0.0573,17.0
2026-Q3,技术支持经理/主管,机器学习与深度学习,-7.300463e-06,1.154362689703703e-05,1.884408989703703e-05,up,0.0,3.0
2026-Q3,技术支持经理/主管,环境适应与压力耐受,0.051928684,0.052311163395643234,0.0003824793956432315,up,0.0625,17.0
2026-Q3,技术支持经理/主管,生成式AI应用开发,4.9773516e-06,6.653193850070238e-06,1.6758422500702384e-06,up,0.0,1.0
2026-Q3,技术支持经理/主管,目标导向与攻坚韧性,0.037540305,0.03725891932845116,-0.00028138567154884636,down,0.0312,16.0
2026-Q3,技术支持经理/主管,程序设计与软件工程,0.014777866,0.015241013839840889,0.00046314783984088836,up,0.0156,13.0
2026-Q3,技术支持经理/主管,算法与数据结构,0.0025729379,0.001871085842140019,-0.0007018520578599809,down,0.0052,3.0
2026-Q3,技术支持经理/主管,系统测试与质量评估,0.0033557527,0.003672101069241762,0.0003163483692417623,up,0.0,14.0
2026-Q3,技术支持经理/主管,系统部署交付与运维,0.015883522,0.01583147421479225,-5.2047785207749026e-05,down,0.0156,14.0
2026-Q3,技术支持经理/主管,终身学习与知识更新,0.04031151,0.04038047790527344,6.896790527343571e-05,up,0.0417,17.0
2026-Q3,技术支持经理/主管,网络安全与数据隐私,0.009401137,0.009531000629067421,0.00012986362906742058,up,0.0104,14.0
2026-Q3,技术支持经理/主管,自我监测与工作复盘,0.037120957,0.035594791173934937,-0.0015261658260650665,down,0.0208,16.0
2026-Q3,技术支持经理/主管,自然语言处理技术,5.2995165e-06,3.0925730243325233e-06,-2.2069434756674766e-06,down,0.0,2.0
2026-Q3,技术支持经理/主管,计算数学与数据建模,1.6475446e-05,2.7259753551334143e-05,1.0784307551334142e-05,up,0.0,5.0
2026-Q3,技术支持经理/主管,计算机硬件与数字电路,0.017296517,0.017792638391256332,0.0004961213912563316,up,0.026,15.0
2026-Q3,技术支持经理/主管,计算机网络与通信技术,0.02566748,0.02386072278022766,-0.0018067572197723383,down,0.0365,13.0
2026-Q3,技术支持经理/主管,计算机视觉与多模态,0.0012889728,0.0015041795559227467,0.0002152067559227466,up,0.0052,5.0
2026-Q3,技术支持经理/主管,说服与分歧谈判,0.021688092,0.021048951894044876,-0.000639140105955123,down,0.0104,15.0
2026-Q3,技术支持经理/主管,软件架构与系统设计,0.0023409403,0.002374984323978424,3.404402397842428e-05,up,0.0052,10.0
2026-Q3,技术支持经理/主管,需求洞察与服务意识,0.0934935,0.09412986785173416,0.0006363678517341681,up,0.0833,17.0
2026-Q3,技术文档工程师,AI任务拆解与规划,0.00012981921,0.00010878290049731731,-2.10363095026827e-05,down,0.0,5.0
2026-Q3,技术文档工程师,AI安全与风险防控,-9.994837e-07,5.723595677409321e-07,1.5718432677409322e-06,up,0.0,1.0
2026-Q3,技术文档工程师,AI幻觉识别与校验,-8.8572415e-07,2.6161360437981784e-06,3.5018601937981784e-06,up,0.0,1.0
2026-Q3,技术文档工程师,AI智能体构建与编排,-3.100744e-06,-4.3177715269848704e-07,2.668966847301513e-06,up,0.0,1.0
2026-Q3,技术文档工程师,AI输出质量评估,0.0025706412,0.0024072742089629173,-0.00016336699103708255,down,0.0052,7.0
2026-Q3,技术文档工程师,严谨细致与诚信自律,0.0804514,0.08017591387033463,-0.000275486129665381,down,0.0825,17.0
2026-Q3,技术文档工程师,书面技术文档撰写,0.13379341,0.13373307883739471,-6.033116260528715e-05,down,0.1392,17.0
2026-Q3,技术文档工程师,云原生与分布式系统,0.0003224921,0.00038050650618970394,5.8014406189703946e-05,up,0.0,12.0
2026-Q3,技术文档工程师,人机交互与用户体验,0.04049212,0.039427854120731354,-0.0010642658792686457,down,0.0412,17.0
2026-Q3,技术文档工程师,人机语义对齐与协同,1.2290169e-05,1.506204716861248e-05,2.7718781686124803e-06,up,0.0,2.0
2026-Q3,技术文档工程师,仿真数据合成,1.425833e-06,3.3159085432998836e-06,1.8900755432998836e-06,up,0.0,2.0
2026-Q3,技术文档工程师,信息管理与数字素养,0.10197309,0.1017804890871048,-0.00019260091289520498,down,0.1031,17.0
2026-Q3,技术文档工程师,创造力与创新思维,0.0021019122,0.0021349163725972176,3.300417259721744e-05,up,0.0,16.0
2026-Q3,技术文档工程师,口头技术沟通与汇报,0.09339679,0.09463740885257721,0.001240618852577216,up,0.0876,17.0
2026-Q3,技术文档工程师,团队协作与协调,0.11098718,0.11095626652240753,-3.091347759247298e-05,down,0.1082,17.0
2026-Q3,技术文档工程师,图形与交互技术,0.018728051,0.01881866343319416,9.061243319416143e-05,up,0.0206,17.0
2026-Q3,技术文档工程师,多方权衡与方案决策,0.011175765,0.011127042584121227,-4.8722415878773434e-05,down,0.0103,16.0
2026-Q3,技术文档工程师,大数据与分布式计算,-1.4620717e-05,-4.0211016312241554e-06,1.0599615368775845e-05,up,0.0,4.0
2026-Q3,技术文档工程师,嵌入式系统与固件开发,0.0060785594,0.006028279662132263,-5.0279737867736825e-05,down,0.0052,17.0
2026-Q3,技术文档工程师,归纳与演绎推理,0.007294276,0.0074611846357584,0.00016690863575840025,up,0.0052,16.0
2026-Q3,技术文档工程师,批判性逻辑思考,0.050244655,0.051077309995889664,0.0008326549958896645,up,0.0464,17.0
2026-Q3,技术文档工程师,操作系统与系统管理,0.0042202794,0.0041515519842505455,-6.872741574945416e-05,down,0.0052,16.0
2026-Q3,技术文档工程师,数据分析与可视化,0.008380488,0.00836271420121193,-1.7773798788070852e-05,down,0.0103,16.0
2026-Q3,技术文档工程师,数据管理与数据库,0.015853295,0.015515870414674282,-0.0003374245853257178,down,0.0155,17.0
2026-Q3,技术文档工程师,时间与资源统筹管理,0.044655938,0.04518013447523117,0.0005241964752311715,up,0.0619,17.0
2026-Q3,技术文档工程师,机器学习与深度学习,2.6781083e-05,3.2479496439918876e-05,5.698413439918875e-06,up,0.0,4.0
2026-Q3,技术文档工程师,环境适应与压力耐受,0.025898226,0.026156669482588768,0.0002584434825887681,up,0.0258,17.0
2026-Q3,技术文档工程师,生成式AI原理与应用,-1.9247818e-07,4.7177309170365334e-08,2.3965548917036534e-07,up,0.0,3.0
2026-Q3,技术文档工程师,生成式AI应用开发,1.3117737e-05,1.2562464689835906e-05,-5.552723101640933e-07,down,0.0,3.0
2026-Q3,技术文档工程师,目标导向与攻坚韧性,0.02552899,0.02527112141251564,-0.00025786858748436114,down,0.0206,17.0
2026-Q3,技术文档工程师,程序设计与软件工程,0.023036087,0.02249239943921566,-0.0005436875607843401,down,0.0206,17.0
2026-Q3,技术文档工程师,算法与数据结构,3.1144707e-05,3.328325692564249e-05,2.138549925642491e-06,up,0.0,2.0
2026-Q3,技术文档工程师,系统测试与质量评估,0.009212209,0.009391626343131065,0.00017941734313106465,up,0.0155,17.0
2026-Q3,技术文档工程师,系统部署交付与运维,0.00147381,0.0012803125428035855,-0.00019349745719641456,down,0.0,14.0
2026-Q3,技术文档工程师,终身学习与知识更新,0.061303344,0.06125463917851448,-4.8704821485522076e-05,down,0.0619,17.0
2026-Q3,技术文档工程师,网络安全与数据隐私,0.0058004856,0.006099396850913763,0.00029891125091376265,up,0.0052,16.0
2026-Q3,技术文档工程师,自我监测与工作复盘,0.016927537,0.016899028792977333,-2.8508207022666376e-05,down,0.0155,17.0
2026-Q3,技术文档工程师,自然语言处理技术,-2.7621718e-06,-6.418704288080335e-07,2.1203013711919667e-06,up,0.0,1.0
2026-Q3,技术文档工程师,计算数学与数据建模,8.749915e-05,8.795398753136396e-05,4.548375313639702e-07,up,0.0,7.0
2026-Q3,技术文档工程师,计算机硬件与数字电路,0.012889465,0.012978465296328068,8.900029632806852e-05,up,0.0155,17.0
2026-Q3,技术文档工程师,计算机网络与通信技术,0.0034789338,0.0036379722878336906,0.00015903848783369078,up,0.0052,16.0
2026-Q3,技术文档工程师,计算机视觉与多模态,9.268755e-06,3.684055991470814e-05,2.757180491470814e-05,up,0.0,5.0
2026-Q3,技术文档工程师,说服与分歧谈判,0.00086712476,0.0008390577277168632,-2.8067032283136885e-05,down,0.0,10.0
2026-Q3,技术文档工程师,负责任AI与可解释性,2.6096212e-05,3.420497523620725e-05,8.108763236207248e-06,up,0.0,2.0
2026-Q3,技术文档工程师,软件架构与系统设计,0.0016354662,0.0015037821140140295,-0.00013168408598597048,down,0.0,11.0
2026-Q3,技术文档工程师,需求洞察与服务意识,0.06251118,0.061330221593379974,-0.0011809584066200252,down,0.067,17.0
2026-Q3,技术经理,AI任务拆解与规划,0.0035882127,0.003482397645711899,-0.00010581505428810135,down,0.0032,17.0
2026-Q3,技术经理,AI安全与风险防控,0.0007146381,0.0007205722504295409,5.934150429540868e-06,up,0.0006,16.0
2026-Q3,技术经理,AI幻觉识别与校验,-7.381004e-08,2.180122464778833e-07,2.918222864778833e-07,up,0.0,1.0
2026-Q3,技术经理,AI智能体构建与编排,0.0029844712,0.0029540518298745155,-3.041937012548436e-05,down,0.0025,4.0
2026-Q3,技术经理,AI输出质量评估,0.0005133521,0.0004697164404205978,-4.3635659579402256e-05,down,0.0006,9.0
2026-Q3,技术经理,RAG与向量数据库,0.0019838933,0.0021408353932201862,0.0001569420932201861,up,0.0025,4.0
2026-Q3,技术经理,严谨细致与诚信自律,0.043721993,0.043671928346157074,-5.006465384292669e-05,down,0.0451,17.0
2026-Q3,技术经理,书面技术文档撰写,0.04589455,0.04573706537485123,-0.00015748462514877243,down,0.0464,17.0
2026-Q3,技术经理,云原生与分布式系统,0.01239945,0.012366160750389099,-3.328924961090024e-05,down,0.0108,17.0
2026-Q3,技术经理,人机交互与用户体验,0.008670805,0.008737445808947086,6.664080894708616e-05,up,0.0083,17.0
2026-Q3,技术经理,人机语义对齐与协同,2.027533e-06,3.94425296690315e-06,1.91671996690315e-06,up,0.0,3.0
2026-Q3,技术经理,仿真数据合成,1.6913393e-05,9.928509825840592e-06,-6.984883174159408e-06,down,0.0,6.0
2026-Q3,技术经理,信息管理与数字素养,0.015952189,0.015977688133716583,2.5499133716584688e-05,up,0.0153,17.0
2026-Q3,技术经理,创造力与创新思维,0.035613608,0.03568694740533829,7.333940533828937e-05,up,0.0362,17.0
2026-Q3,技术经理,口头技术沟通与汇报,0.06871901,0.0685163363814354,-0.00020267361856460275,down,0.0687,17.0
2026-Q3,技术经理,团队协作与协调,0.08621986,0.08635310083627701,0.00013324083627701266,up,0.0871,17.0
2026-Q3,技术经理,图形与交互技术,0.009874036,0.00968008954077959,-0.00019394645922040862,down,0.0076,17.0
2026-Q3,技术经理,多方权衡与方案决策,0.056463715,0.05645319074392319,-1.0524256076810401e-05,down,0.0559,17.0
2026-Q3,技术经理,大数据与分布式计算,0.0051186485,0.005011335946619511,-0.00010731255338048903,down,0.0045,17.0
2026-Q3,技术经理,大模型开发与微调,0.0019862193,0.0020604822784662247,7.426297846622456e-05,up,0.0025,5.0
2026-Q3,技术经理,大模型选型与评测,0.0006084582,0.0006670893635600805,5.863116356008048e-05,up,0.0019,6.0
2026-Q3,技术经理,嵌入式系统与固件开发,0.032348894,0.03231806308031082,-3.08309196891815e-05,down,0.0312,17.0
2026-Q3,技术经理,异构模态组合与泛化能力,0.00071265455,0.0007093190215528011,-3.3355284471989037e-06,down,0.0006,2.0
2026-Q3,技术经理,归纳与演绎推理,0.0026683859,0.0029081644024699926,0.00023977850246999265,up,0.0025,17.0
2026-Q3,技术经理,批判性逻辑思考,0.041332945,0.041327111423015594,-5.833576984408395e-06,down,0.0413,17.0
2026-Q3,技术经理,提示设计与提示工程,0.0013794267,0.0013618696248158813,-1.7557075184118772e-05,down,0.0013,4.0
2026-Q3,技术经理,操作系统与系统管理,0.008051904,0.008037401363253593,-1.4502636746406908e-05,down,0.0076,17.0
2026-Q3,技术经理,数据分析与可视化,0.007864653,0.008058285340666771,0.0001936323406667717,up,0.0064,17.0
2026-Q3,技术经理,数据管理与数据库,0.016200507,0.01605551317334175,-0.0001449938266582483,down,0.0159,17.0
2026-Q3,技术经理,时间与资源统筹管理,0.073933065,0.07394073158502579,7.666585025781214e-06,up,0.0744,17.0
2026-Q3,技术经理,机器学习与深度学习,0.00921707,0.009252511896193027,3.544189619302668e-05,up,0.0095,16.0
2026-Q3,技术经理,环境适应与压力耐受,0.030533414,0.030426329001784325,-0.00010708499821567366,down,0.0299,17.0
2026-Q3,技术经理,生成式AI原理与应用,0.003519692,0.0035444186069071293,2.472660690712924e-05,up,0.0045,9.0
2026-Q3,技术经理,生成式AI应用开发,0.0058956635,0.006311952602118254,0.00041628910211825333,up,0.007,7.0
2026-Q3,技术经理,目标导向与攻坚韧性,0.062267072,0.06225905567407608,-8.016325923919376e-06,down,0.0629,17.0
2026-Q3,技术经理,程序设计与软件工程,0.049411252,0.04932399094104767,-8.726105895233427e-05,down,0.049,17.0
2026-Q3,技术经理,算法与数据结构,0.00516243,0.005124576389789581,-3.785361021041867e-05,down,0.0051,17.0
2026-Q3,技术经理,系统测试与质量评估,0.02913321,0.028955906629562378,-0.00017730337043762173,down,0.0292,17.0
2026-Q3,技术经理,系统部署交付与运维,0.013831433,0.013834777288138866,3.3442881388658086e-06,up,0.0134,17.0
2026-Q3,技术经理,终身学习与知识更新,0.03612504,0.03637295216321945,0.00024791216321945475,up,0.035,17.0
2026-Q3,技术经理,网络安全与数据隐私,0.009359298,0.009429448284208775,7.01502842087743e-05,up,0.0095,17.0
2026-Q3,技术经理,自我监测与工作复盘,0.027318776,0.027241256088018417,-7.751991198158212e-05,down,0.0286,17.0
2026-Q3,技术经理,自然语言处理技术,0.001763317,0.001843119040131569,7.980204013156899e-05,up,0.0019,13.0
2026-Q3,技术经理,计算数学与数据建模,0.0036947536,0.0038076862692832947,0.00011293266928329463,up,0.0025,17.0
2026-Q3,技术经理,计算机硬件与数字电路,0.019291531,0.019062930718064308,-0.00022860028193569248,down,0.0184,17.0
2026-Q3,技术经理,计算机网络与通信技术,0.010945096,0.010732132941484451,-0.00021296305851554835,down,0.0102,17.0
2026-Q3,技术经理,计算机视觉与多模态,0.0025777027,0.002644754946231842,6.705224623184194e-05,up,0.0032,17.0
2026-Q3,技术经理,说服与分歧谈判,0.00894518,0.008865327574312687,-7.985242568731357e-05,down,0.0076,17.0
2026-Q3,技术经理,负责任AI与可解释性,0.00012582852,0.00012784931459464133,2.0207945946413165e-06,up,0.0006,11.0
2026-Q3,技术经理,软件架构与系统设计,0.037951954,0.037798795849084854,-0.0001531581509151489,down,0.0388,17.0
2026-Q3,技术经理,需求洞察与服务意识,0.05220366,0.05219801887869835,-5.641121301649954e-06,down,0.0521,17.0
2026-Q3,推荐算法工程师,AI任务拆解与规划,0.0005368083,0.0006069538649171591,7.014556491715903e-05,up,0.0,8.0
2026-Q3,推荐算法工程师,AI幻觉识别与校验,5.695212e-06,1.0888135875575244e-05,5.192923875575245e-06,up,0.0,1.0
2026-Q3,推荐算法工程师,AI智能体构建与编排,1.089205e-05,2.5540735805407166e-05,1.4648685805407166e-05,up,0.0,1.0
2026-Q3,推荐算法工程师,AI输出质量评估,0.0013197521,0.0009118950692936778,-0.0004078570307063222,down,0.0,5.0
2026-Q3,推荐算法工程师,RAG与向量数据库,2.165744e-05,6.024399772286415e-05,3.858655772286415e-05,up,0.0,1.0
2026-Q3,推荐算法工程师,严谨细致与诚信自律,0.0034922808,0.003840903751552105,0.00034862295155210516,up,0.0,14.0
2026-Q3,推荐算法工程师,书面技术文档撰写,0.006947507,0.007462210021913052,0.0005147030219130513,up,0.0,15.0
2026-Q3,推荐算法工程师,云原生与分布式系统,0.0065755034,0.007024134509265423,0.0004486311092654228,up,0.0,11.0
2026-Q3,推荐算法工程师,人机交互与用户体验,4.9417373e-05,0.0001003616489470005,5.0944275947000505e-05,up,0.0,7.0
2026-Q3,推荐算法工程师,信息管理与数字素养,0.0013139178,0.0013937961775809526,7.987837758095264e-05,up,0.0,9.0
2026-Q3,推荐算法工程师,创造力与创新思维,-0.001958521,-0.00219867005944252,-0.00024014905944252018,down,0.0,14.0
2026-Q3,推荐算法工程师,口头技术沟通与汇报,0.07136639,0.06378260254859924,-0.007583787451400759,down,0.125,16.0
2026-Q3,推荐算法工程师,团队协作与协调,0.088894844,0.08979303389787674,0.0008981898978767389,up,0.125,16.0
2026-Q3,推荐算法工程师,多方权衡与方案决策,0.009802036,0.010781395249068737,0.000979359249068737,up,0.0,13.0
2026-Q3,推荐算法工程师,大数据与分布式计算,0.037274584,0.03582310676574707,-0.0014514772342529292,down,0.0,15.0
2026-Q3,推荐算法工程师,大模型开发与微调,1.8510851e-05,1.2397184036672115e-05,-6.113666963327883e-06,down,0.0,4.0
2026-Q3,推荐算法工程师,大模型选型与评测,-1.2648525e-05,-8.385628461837769e-06,4.262896538162231e-06,up,0.0,5.0
2026-Q3,推荐算法工程师,嵌入式系统与固件开发,2.1999935e-05,4.7143083065748215e-05,2.5143148065748213e-05,up,0.0,4.0
2026-Q3,推荐算法工程师,归纳与演绎推理,0.0065783164,0.007446227129548788,0.0008679107295487881,up,0.0,13.0
2026-Q3,推荐算法工程师,批判性逻辑思考,0.07138975,0.07299982011318207,0.001610070113182066,up,0.125,16.0
2026-Q3,推荐算法工程师,提示设计与提示工程,-2.359203e-05,-9.328825399279594e-06,1.4263204600720405e-05,up,0.0,2.0
2026-Q3,推荐算法工程师,操作系统与系统管理,0.0071632266,0.006859771907329559,-0.00030345469267044085,down,0.0,14.0
2026-Q3,推荐算法工程师,数据分析与可视化,0.09943026,0.09704449772834778,-0.002385762271652228,down,0.125,16.0
2026-Q3,推荐算法工程师,数据管理与数据库,0.018771209,0.01857805624604225,-0.00019315275395774892,down,0.0,14.0
2026-Q3,推荐算法工程师,时间与资源统筹管理,0.0035070968,0.0033702384680509567,-0.00013685833194904346,down,0.0,10.0
2026-Q3,推荐算法工程师,机器学习与深度学习,0.11850648,0.11825436353683472,-0.0002521164631652806,down,0.125,16.0
2026-Q3,推荐算法工程师,环境适应与压力耐受,0.008215519,0.007939467206597328,-0.00027605179340267107,down,0.0,12.0
2026-Q3,推荐算法工程师,生成式AI原理与应用,0.0031882795,0.003251835238188505,6.355573818850498e-05,up,0.0,9.0
2026-Q3,推荐算法工程师,生成式AI应用开发,0.00019549415,0.00021801027469336987,2.2516124693369873e-05,up,0.0,7.0
2026-Q3,推荐算法工程师,目标导向与攻坚韧性,0.015475474,0.015753617510199547,0.00027814351019954733,up,0.0,15.0
2026-Q3,推荐算法工程师,程序设计与软件工程,0.08742082,0.08870644867420197,0.001285628674201969,up,0.125,16.0
2026-Q3,推荐算法工程师,算法与数据结构,0.014144432,0.014606315642595291,0.00046188364259529095,up,0.0,15.0
2026-Q3,推荐算法工程师,系统测试与质量评估,7.809338e-05,6.967870285734534e-05,-8.414677142654656e-06,down,0.0,2.0
2026-Q3,推荐算法工程师,系统部署交付与运维,0.0032986533,0.003057200228795409,-0.00024145307120459081,down,0.0,11.0
2026-Q3,推荐算法工程师,终身学习与知识更新,0.06154211,0.06147849187254906,-6.361812745094009e-05,down,0.125,16.0
2026-Q3,推荐算法工程师,网络安全与数据隐私,8.08246e-05,0.00012856582179665565,4.7741221796655656e-05,up,0.0,3.0
2026-Q3,推荐算法工程师,自我监测与工作复盘,0.00021854648,0.0002809814177453518,6.24349377453518e-05,up,0.0,7.0
2026-Q3,推荐算法工程师,自然语言处理技术,0.03857112,0.0387963242828846,0.00022520428288459737,up,0.0,15.0
2026-Q3,推荐算法工程师,计算数学与数据建模,0.025377471,0.026130197569727898,0.000752726569727899,up,0.0,15.0
2026-Q3,推荐算法工程师,计算机硬件与数字电路,3.3082848e-05,3.6654877476394176e-05,3.5720294763941774e-06,up,0.0,2.0
2026-Q3,推荐算法工程师,计算机网络与通信技术,4.1443272e-06,5.528447218239307e-06,1.3841200182393076e-06,up,0.0,4.0
2026-Q3,推荐算法工程师,计算机视觉与多模态,0.0026952466,0.0037213070318102837,0.0010260604318102838,up,0.0,10.0
2026-Q3,推荐算法工程师,说服与分歧谈判,0.002167135,0.0019233988132327795,-0.00024373618676722065,down,0.0,10.0
2026-Q3,推荐算法工程师,负责任AI与可解释性,5.42255e-05,7.920555071905255e-05,2.4980050719052555e-05,up,0.0,2.0
2026-Q3,推荐算法工程师,软件架构与系统设计,0.023201454,0.02468259073793888,0.001481136737938881,up,0.0,14.0
2026-Q3,推荐算法工程师,需求洞察与服务意识,0.060378745,0.06161108985543251,0.0012323448554325128,up,0.125,16.0
2026-Q3,搜索算法工程师,AI任务拆解与规划,-3.8734404e-05,2.0224135369062424e-05,5.895853936906242e-05,up,0.0,3.0
2026-Q3,搜索算法工程师,AI幻觉识别与校验,-1.6533537e-05,4.8834714107215405e-05,6.53682511072154e-05,up,0.0,1.0
2026-Q3,搜索算法工程师,AI智能体构建与编排,0.01838037,0.02389320358633995,0.0055128335863399505,up,0.0556,1.0
2026-Q3,搜索算法工程师,AI输出质量评估,6.245915e-05,8.260563481599092e-05,2.014648481599092e-05,up,0.0,2.0
2026-Q3,搜索算法工程师,RAG与向量数据库,0.021260805,0.019324839115142822,-0.0019359658848571784,down,0.0556,5.0
2026-Q3,搜索算法工程师,严谨细致与诚信自律,-2.037175e-05,0.0002932753413915634,0.00031364709139156344,up,0.0,9.0
2026-Q3,搜索算法工程师,书面技术文档撰写,0.006926013,0.0065451860427856445,-0.00038082695721435543,down,0.0556,7.0
2026-Q3,搜索算法工程师,云原生与分布式系统,0.041299116,0.041749462485313416,0.0004503464853134187,up,0.0556,13.0
2026-Q3,搜索算法工程师,人机交互与用户体验,0.01728841,0.012686694040894508,-0.004601715959105492,down,0.0556,6.0
2026-Q3,搜索算法工程师,信息管理与数字素养,-5.2437477e-05,-2.579187275841832e-05,2.6645604241581676e-05,up,0.0,1.0
2026-Q3,搜索算法工程师,创造力与创新思维,0.010982419,0.010132274590432644,-0.0008501444095673563,down,0.0,10.0
2026-Q3,搜索算法工程师,口头技术沟通与汇报,0.028751947,0.031084738671779633,0.0023327916717796326,up,0.0,13.0
2026-Q3,搜索算法工程师,团队协作与协调,0.058753982,0.05626203864812851,-0.0024919433518714937,down,0.0,13.0
2026-Q3,搜索算法工程师,多方权衡与方案决策,0.0001068525,9.02076717466116e-05,-1.66448282533884e-05,down,0.0,3.0
2026-Q3,搜索算法工程师,大数据与分布式计算,0.04090007,0.03782670944929123,-0.0030733605507087675,down,0.0,13.0
2026-Q3,搜索算法工程师,大模型开发与微调,0.001002044,0.0008010887540876865,-0.00020095524591231336,down,0.0556,3.0
2026-Q3,搜索算法工程师,大模型选型与评测,0.001390697,0.0018857624381780624,0.0004950654381780625,up,0.0556,5.0
2026-Q3,搜索算法工程师,归纳与演绎推理,0.00012955209,0.0001877797767519951,5.8227686751995085e-05,up,0.0,4.0
2026-Q3,搜索算法工程师,批判性逻辑思考,0.05106311,0.05266416072845459,0.001601050728454588,up,0.0,12.0
2026-Q3,搜索算法工程师,操作系统与系统管理,0.017001381,0.01567298360168934,-0.0013283973983106608,down,0.0,11.0
2026-Q3,搜索算法工程师,数据分析与可视化,0.044269618,0.04394029080867767,-0.00032932719132232335,down,0.0,12.0
2026-Q3,搜索算法工程师,数据管理与数据库,0.04868964,0.05008520185947418,0.0013955618594741828,up,0.0556,10.0
2026-Q3,搜索算法工程师,时间与资源统筹管理,0.00029469188,0.0003150384873151779,2.0346607315177936e-05,up,0.0,5.0
2026-Q3,搜索算法工程师,机器学习与深度学习,0.053912126,0.05360330641269684,-0.00030881958730315934,down,0.0556,14.0
2026-Q3,搜索算法工程师,环境适应与压力耐受,0.0070024934,0.006496431306004524,-0.0005060620939954762,down,0.0,10.0
2026-Q3,搜索算法工程师,生成式AI原理与应用,0.02005604,0.01830914616584778,-0.0017468938341522224,down,0.0556,8.0
2026-Q3,搜索算法工程师,生成式AI应用开发,0.00081634754,0.0007958854548633099,-2.0462085136690187e-05,down,0.0556,4.0
2026-Q3,搜索算法工程师,目标导向与攻坚韧性,0.0061646225,0.005710167810320854,-0.00045445468967914623,down,0.0,10.0
2026-Q3,搜索算法工程师,程序设计与软件工程,0.055482514,0.054311905056238174,-0.0011706089437618222,down,0.0556,14.0
2026-Q3,搜索算法工程师,算法与数据结构,0.06411948,0.06316336244344711,-0.0009561175565528934,down,0.0556,14.0
2026-Q3,搜索算法工程师,系统测试与质量评估,0.018223837,0.016700943931937218,-0.001522893068062782,down,0.0556,7.0
2026-Q3,搜索算法工程师,系统部署交付与运维,0.038940575,0.038776688277721405,-0.00016388672227859308,down,0.0556,7.0
2026-Q3,搜索算法工程师,终身学习与知识更新,0.0050267745,0.007264683023095131,0.002237908523095131,up,0.0,10.0
2026-Q3,搜索算法工程师,网络安全与数据隐私,6.245915e-05,7.784611079841852e-05,1.538696079841852e-05,up,0.0,2.0
2026-Q3,搜索算法工程师,自然语言处理技术,0.051846366,0.051592230796813965,-0.00025413520318603305,down,0.0556,14.0
2026-Q3,搜索算法工程师,计算数学与数据建模,0.0013989359,0.001462884247303009,6.394834730300914e-05,up,0.0,8.0
2026-Q3,搜索算法工程师,计算机硬件与数字电路,5.092169e-05,5.5845826864242554e-05,4.924136864242557e-06,up,0.0,2.0
2026-Q3,搜索算法工程师,计算机网络与通信技术,0.0006467826,0.000702079851180315,5.529725118031499e-05,up,0.0,5.0
2026-Q3,搜索算法工程师,计算机视觉与多模态,0.053160198,0.053900957107543945,0.0007407591075439465,up,0.0556,9.0
2026-Q3,搜索算法工程师,软件架构与系统设计,0.056513794,0.05406922474503517,-0.0024445692549648276,down,0.0556,12.0
2026-Q3,搜索算法工程师,需求洞察与服务意识,0.008052036,0.009142665192484856,0.0010906291924848554,up,0.0,10.0
2026-Q3,数据产品经理,AI任务拆解与规划,0.0038097973,0.00392161775380373,0.00011182045380373016,up,0.0088,11.0
2026-Q3,数据产品经理,AI安全与风险防控,-3.5264093e-06,-2.020446117967367e-06,1.505963182032633e-06,up,0.0,2.0
2026-Q3,数据产品经理,AI输出质量评估,0.00015794509,0.00017398357158526778,1.603848158526777e-05,up,0.0,5.0
2026-Q3,数据产品经理,严谨细致与诚信自律,0.024137417,0.02443963848054409,0.000302221480544089,up,0.0351,16.0
2026-Q3,数据产品经理,书面技术文档撰写,0.055155076,0.055107761174440384,-4.7314825559613416e-05,down,0.0526,17.0
2026-Q3,数据产品经理,云原生与分布式系统,0.0059800623,0.005723048932850361,-0.0002570133671496392,down,0.0088,14.0
2026-Q3,数据产品经理,人机交互与用户体验,0.041910294,0.04243311285972595,0.0005228188597259514,up,0.0263,17.0
2026-Q3,数据产品经理,人机语义对齐与协同,4.5869092e-07,3.8821526686660945e-06,3.4234617486660945e-06,up,0.0,1.0
2026-Q3,数据产品经理,信息管理与数字素养,0.015806027,0.016107112169265747,0.0003010851692657468,up,0.0175,16.0
2026-Q3,数据产品经理,创造力与创新思维,0.024949204,0.0251835398375988,0.00023433583759880153,up,0.0263,16.0
2026-Q3,数据产品经理,口头技术沟通与汇报,0.063215524,0.06345844268798828,0.00024291868798828609,up,0.0614,17.0
2026-Q3,数据产品经理,团队协作与协调,0.08232108,0.08257558941841125,0.0002545094184112501,up,0.0789,17.0
2026-Q3,数据产品经理,多方权衡与方案决策,0.042991295,0.04313952848315239,0.0001482334831523907,up,0.0439,17.0
2026-Q3,数据产品经理,大数据与分布式计算,0.016814364,0.016860246658325195,4.5882658325197e-05,up,0.0175,16.0
2026-Q3,数据产品经理,大模型开发与微调,-1.5703554e-06,1.6124831745401025e-06,3.1828385745401027e-06,up,0.0,1.0
2026-Q3,数据产品经理,大模型选型与评测,3.986567e-05,5.3467112593352795e-05,1.3601442593352797e-05,up,0.0,3.0
2026-Q3,数据产品经理,嵌入式系统与固件开发,6.0797785e-05,6.648432463407516e-05,5.686539634075163e-06,up,0.0,5.0
2026-Q3,数据产品经理,归纳与演绎推理,0.006724133,0.0067131794057786465,-1.0953594221353724e-05,down,0.0,15.0
2026-Q3,数据产品经理,批判性逻辑思考,0.05840777,0.059097565710544586,0.0006897957105445884,up,0.0614,17.0
2026-Q3,数据产品经理,操作系统与系统管理,0.00044523808,0.0005283736390992999,8.313555909929992e-05,up,0.0,7.0
2026-Q3,数据产品经理,数据分析与可视化,0.084000714,0.08420788496732712,0.00020717096732711382,up,0.0789,17.0
2026-Q3,数据产品经理,数据管理与数据库,0.068645835,0.06948384642601013,0.0008380114260101296,up,0.0877,17.0
2026-Q3,数据产品经理,时间与资源统筹管理,0.051107317,0.05111456289887428,7.245898874283507e-06,up,0.0526,17.0
2026-Q3,数据产品经理,机器学习与深度学习,0.018744558,0.01847744919359684,-0.00026710880640316154,down,0.0263,16.0
2026-Q3,数据产品经理,环境适应与压力耐受,0.019674588,0.01914135366678238,-0.0005332343332176206,down,0.0175,17.0
2026-Q3,数据产品经理,生成式AI原理与应用,-4.5542256e-05,-1.4367979019880295e-05,3.1174276980119704e-05,up,0.0,3.0
2026-Q3,数据产品经理,生成式AI应用开发,-2.6145135e-06,4.420609911903739e-06,7.035123411903739e-06,up,0.0,2.0
2026-Q3,数据产品经理,目标导向与攻坚韧性,0.018099826,0.019034896045923233,0.0009350700459232336,up,0.0175,17.0
2026-Q3,数据产品经理,程序设计与软件工程,0.028619066,0.02906229719519615,0.00044323119519615317,up,0.0439,17.0
2026-Q3,数据产品经理,算法与数据结构,0.0005414738,0.0004727148334495723,-6.875896655042773e-05,down,0.0,6.0
2026-Q3,数据产品经理,系统测试与质量评估,0.015927924,0.015648633241653442,-0.00027929075834655717,down,0.0263,15.0
2026-Q3,数据产品经理,系统部署交付与运维,0.0016343615,0.0016287616454064846,-5.599854593515323e-06,down,0.0,11.0
2026-Q3,数据产品经理,终身学习与知识更新,0.033946667,0.034080930054187775,0.00013426305418777484,up,0.0263,17.0
2026-Q3,数据产品经理,网络安全与数据隐私,0.017846927,0.018182585015892982,0.00033565801589298394,up,0.0175,17.0
2026-Q3,数据产品经理,自我监测与工作复盘,0.010699215,0.010137642733752728,-0.0005615722662472723,down,0.0351,15.0
2026-Q3,数据产品经理,自然语言处理技术,1.5742262e-05,2.8818147256970406e-05,1.3075885256970406e-05,up,0.0,6.0
2026-Q3,数据产品经理,计算数学与数据建模,0.03534242,0.03452621400356293,-0.0008162059964370721,down,0.0351,17.0
2026-Q3,数据产品经理,计算机硬件与数字电路,1.1562661e-05,2.1572865080088377e-05,1.0010204080088377e-05,up,0.0,5.0
2026-Q3,数据产品经理,计算机网络与通信技术,0.0005967949,0.000541778514161706,-5.5016385838294e-05,down,0.0,8.0
2026-Q3,数据产品经理,计算机视觉与多模态,0.0004253214,0.0004528696881607175,2.754828816071747e-05,up,0.0,8.0
2026-Q3,数据产品经理,说服与分歧谈判,0.007210115,0.006974553689360619,-0.000235561310639381,down,0.0088,12.0
2026-Q3,数据产品经理,负责任AI与可解释性,4.5373774e-05,5.39423490408808e-05,8.568575040880801e-06,up,0.0,2.0
2026-Q3,数据产品经理,软件架构与系统设计,0.0097361365,0.01010914333164692,0.0003730068316469201,up,0.0088,17.0
2026-Q3,数据产品经理,需求洞察与服务意识,0.08111617,0.08160023391246796,0.0004840639124679552,up,0.0789,17.0
2026-Q3,数据仓库工程师,AI任务拆解与规划,0.0011682607,0.001290397602133453,0.0001221369021334529,up,0.0051,6.0
2026-Q3,数据仓库工程师,AI安全与风险防控,0.0013160417,0.0015625136438757181,0.0002464719438757181,up,0.0051,1.0
2026-Q3,数据仓库工程师,AI幻觉识别与校验,0.0013160417,0.00197047321125865,0.0006544315112586498,up,0.0051,1.0
2026-Q3,数据仓库工程师,AI智能体构建与编排,0.0050100433,0.005214720033109188,0.00020467673310918793,up,0.0051,5.0
2026-Q3,数据仓库工程师,AI输出质量评估,1.7658094e-06,5.920017429161817e-06,4.1542080291618165e-06,up,0.0,1.0
2026-Q3,数据仓库工程师,RAG与向量数据库,6.7052635e-05,7.356656715273857e-05,6.513932152738566e-06,up,0.0051,3.0
2026-Q3,数据仓库工程师,严谨细致与诚信自律,0.039791983,0.03958037868142128,-0.00021160431857872308,down,0.0256,17.0
2026-Q3,数据仓库工程师,书面技术文档撰写,0.03394764,0.033912234008312225,-3.5405991687775806e-05,down,0.0308,17.0
2026-Q3,数据仓库工程师,云原生与分布式系统,0.021962576,0.021917210891842842,-4.536510815715891e-05,down,0.0256,17.0
2026-Q3,数据仓库工程师,人机交互与用户体验,0.0059998045,0.005983973853290081,-1.5830646709918787e-05,down,0.0051,17.0
2026-Q3,数据仓库工程师,人机语义对齐与协同,-1.1071534e-06,1.1041629477404058e-06,2.2113163477404055e-06,up,0.0,1.0
2026-Q3,数据仓库工程师,信息管理与数字素养,0.009102296,0.008752264082431793,-0.0003500319175682061,down,0.0103,15.0
2026-Q3,数据仓库工程师,创造力与创新思维,0.0051883315,0.005127883516252041,-6.044798374795889e-05,down,0.0051,16.0
2026-Q3,数据仓库工程师,口头技术沟通与汇报,0.064549305,0.06492838263511658,0.0003790776351165759,up,0.0615,17.0
2026-Q3,数据仓库工程师,团队协作与协调,0.07667608,0.07696230709552765,0.00028622709552765524,up,0.0769,17.0
2026-Q3,数据仓库工程师,图形与交互技术,1.4448393e-05,1.985019480343908e-05,5.401801803439081e-06,up,0.0,1.0
2026-Q3,数据仓库工程师,多方权衡与方案决策,0.01503321,0.015422716736793518,0.0003895067367935181,up,0.0205,16.0
2026-Q3,数据仓库工程师,大数据与分布式计算,0.07843009,0.07850664108991623,7.655108991623527e-05,up,0.0667,17.0
2026-Q3,数据仓库工程师,大模型开发与微调,1.2711826e-05,2.4474866222590208e-05,1.1763040222590208e-05,up,0.0,1.0
2026-Q3,数据仓库工程师,嵌入式系统与固件开发,2.8315117e-06,8.126371540129185e-06,5.294859840129185e-06,up,0.0,4.0
2026-Q3,数据仓库工程师,归纳与演绎推理,0.003979382,0.004002600442618132,2.321844261813158e-05,up,0.0051,14.0
2026-Q3,数据仓库工程师,批判性逻辑思考,0.03830392,0.039336804300546646,0.0010328843005466479,up,0.0462,17.0
2026-Q3,数据仓库工程师,操作系统与系统管理,0.010379794,0.010223597288131714,-0.0001561967118682856,down,0.0103,16.0
2026-Q3,数据仓库工程师,数据分析与可视化,0.07781259,0.07806660979986191,0.00025401979986190704,up,0.0769,17.0
2026-Q3,数据仓库工程师,数据管理与数据库,0.09999249,0.09984264522790909,-0.00014984477209091518,down,0.0923,17.0
2026-Q3,数据仓库工程师,时间与资源统筹管理,0.014544051,0.014370747841894627,-0.00017330315810537393,down,0.0154,17.0
2026-Q3,数据仓库工程师,机器学习与深度学习,0.008602975,0.008780594915151596,0.00017761991515159552,up,0.0103,16.0
2026-Q3,数据仓库工程师,环境适应与压力耐受,0.020220805,0.020007841289043427,-0.0002129637109565749,down,0.0256,16.0
2026-Q3,数据仓库工程师,生成式AI原理与应用,0.0011886504,0.0012576442677527666,6.899386775276661e-05,up,0.0103,6.0
2026-Q3,数据仓库工程师,生成式AI应用开发,0.001337102,0.0007610493339598179,-0.0005760526660401821,down,0.0103,4.0
2026-Q3,数据仓库工程师,目标导向与攻坚韧性,0.023372402,0.023293213918805122,-7.918808119487808e-05,down,0.0256,17.0
2026-Q3,数据仓库工程师,程序设计与软件工程,0.048914947,0.04889881610870361,-1.6130891296387007e-05,down,0.0462,17.0
2026-Q3,数据仓库工程师,算法与数据结构,0.002953264,0.0026997514069080353,-0.00025351259309196487,down,0.0,10.0
2026-Q3,数据仓库工程师,系统测试与质量评估,0.013079485,0.013071287423372269,-8.197576627731393e-06,down,0.0103,17.0
2026-Q3,数据仓库工程师,系统部署交付与运维,0.029795635,0.02936290018260479,-0.00043273481739521114,down,0.0308,17.0
2026-Q3,数据仓库工程师,终身学习与知识更新,0.029641984,0.0306717436760664,0.001029759676066399,up,0.0205,17.0
2026-Q3,数据仓库工程师,网络安全与数据隐私,0.033276763,0.03207362815737724,-0.0012031348426227578,down,0.0359,16.0
2026-Q3,数据仓库工程师,自我监测与工作复盘,0.0022246805,0.0027833478525280952,0.0005586673525280954,up,0.0103,13.0
2026-Q3,数据仓库工程师,自然语言处理技术,3.227929e-05,1.5951693058013916e-05,-1.6327596941986084e-05,down,0.0,10.0
2026-Q3,数据仓库工程师,计算数学与数据建模,0.040080342,0.039469748735427856,-0.0006105932645721415,down,0.0359,17.0
2026-Q3,数据仓库工程师,计算机硬件与数字电路,2.888497e-06,5.464593414217234e-06,2.5760964142172336e-06,up,0.0,1.0
2026-Q3,数据仓库工程师,计算机网络与通信技术,0.0032577142,0.003474090015515685,0.00021637581551568492,up,0.0051,11.0
2026-Q3,数据仓库工程师,计算机视觉与多模态,1.0331802e-05,1.3508411939255893e-05,3.176609939255893e-06,up,0.0,1.0
2026-Q3,数据仓库工程师,说服与分歧谈判,0.0024972279,0.002278297208249569,-0.00021893069175043123,down,0.0,13.0
2026-Q3,数据仓库工程师,负责任AI与可解释性,0.0026578903,0.003334521083161235,0.0006766307831612348,up,0.0103,1.0
2026-Q3,数据仓库工程师,软件架构与系统设计,0.043025415,0.042569033801555634,-0.00045638119844436387,down,0.0462,17.0
2026-Q3,数据仓库工程师,需求洞察与服务意识,0.055127606,0.05494196340441704,-0.00018564259558296464,down,0.0667,17.0
2026-Q3,数据分析师,AI任务拆解与规划,0.0028817297,0.00293001439422369,4.828469422368982e-05,up,0.0031,16.0
2026-Q3,数据分析师,AI安全与风险防控,0.00010988227,0.00010339404980186373,-6.4882201981362645e-06,down,0.0,10.0
2026-Q3,数据分析师,AI幻觉检测与缓解能力,-2.952438e-07,5.263045750325546e-07,8.215483750325546e-07,up,0.0,1.0
2026-Q3,数据分析师,AI幻觉识别与校验,0.00010749124,0.00011037709191441536,2.885851914415365e-06,up,0.0008,6.0
2026-Q3,数据分析师,AI智能体构建与编排,0.00140319,0.001617371803149581,0.00021418180314958105,up,0.0039,8.0
2026-Q3,数据分析师,AI输出质量评估,0.0019181024,0.0018842688295990229,-3.383357040097714e-05,down,0.0031,14.0
2026-Q3,数据分析师,RAG与向量数据库,0.0006296871,0.0006374605000019073,7.773400001907338e-06,up,0.0015,8.0
2026-Q3,数据分析师,严谨细致与诚信自律,0.045192774,0.045266229659318924,7.345565931892589e-05,up,0.0486,17.0
2026-Q3,数据分析师,书面技术文档撰写,0.05607034,0.056028351187705994,-4.198881229400958e-05,down,0.054,17.0
2026-Q3,数据分析师,云原生与分布式系统,0.004235313,0.004195882007479668,-3.9430992520332435e-05,down,0.0039,17.0
2026-Q3,数据分析师,人机交互与用户体验,0.003296734,0.0032949780579656363,-1.7559420343636958e-06,down,0.0031,16.0
2026-Q3,数据分析师,人机语义对齐与协同,0.0002369337,0.0002669636160135269,3.0029916013526905e-05,up,0.0015,6.0
2026-Q3,数据分析师,仿真数据合成,1.0201984e-07,2.9060174711048603e-08,-7.29596652889514e-08,down,0.0,3.0
2026-Q3,数据分析师,信息管理与数字素养,0.021852521,0.021904779598116875,5.2258598116874944e-05,up,0.0208,17.0
2026-Q3,数据分析师,创造力与创新思维,0.013293108,0.013366520404815674,7.341240481567417e-05,up,0.0108,17.0
2026-Q3,数据分析师,口头技术沟通与汇报,0.07475197,0.0749288871884346,0.00017691718843459991,up,0.0725,17.0
2026-Q3,数据分析师,团队协作与协调,0.0883916,0.08840177953243256,1.0179532432555427e-05,up,0.091,17.0
2026-Q3,数据分析师,图形与交互技术,2.7563656e-05,3.218022175133228e-05,4.616565751332282e-06,up,0.0,9.0
2026-Q3,数据分析师,多方权衡与方案决策,0.02122883,0.021402690559625626,0.000173860559625625,up,0.0216,17.0
2026-Q3,数据分析师,大数据与分布式计算,0.013660062,0.013819193467497826,0.00015913146749782503,up,0.0139,17.0
2026-Q3,数据分析师,大模型开发与微调,0.00081372313,0.0007386289071291685,-7.509422287083154e-05,down,0.0015,8.0
2026-Q3,数据分析师,大模型选型与评测,0.0011829122,0.0011659717420116067,-1.6940457988393314e-05,down,0.0023,6.0
2026-Q3,数据分析师,嵌入式系统与固件开发,0.00025554266,0.0002865360875148326,3.099342751483261e-05,up,0.0,12.0
2026-Q3,数据分析师,异构模态组合与泛化能力,1.4989382e-06,2.1243795345071703e-06,6.254413345071703e-07,up,0.0,2.0
2026-Q3,数据分析师,归纳与演绎推理,0.014078233,0.01418498158454895,0.00010674858454894944,up,0.0154,17.0
2026-Q3,数据分析师,批判性逻辑思考,0.07339002,0.07352185994386673,0.00013183994386672948,up,0.0732,17.0
2026-Q3,数据分析师,提示设计与提示工程,0.00023785925,0.00024296983610838652,5.1105861083865255e-06,up,0.0015,6.0
2026-Q3,数据分析师,操作系统与系统管理,0.0040594353,0.003981643356382847,-7.779194361715296e-05,down,0.0023,17.0
2026-Q3,数据分析师,数据分析与可视化,0.11208301,0.11233527213335037,0.0002522621333503755,up,0.1118,17.0
2026-Q3,数据分析师,数据管理与数据库,0.07995087,0.079851433634758,-9.943636524199773e-05,down,0.0802,17.0
2026-Q3,数据分析师,时间与资源统筹管理,0.02145837,0.02141670137643814,-4.1668623561860046e-05,down,0.0224,17.0
2026-Q3,数据分析师,机器学习与深度学习,0.022933228,0.02285856567323208,-7.46623267679214e-05,down,0.0224,17.0
2026-Q3,数据分析师,环境适应与压力耐受,0.03334997,0.03353440389037132,0.00018443389037132302,up,0.0362,17.0
2026-Q3,数据分析师,生成式AI原理与应用,0.0031822857,0.003193918615579605,1.1632915579604889e-05,up,0.0039,12.0
2026-Q3,数据分析师,生成式AI应用开发,0.005763474,0.00572278443723917,-4.068956276083013e-05,down,0.0069,13.0
2026-Q3,数据分析师,目标导向与攻坚韧性,0.027806323,0.027732716873288155,-7.360612671184624e-05,down,0.027,17.0
2026-Q3,数据分析师,程序设计与软件工程,0.03789883,0.03782021999359131,-7.861000640869281e-05,down,0.0401,17.0
2026-Q3,数据分析师,算法与数据结构,0.00505401,0.005006515886634588,-4.749411336541203e-05,down,0.0039,17.0
2026-Q3,数据分析师,系统测试与质量评估,0.0047536795,0.004756494890898466,2.8153908984661358e-06,up,0.0054,16.0
2026-Q3,数据分析师,系统部署交付与运维,0.0069625448,0.006754509638994932,-0.00020803516100506743,down,0.0062,17.0
2026-Q3,数据分析师,终身学习与知识更新,0.04202046,0.04210390895605087,8.344895605087027e-05,up,0.0416,17.0
2026-Q3,数据分析师,网络安全与数据隐私,0.0063274433,0.006379319820553064,5.1876520553064374e-05,up,0.0093,17.0
2026-Q3,数据分析师,自我监测与工作复盘,0.012024366,0.011696120724081993,-0.00032824527591800677,down,0.0146,16.0
2026-Q3,数据分析师,自然语言处理技术,0.0019966892,0.0019130381988361478,-8.365100116385213e-05,down,0.0008,17.0
2026-Q3,数据分析师,计算数学与数据建模,0.059292417,0.058237187564373016,-0.0010552294356269837,down,0.0547,17.0
2026-Q3,数据分析师,计算机硬件与数字电路,0.00061052234,0.0006237535271793604,1.3231187179360386e-05,up,0.0015,15.0
2026-Q3,数据分析师,计算机网络与通信技术,0.0027511714,0.0027240405324846506,-2.7130867515349263e-05,down,0.0031,16.0
2026-Q3,数据分析师,计算机视觉与多模态,0.0010402225,0.0010762324091047049,3.600990910470475e-05,up,0.0015,14.0
2026-Q3,数据分析师,说服与分歧谈判,0.004006466,0.003978549037128687,-2.791696287131329e-05,down,0.0046,16.0
2026-Q3,数据分析师,负责任AI与可解释性,0.00010826925,0.00014653182006441057,3.8262570064410574e-05,up,0.0,9.0
2026-Q3,数据分析师,软件架构与系统设计,0.0040089614,0.0040317862294614315,2.2824829461431245e-05,up,0.0039,16.0
2026-Q3,数据分析师,需求洞察与服务意识,0.050071158,0.050884608179330826,0.0008134501793308282,up,0.0478,17.0
2026-Q3,数据分析经理/主管,AI任务拆解与规划,0.021466251,0.021689310669898987,0.00022305966989898812,up,0.0247,8.0
2026-Q3,数据分析经理/主管,AI安全与风险防控,1.2720207e-05,2.507283352315426e-05,1.2352626523154259e-05,up,0.0,1.0
2026-Q3,数据分析经理/主管,AI幻觉识别与校验,1.2720207e-05,2.3022934328764677e-05,1.0302727328764677e-05,up,0.0,1.0
2026-Q3,数据分析经理/主管,AI输出质量评估,0.0011832442,0.0012585173826664686,7.527318266646859e-05,up,0.0,6.0
2026-Q3,数据分析经理/主管,严谨细致与诚信自律,0.038265288,0.03674051910638809,-0.0015247688936119094,down,0.0247,14.0
2026-Q3,数据分析经理/主管,书面技术文档撰写,0.08095275,0.07910099625587463,-0.00185175374412537,down,0.0741,17.0
2026-Q3,数据分析经理/主管,云原生与分布式系统,0.00038042525,0.000432661734521389,5.2236484521388986e-05,up,0.0,7.0
2026-Q3,数据分析经理/主管,人机交互与用户体验,0.00014219643,0.00018699653446674347,4.4800104466743474e-05,up,0.0,6.0
2026-Q3,数据分析经理/主管,人机语义对齐与协同,0.0035218738,0.003038463182747364,-0.0004834106172526358,down,0.0123,1.0
2026-Q3,数据分析经理/主管,信息管理与数字素养,0.018218411,0.018581118434667587,0.00036270743466758695,up,0.0123,12.0
2026-Q3,数据分析经理/主管,创造力与创新思维,0.013175805,0.012946425937116146,-0.00022937906288385441,down,0.0123,14.0
2026-Q3,数据分析经理/主管,口头技术沟通与汇报,0.05427469,0.057760339230298996,0.0034856492302989955,up,0.037,16.0
2026-Q3,数据分析经理/主管,团队协作与协调,0.08775665,0.08863329887390137,0.0008766488739013617,up,0.0864,17.0
2026-Q3,数据分析经理/主管,多方权衡与方案决策,0.03830856,0.03786797076463699,-0.00044058923536300504,down,0.037,16.0
2026-Q3,数据分析经理/主管,大数据与分布式计算,0.0030052187,0.0029145050793886185,-9.071362061138137e-05,down,0.0,10.0
2026-Q3,数据分析经理/主管,大模型选型与评测,1.2720207e-05,2.468994352966547e-05,1.196973652966547e-05,up,0.0,1.0
2026-Q3,数据分析经理/主管,嵌入式系统与固件开发,5.1906594e-05,5.960025009699166e-05,7.69365609699166e-06,up,0.0,1.0
2026-Q3,数据分析经理/主管,归纳与演绎推理,0.008332004,0.00857100822031498,0.00023900422031497906,up,0.0123,11.0
2026-Q3,数据分析经理/主管,批判性逻辑思考,0.056384426,0.05643601715564728,5.1591155647276454e-05,up,0.0494,17.0
2026-Q3,数据分析经理/主管,提示设计与提示工程,1.2720207e-05,2.42509413510561e-05,1.15307343510561e-05,up,0.0,1.0
2026-Q3,数据分析经理/主管,操作系统与系统管理,3.844325e-05,4.8154848627746105e-05,9.711598627746104e-06,up,0.0,3.0
2026-Q3,数据分析经理/主管,数据分析与可视化,0.10089618,0.10088780522346497,-8.374776535036155e-06,down,0.0988,17.0
2026-Q3,数据分析经理/主管,数据管理与数据库,0.08807105,0.08728204667568207,-0.0007890033243179301,down,0.0864,17.0
2026-Q3,数据分析经理/主管,时间与资源统筹管理,0.039241906,0.039118554443120956,-0.0001233515568790436,down,0.037,15.0
2026-Q3,数据分析经理/主管,机器学习与深度学习,0.013350623,0.013282899744808674,-6.772325519132684e-05,down,0.0247,14.0
2026-Q3,数据分析经理/主管,环境适应与压力耐受,0.031405155,0.03101116605103016,-0.0003939889489698381,down,0.037,15.0
2026-Q3,数据分析经理/主管,生成式AI原理与应用,-1.2344972e-05,2.2406515199691057e-05,3.475148719969106e-05,up,0.0,2.0
2026-Q3,数据分析经理/主管,生成式AI应用开发,0.00062771956,0.0006511441897600889,2.3424629760088883e-05,up,0.0123,4.0
2026-Q3,数据分析经理/主管,目标导向与攻坚韧性,0.04554029,0.044924452900886536,-0.0006158370991134615,down,0.0617,15.0
2026-Q3,数据分析经理/主管,程序设计与软件工程,0.020750174,0.02092776820063591,0.00017759420063591033,up,0.0247,13.0
2026-Q3,数据分析经理/主管,算法与数据结构,2.2847904e-05,2.3037719074636698e-05,1.8981507463669827e-07,up,0.0,3.0
2026-Q3,数据分析经理/主管,系统测试与质量评估,9.162701e-06,2.7936301194131374e-05,1.8773600194131372e-05,up,0.0,4.0
2026-Q3,数据分析经理/主管,系统部署交付与运维,0.0056094164,0.005450434051454067,-0.0001589823485459328,down,0.0247,7.0
2026-Q3,数据分析经理/主管,终身学习与知识更新,0.042902853,0.0412740558385849,-0.0016287971614150978,down,0.0494,15.0
2026-Q3,数据分析经理/主管,网络安全与数据隐私,0.0017861761,0.001989101991057396,0.0002029258910573959,up,0.0,11.0
2026-Q3,数据分析经理/主管,自我监测与工作复盘,0.013212149,0.013365553691983223,0.00015340469198322354,up,0.0123,14.0
2026-Q3,数据分析经理/主管,自然语言处理技术,7.622596e-05,7.500476203858852e-05,-1.2211979614114716e-06,down,0.0,5.0
2026-Q3,数据分析经理/主管,计算数学与数据建模,0.051293325,0.050924770534038544,-0.000368554465961457,down,0.0617,16.0
2026-Q3,数据分析经理/主管,计算机网络与通信技术,1.2720207e-05,1.9265542505308986e-05,6.545335505308986e-06,up,0.0,1.0
2026-Q3,数据分析经理/主管,说服与分歧谈判,0.0036690757,0.004290315788239241,0.0006212400882392405,up,0.0,9.0
2026-Q3,数据分析经理/主管,负责任AI与可解释性,0.0005525276,0.0005610277876257896,8.500187625789623e-06,up,0.0,4.0
2026-Q3,数据分析经理/主管,软件架构与系统设计,6.276602e-05,0.00014898553490638733,8.621951490638733e-05,up,0.0,7.0
2026-Q3,数据分析经理/主管,需求洞察与服务意识,0.0731017,0.07114163041114807,-0.0019600695888519343,down,0.0864,17.0
2026-Q3,数据建模工程师,AI任务拆解与规划,1.3566751e-05,2.2401451133191586e-05,8.834700133191586e-06,up,0.0,4.0
2026-Q3,数据建模工程师,AI安全与风险防控,-3.3834775e-05,-2.3262720787897706e-05,1.0572054212102296e-05,up,0.0,2.0
2026-Q3,数据建模工程师,AI智能体构建与编排,-5.7358993e-06,3.605964593589306e-07,6.096495759358931e-06,up,0.0,2.0
2026-Q3,数据建模工程师,AI输出质量评估,0.0012090704,0.001962763722985983,0.000753693322985983,up,0.0,9.0
2026-Q3,数据建模工程师,RAG与向量数据库,-3.2170065e-05,-5.334411980584264e-06,2.683565301941574e-05,up,0.0,1.0
2026-Q3,数据建模工程师,严谨细致与诚信自律,0.00927243,0.009364141151309013,9.171115130901346e-05,up,0.0,14.0
2026-Q3,数据建模工程师,书面技术文档撰写,0.07136735,0.06956593692302704,-0.0018014130769729575,down,0.1,16.0
2026-Q3,数据建模工程师,云原生与分布式系统,0.0572571,0.05791228264570236,0.0006551826457023638,up,0.1,11.0
2026-Q3,数据建模工程师,人机交互与用户体验,3.764103e-05,6.996258161962032e-05,3.232155161962032e-05,up,0.0,4.0
2026-Q3,数据建模工程师,仿真数据合成,-3.2170006e-05,-1.673059887252748e-05,1.543940712747252e-05,up,0.0,1.0
2026-Q3,数据建模工程师,信息管理与数字素养,0.0030285974,0.0032955913338810205,0.00026699393388102035,up,0.0,11.0
2026-Q3,数据建模工程师,创造力与创新思维,0.015140278,0.015072793699800968,-6.74843001990319e-05,down,0.1,12.0
2026-Q3,数据建模工程师,口头技术沟通与汇报,0.09302884,0.08933964371681213,-0.0036891962831878677,down,0.1,15.0
2026-Q3,数据建模工程师,团队协作与协调,0.095965266,0.09639514237642288,0.00042987637642288856,up,0.1,16.0
2026-Q3,数据建模工程师,图形与交互技术,2.1277461e-05,2.65645794570446e-05,5.287118457044601e-06,up,0.0,5.0
2026-Q3,数据建模工程师,多方权衡与方案决策,0.0030589104,0.003963008522987366,0.0009040981229873658,up,0.0,14.0
2026-Q3,数据建模工程师,大数据与分布式计算,0.08563198,0.08564195781946182,9.977819461826076e-06,up,0.1,14.0
2026-Q3,数据建模工程师,大模型选型与评测,0.00017274497,0.00019726925529539585,2.452428529539584e-05,up,0.0,3.0
2026-Q3,数据建模工程师,嵌入式系统与固件开发,-1.395747e-06,6.017551640979946e-06,7.413298640979946e-06,up,0.0,1.0
2026-Q3,数据建模工程师,归纳与演绎推理,0.00476617,0.005044490098953247,0.00027832009895324694,up,0.0,12.0
2026-Q3,数据建模工程师,批判性逻辑思考,0.03383046,0.03192613273859024,-0.0019043272614097592,down,0.0,14.0
2026-Q3,数据建模工程师,操作系统与系统管理,0.0023357905,0.0025723427534103394,0.00023655225341033927,up,0.0,11.0
2026-Q3,数据建模工程师,数据分析与可视化,0.060253575,0.059691160917282104,-0.0005624140827178922,down,0.0,15.0
2026-Q3,数据建模工程师,数据管理与数据库,0.094025865,0.09408821165561676,6.234665561676012e-05,up,0.1,16.0
2026-Q3,数据建模工程师,时间与资源统筹管理,0.010651074,0.010600603185594082,-5.047081440591808e-05,down,0.0,12.0
2026-Q3,数据建模工程师,机器学习与深度学习,0.022466497,0.024483125656843185,0.002016628656843187,up,0.0,15.0
2026-Q3,数据建模工程师,环境适应与压力耐受,0.0057475306,0.005715888924896717,-3.164167510328296e-05,down,0.0,14.0
2026-Q3,数据建模工程师,生成式AI原理与应用,0.00012638944,0.00016097258776426315,3.458314776426315e-05,up,0.0,3.0
2026-Q3,数据建模工程师,生成式AI应用开发,-8.819159e-06,1.0206596925854683e-05,1.9025755925854683e-05,up,0.0,2.0
2026-Q3,数据建模工程师,目标导向与攻坚韧性,0.022344586,0.023791078478097916,0.001446492478097916,up,0.1,13.0
2026-Q3,数据建模工程师,程序设计与软件工程,0.014978776,0.013633262366056442,-0.001345513633943557,down,0.0,14.0
2026-Q3,数据建模工程师,算法与数据结构,0.0077988002,0.008881062269210815,0.0010822620692108155,up,0.0,14.0
2026-Q3,数据建模工程师,系统测试与质量评估,0.0002065273,0.0005094883963465691,0.0003029610963465691,up,0.0,11.0
2026-Q3,数据建模工程师,系统部署交付与运维,0.0032070158,0.0034292610362172127,0.0002222452362172127,up,0.0,13.0
2026-Q3,数据建模工程师,终身学习与知识更新,0.025025934,0.027674593031406403,0.002648659031406403,up,0.0,13.0
2026-Q3,数据建模工程师,网络安全与数据隐私,0.051487207,0.05724720656871796,0.005759999568717956,up,0.1,10.0
2026-Q3,数据建模工程师,自我监测与工作复盘,0.0027857283,0.0026434403844177723,-0.0001422879155822277,down,0.0,10.0
2026-Q3,数据建模工程师,自然语言处理技术,0.0014028009,0.0012607104144990444,-0.0001420904855009555,down,0.0,9.0
2026-Q3,数据建模工程师,计算数学与数据建模,0.038739346,0.04057353734970093,0.0018341913497009268,up,0.0,15.0
2026-Q3,数据建模工程师,计算机硬件与数字电路,4.261866e-05,4.557846114039421e-05,2.9598011403942078e-06,up,0.0,2.0
2026-Q3,数据建模工程师,计算机网络与通信技术,0.00012429943,0.00013934331946074963,1.5043889460749613e-05,up,0.0,7.0
2026-Q3,数据建模工程师,说服与分歧谈判,-4.8737158e-05,-2.480729017406702e-05,2.3929867825932983e-05,up,0.0,3.0
2026-Q3,数据建模工程师,软件架构与系统设计,0.059828855,0.062101513147354126,0.0022726581473541257,up,0.1,12.0
2026-Q3,数据建模工程师,需求洞察与服务意识,0.04694414,0.047420669347047806,0.00047652934704780353,up,0.0,15.0
2026-Q3,数据开发工程师,AI任务拆解与规划,0.0017961387,0.0018422084394842386,4.606973948423853e-05,up,0.0029,13.0
2026-Q3,数据开发工程师,AI安全与风险防控,0.00018054784,0.00017782466602511704,-2.7231739748829694e-06,down,0.0,10.0
2026-Q3,数据开发工程师,AI幻觉识别与校验,0.0002533555,0.0002686239895410836,1.526848954108359e-05,up,0.001,8.0
2026-Q3,数据开发工程师,AI智能体构建与编排,0.0009389636,0.0011161841684952378,0.00017722056849523782,up,0.0019,9.0
2026-Q3,数据开发工程师,AI输出质量评估,0.00064918137,0.000667545769829303,1.836439982930301e-05,up,0.001,11.0
2026-Q3,数据开发工程师,RAG与向量数据库,0.005348783,0.005459005944430828,0.00011022294443082791,up,0.0087,8.0
2026-Q3,数据开发工程师,严谨细致与诚信自律,0.02541558,0.025483304634690285,6.772463469028461e-05,up,0.0262,17.0
2026-Q3,数据开发工程师,书面技术文档撰写,0.029188516,0.029064154252409935,-0.00012436174759006616,down,0.0321,17.0
2026-Q3,数据开发工程师,云原生与分布式系统,0.037320532,0.03673604875802994,-0.0005844832419700588,down,0.035,17.0
2026-Q3,数据开发工程师,人机交互与用户体验,0.004247484,0.004283486399799585,3.600239979958519e-05,up,0.0049,17.0
2026-Q3,数据开发工程师,人机语义对齐与协同,8.8701927e-07,3.3333490137010813e-06,2.4463297437010813e-06,up,0.0,3.0
2026-Q3,数据开发工程师,仿真数据合成,0.0023365938,0.0023080564569681883,-2.8537343031811643e-05,down,0.0029,7.0
2026-Q3,数据开发工程师,信息管理与数字素养,0.0029000328,0.0029308467637747526,3.0813963774752474e-05,up,0.0029,17.0
2026-Q3,数据开发工程师,创造力与创新思维,0.008673265,0.008647497743368149,-2.5767256631850644e-05,down,0.0078,17.0
2026-Q3,数据开发工程师,口头技术沟通与汇报,0.048636857,0.04897761344909668,0.00034075644909668107,up,0.0496,17.0
2026-Q3,数据开发工程师,团队协作与协调,0.06896801,0.06929563730955124,0.00032762730955124275,up,0.0709,17.0
2026-Q3,数据开发工程师,图形与交互技术,2.4887675e-05,2.626109926495701e-05,1.3734242649570102e-06,up,0.0,6.0
2026-Q3,数据开发工程师,多方权衡与方案决策,0.008482549,0.00867766235023737,0.00019511335023736885,up,0.0078,17.0
2026-Q3,数据开发工程师,大数据与分布式计算,0.07916794,0.07935743778944016,0.00018949778944014894,up,0.0758,17.0
2026-Q3,数据开发工程师,大模型开发与微调,0.00069735583,0.000732442073058337,3.508624305833695e-05,up,0.001,9.0
2026-Q3,数据开发工程师,大模型选型与评测,0.0015373994,0.0015892188530415297,5.181945304152968e-05,up,0.0039,9.0
2026-Q3,数据开发工程师,嵌入式系统与固件开发,0.002696781,0.0025693268980830908,-0.0001274541019169093,down,0.0078,17.0
2026-Q3,数据开发工程师,异构模态组合与泛化能力,0.00035767717,0.0004643730353564024,0.00010669586535640239,up,0.0019,3.0
2026-Q3,数据开发工程师,归纳与演绎推理,0.0019027526,0.001940860995091498,3.810839509149795e-05,up,0.0019,15.0
2026-Q3,数据开发工程师,批判性逻辑思考,0.03552149,0.03548356145620346,-3.792854379654209e-05,down,0.034,17.0
2026-Q3,数据开发工程师,提示设计与提示工程,0.0029567133,0.0029571596533060074,4.463533060075804e-07,up,0.0029,6.0
2026-Q3,数据开发工程师,操作系统与系统管理,0.013797106,0.013959988951683044,0.00016288295168304448,up,0.0155,17.0
2026-Q3,数据开发工程师,数据分析与可视化,0.07798961,0.07794005423784256,-4.955576215744106e-05,down,0.0787,17.0
2026-Q3,数据开发工程师,数据管理与数据库,0.09156185,0.0915522649884224,-9.585011577606384e-06,down,0.0914,17.0
2026-Q3,数据开发工程师,时间与资源统筹管理,0.008467337,0.008538937196135521,7.160019613552081e-05,up,0.0068,17.0
2026-Q3,数据开发工程师,机器学习与深度学习,0.020482302,0.020469442009925842,-1.2859990074158556e-05,down,0.0194,17.0
2026-Q3,数据开发工程师,环境适应与压力耐受,0.018131083,0.01819591037929058,6.482737929058152e-05,up,0.0253,17.0
2026-Q3,数据开发工程师,生成式AI原理与应用,0.0058178124,0.005929860286414623,0.00011204788641462366,up,0.0068,12.0
2026-Q3,数据开发工程师,生成式AI应用开发,0.017246904,0.016961555927991867,-0.00028534807200813334,down,0.0175,13.0
2026-Q3,数据开发工程师,目标导向与攻坚韧性,0.02111288,0.021272679790854454,0.0001597997908544535,up,0.0243,17.0
2026-Q3,数据开发工程师,程序设计与软件工程,0.07928485,0.07924813777208328,-3.671222791672146e-05,down,0.0777,17.0
2026-Q3,数据开发工程师,算法与数据结构,0.009775706,0.009812157601118088,3.645160111808744e-05,up,0.0087,17.0
2026-Q3,数据开发工程师,系统测试与质量评估,0.012665578,0.012737894430756569,7.231643075656866e-05,up,0.0107,17.0
2026-Q3,数据开发工程师,系统部署交付与运维,0.039869107,0.03986223414540291,-6.872854597092526e-06,down,0.0408,17.0
2026-Q3,数据开发工程师,终身学习与知识更新,0.038988926,0.038924440741539,-6.448525846099867e-05,down,0.0369,17.0
2026-Q3,数据开发工程师,网络安全与数据隐私,0.018603172,0.01851075515151024,-9.24168484897625e-05,down,0.0185,17.0
2026-Q3,数据开发工程师,自我监测与工作复盘,0.0032019122,0.003177524544298649,-2.4387655701351135e-05,down,0.0029,17.0
2026-Q3,数据开发工程师,自然语言处理技术,0.0043088202,0.004253442864865065,-5.537733513493511e-05,down,0.0039,16.0
2026-Q3,数据开发工程师,计算数学与数据建模,0.032589663,0.032642021775245667,5.235877524566862e-05,up,0.034,17.0
2026-Q3,数据开发工程师,计算机硬件与数字电路,0.0022474302,0.0022611813619732857,1.3751161973285693e-05,up,0.0029,14.0
2026-Q3,数据开发工程师,计算机网络与通信技术,0.009161305,0.009159920737147331,-1.384262852668558e-06,down,0.0126,17.0
2026-Q3,数据开发工程师,计算机视觉与多模态,0.003546609,0.0035711938980966806,2.4584898096680595e-05,up,0.0039,15.0
2026-Q3,数据开发工程师,说服与分歧谈判,0.00154902,0.0015351142501458526,-1.3905749854147345e-05,down,0.0019,13.0
2026-Q3,数据开发工程师,负责任AI与可解释性,-4.4365297e-06,-2.301036147400737e-06,2.1354935525992636e-06,up,0.0,4.0
2026-Q3,数据开发工程师,软件架构与系统设计,0.03631525,0.036609724164009094,0.00029447416400909393,up,0.034,17.0
2026-Q3,数据开发工程师,需求洞察与服务意识,0.039009206,0.03877648711204529,-0.00023271888795470957,down,0.0398,17.0
2026-Q3,数据治理工程师,AI任务拆解与规划,0.0008391771,0.0009213722078129649,8.21951078129649e-05,up,0.0,10.0
2026-Q3,数据治理工程师,AI安全与风险防控,0.0010834404,0.0011322014033794403,4.8761003379440204e-05,up,0.0018,9.0
2026-Q3,数据治理工程师,AI幻觉识别与校验,-5.136215e-06,2.011045580729842e-06,7.1472605807298424e-06,up,0.0,3.0
2026-Q3,数据治理工程师,AI智能体构建与编排,0.005158759,0.005102365277707577,-5.639372229242299e-05,down,0.0036,2.0
2026-Q3,数据治理工程师,AI输出质量评估,0.0011503065,0.0011182100279256701,-3.2096472074329835e-05,down,0.0018,7.0
2026-Q3,数据治理工程师,RAG与向量数据库,0.0068864906,0.007162527646869421,0.00027603704686942135,up,0.0073,3.0
2026-Q3,数据治理工程师,严谨细致与诚信自律,0.035165526,0.03470494970679283,-0.0004605762932071711,down,0.0346,17.0
2026-Q3,数据治理工程师,书面技术文档撰写,0.05531425,0.05488399416208267,-0.0004302558379173302,down,0.051,17.0
2026-Q3,数据治理工程师,云原生与分布式系统,0.009919171,0.00971928983926773,-0.00019988116073226848,down,0.0109,16.0
2026-Q3,数据治理工程师,人机交互与用户体验,4.6250876e-05,1.2631760910153389e-05,-3.361911508984661e-05,down,0.0,11.0
2026-Q3,数据治理工程师,人机语义对齐与协同,2.2797249e-06,4.313202225603163e-06,2.033477325603163e-06,up,0.0,1.0
2026-Q3,数据治理工程师,仿真数据合成,1.0924399e-05,1.661913120187819e-05,5.6947322018781895e-06,up,0.0,1.0
2026-Q3,数据治理工程师,信息管理与数字素养,0.0101232985,0.010679476894438267,0.000556178394438266,up,0.0091,16.0
2026-Q3,数据治理工程师,创造力与创新思维,0.011386996,0.01129999477416277,-8.70012258372306e-05,down,0.0109,17.0
2026-Q3,数据治理工程师,口头技术沟通与汇报,0.071722284,0.07286616414785385,0.001143880147853854,up,0.0638,17.0
2026-Q3,数据治理工程师,团队协作与协调,0.08644299,0.08635874837636948,-8.424162363052101e-05,down,0.0838,17.0
2026-Q3,数据治理工程师,图形与交互技术,5.319598e-06,1.7645710613578558e-05,1.2326112613578558e-05,up,0.0,4.0
2026-Q3,数据治理工程师,多方权衡与方案决策,0.026578363,0.026687394827604294,0.00010903182760429314,up,0.0255,17.0
2026-Q3,数据治理工程师,大数据与分布式计算,0.04068423,0.04044299200177193,-0.0002412379982280749,down,0.0401,17.0
2026-Q3,数据治理工程师,大模型开发与微调,0.00089260266,0.0007307606283575296,-0.00016184203164247037,down,0.0055,5.0
2026-Q3,数据治理工程师,大模型选型与评测,0.0002517037,0.00029209154308773577,4.0387843087735765e-05,up,0.0055,5.0
2026-Q3,数据治理工程师,嵌入式系统与固件开发,0.00069110136,0.0006153958383947611,-7.570552160523895e-05,down,0.0018,4.0
2026-Q3,数据治理工程师,归纳与演绎推理,0.008871576,0.008919931948184967,4.835594818496623e-05,up,0.0109,15.0
2026-Q3,数据治理工程师,批判性逻辑思考,0.051863562,0.05192399397492409,6.0431974924085585e-05,up,0.0528,17.0
2026-Q3,数据治理工程师,提示设计与提示工程,0.0008197002,0.0007379114395007491,-8.178876049925088e-05,down,0.0018,5.0
2026-Q3,数据治理工程师,操作系统与系统管理,0.004146901,0.004047238267958164,-9.96627320418355e-05,down,0.0036,16.0
2026-Q3,数据治理工程师,数据分析与可视化,0.07561181,0.07552722096443176,-8.458903556823882e-05,down,0.0729,17.0
2026-Q3,数据治理工程师,数据管理与数据库,0.09065901,0.09097322821617126,0.00031421821617126644,up,0.0893,17.0
2026-Q3,数据治理工程师,时间与资源统筹管理,0.032473046,0.03236222267150879,-0.0001108233284912094,down,0.031,17.0
2026-Q3,数据治理工程师,机器学习与深度学习,0.00891489,0.009079597890377045,0.0001647078903770447,up,0.0091,17.0
2026-Q3,数据治理工程师,环境适应与压力耐受,0.022659164,0.022424176335334778,-0.00023498766466522117,down,0.0182,17.0
2026-Q3,数据治理工程师,生成式AI原理与应用,0.0009886149,0.000976912910118699,-1.1701989881300872e-05,down,0.0018,8.0
2026-Q3,数据治理工程师,生成式AI应用开发,0.00052961224,0.0005498688551597297,2.025661515972976e-05,up,0.0073,5.0
2026-Q3,数据治理工程师,目标导向与攻坚韧性,0.04025943,0.03965042531490326,-0.0006090046850967396,down,0.0437,17.0
2026-Q3,数据治理工程师,程序设计与软件工程,0.034328073,0.03487692028284073,0.0005488472828407281,up,0.0419,17.0
2026-Q3,数据治理工程师,算法与数据结构,0.00039121043,0.00040782708674669266,1.6616656746692678e-05,up,0.0,13.0
2026-Q3,数据治理工程师,系统测试与质量评估,0.0029316866,0.0029201670549809933,-1.1519545019006688e-05,down,0.0036,16.0
2026-Q3,数据治理工程师,系统部署交付与运维,0.014589669,0.015175636857748032,0.0005859678577480321,up,0.0219,16.0
2026-Q3,数据治理工程师,终身学习与知识更新,0.040183358,0.040581636130809784,0.0003982781308097816,up,0.0437,17.0
2026-Q3,数据治理工程师,网络安全与数据隐私,0.0454847,0.04516198858618736,-0.00032271141381264024,down,0.051,17.0
2026-Q3,数据治理工程师,自我监测与工作复盘,0.015027249,0.015104668214917183,7.741921491718345e-05,up,0.0164,17.0
2026-Q3,数据治理工程师,自然语言处理技术,0.0010952689,0.001087007112801075,-8.261787198925044e-06,down,0.0036,6.0
2026-Q3,数据治理工程师,计算数学与数据建模,0.021377312,0.02143067494034767,5.33629403476725e-05,up,0.0237,16.0
2026-Q3,数据治理工程师,计算机硬件与数字电路,-4.1679305e-06,-2.298344043083489e-06,1.8695864569165107e-06,up,0.0,3.0
2026-Q3,数据治理工程师,计算机网络与通信技术,0.0041588973,0.003965423442423344,-0.00019347385757665595,down,0.0073,14.0
2026-Q3,数据治理工程师,计算机视觉与多模态,1.7290877e-06,1.3504119124263525e-05,1.1775031424263526e-05,up,0.0,3.0
2026-Q3,数据治理工程师,说服与分歧谈判,0.009104115,0.008760171011090279,-0.0003439439889097208,down,0.0109,17.0
2026-Q3,数据治理工程师,负责任AI与可解释性,6.149057e-05,6.161752389743924e-05,1.2695389743924647e-07,up,0.0,6.0
2026-Q3,数据治理工程师,软件架构与系统设计,0.022715377,0.02289625070989132,0.00018087370989132087,up,0.0237,16.0
2026-Q3,数据治理工程师,需求洞察与服务意识,0.055068295,0.05474993214011192,-0.00031836285988808,down,0.0528,17.0
2026-Q3,数据通信工程师,AI任务拆解与规划,5.0663948e-05,8.183519821614027e-05,3.117125021614027e-05,up,0.0,6.0
2026-Q3,数据通信工程师,严谨细致与诚信自律,0.053203896,0.052813220769166946,-0.0003906752308330541,down,0.0488,17.0
2026-Q3,数据通信工程师,书面技术文档撰写,0.06074331,0.06107607111334801,0.00033276111334800546,up,0.0488,17.0
2026-Q3,数据通信工程师,云原生与分布式系统,0.024686009,0.024805020540952682,0.00011901154095268415,up,0.0488,16.0
2026-Q3,数据通信工程师,人机交互与用户体验,0.0027431624,0.003111508907750249,0.00036834650775024883,up,0.0,12.0
2026-Q3,数据通信工程师,仿真数据合成,6.307964e-05,9.59621393121779e-05,3.2882499312177895e-05,up,0.0,1.0
2026-Q3,数据通信工程师,信息管理与数字素养,0.021067161,0.022266898304224014,0.0011997373042240134,up,0.0244,15.0
2026-Q3,数据通信工程师,创造力与创新思维,3.6334153e-05,9.287800639867783e-05,5.6543853398677826e-05,up,0.0,10.0
2026-Q3,数据通信工程师,口头技术沟通与汇报,0.087163635,0.0899219736456871,0.0027583386456871,up,0.0732,17.0
2026-Q3,数据通信工程师,团队协作与协调,0.07285337,0.07410582900047302,0.0012524590004730218,up,0.0732,17.0
2026-Q3,数据通信工程师,图形与交互技术,0.0001254247,0.0001422693021595478,1.68446021595478e-05,up,0.0,8.0
2026-Q3,数据通信工程师,多方权衡与方案决策,0.017852768,0.018312422558665276,0.0004596545586652741,up,0.0244,15.0
2026-Q3,数据通信工程师,大数据与分布式计算,0.00034406967,0.0003693588078022003,2.5289137802200323e-05,up,0.0,11.0
2026-Q3,数据通信工程师,嵌入式系统与固件开发,0.007551752,0.008406464010477066,0.0008547120104770659,up,0.0,13.0
2026-Q3,数据通信工程师,归纳与演绎推理,0.00081442064,0.0008482688572257757,3.384821722577573e-05,up,0.0,9.0
2026-Q3,数据通信工程师,批判性逻辑思考,0.0461355,0.04555347561836243,-0.0005820243816375761,down,0.0488,17.0
2026-Q3,数据通信工程师,操作系统与系统管理,0.02094636,0.020990842953324318,4.448295332431726e-05,up,0.0244,15.0
2026-Q3,数据通信工程师,数据分析与可视化,0.015216747,0.015496627427637577,0.00027988042763757784,up,0.0244,14.0
2026-Q3,数据通信工程师,数据管理与数据库,0.0054607512,0.005351527594029903,-0.00010922360597009646,down,0.0,12.0
2026-Q3,数据通信工程师,时间与资源统筹管理,0.044621512,0.044534824788570404,-8.668721142959801e-05,down,0.0488,15.0
2026-Q3,数据通信工程师,机器学习与深度学习,0.00015591574,0.0002791981678456068,0.0001232824278456068,up,0.0,5.0
2026-Q3,数据通信工程师,环境适应与压力耐受,0.02305455,0.023440152406692505,0.00038560240669250484,up,0.0244,17.0
2026-Q3,数据通信工程师,生成式AI原理与应用,-3.9857405e-06,1.3741868315264583e-05,1.772760881526458e-05,up,0.0,1.0
2026-Q3,数据通信工程师,目标导向与攻坚韧性,0.02448905,0.025125062093138695,0.0006360120931386964,up,0.0488,15.0
2026-Q3,数据通信工程师,程序设计与软件工程,0.023435092,0.023609329015016556,0.00017423701501655467,up,0.0244,17.0
2026-Q3,数据通信工程师,算法与数据结构,0.0024867062,0.0025779125280678272,9.120632806782717e-05,up,0.0,10.0
2026-Q3,数据通信工程师,系统测试与质量评估,0.016251173,0.016433292999863625,0.00018211999986362387,up,0.0244,14.0
2026-Q3,数据通信工程师,系统部署交付与运维,0.03962622,0.03966908156871796,4.286156871795982e-05,up,0.0488,16.0
2026-Q3,数据通信工程师,终身学习与知识更新,0.051772673,0.05333927273750305,0.0015665997375030535,up,0.0488,17.0
2026-Q3,数据通信工程师,网络安全与数据隐私,0.058358982,0.05671946704387665,-0.0016395149561233488,down,0.0732,17.0
2026-Q3,数据通信工程师,自我监测与工作复盘,0.012365522,0.011223447509109974,-0.0011420744908900264,down,0.0488,13.0
2026-Q3,数据通信工程师,计算数学与数据建模,7.4836775e-05,8.418248035013676e-05,9.34570535013675e-06,up,0.0,6.0
2026-Q3,数据通信工程师,计算机硬件与数字电路,0.0019926894,0.0021304842084646225,0.00013779480846462262,up,0.0,10.0
2026-Q3,数据通信工程师,计算机网络与通信技术,0.13316463,0.1349899023771286,0.001825272377128595,up,0.0976,17.0
2026-Q3,数据通信工程师,说服与分歧谈判,0.00021417369,0.00027724565006792545,6.307196006792546e-05,up,0.0,9.0
2026-Q3,数据通信工程师,软件架构与系统设计,0.011353557,0.012995576485991478,0.0016420194859914777,up,0.0,15.0
2026-Q3,数据通信工程师,需求洞察与服务意识,0.077277526,0.07529616355895996,-0.0019813624410400382,down,0.0732,17.0
2026-Q3,数据采集工程师,AI任务拆解与规划,0.00029563624,0.00040132785215973854,0.00010569161215973852,up,0.0,6.0
2026-Q3,数据采集工程师,AI安全与风险防控,-1.9928702e-06,3.8858415791764855e-06,5.878711779176486e-06,up,0.0,1.0
2026-Q3,数据采集工程师,AI幻觉识别与校验,4.2361673e-05,4.175014328211546e-05,-6.11529717884538e-07,down,0.0,4.0
2026-Q3,数据采集工程师,AI智能体构建与编排,0.0010967791,0.0016432724660262465,0.0005464933660262465,up,0.0078,3.0
2026-Q3,数据采集工程师,AI输出质量评估,0.0035668171,0.0037747512105852365,0.0002079341105852366,up,0.0078,8.0
2026-Q3,数据采集工程师,RAG与向量数据库,0.009055858,0.009273617528378963,0.0002177595283789635,up,0.0078,2.0
2026-Q3,数据采集工程师,严谨细致与诚信自律,0.04654446,0.04600100591778755,-0.0005434540822124509,down,0.0388,17.0
2026-Q3,数据采集工程师,书面技术文档撰写,0.03648875,0.0355912446975708,-0.0008975053024291996,down,0.0388,16.0
2026-Q3,数据采集工程师,云原生与分布式系统,0.020901116,0.02119438163936138,0.0002932656393613807,up,0.0233,16.0
2026-Q3,数据采集工程师,人机交互与用户体验,0.0010919133,0.0011157584376633167,2.3845137663316713e-05,up,0.0,10.0
2026-Q3,数据采集工程师,仿真数据合成,-4.6427012e-05,-4.361651372164488e-05,2.8104982783551223e-06,up,0.0,4.0
2026-Q3,数据采集工程师,信息管理与数字素养,0.024851501,0.02523578144609928,0.0003842804460992798,up,0.031,17.0
2026-Q3,数据采集工程师,创造力与创新思维,0.0017842038,0.0017502722330391407,-3.39315669608594e-05,down,0.0,10.0
2026-Q3,数据采集工程师,口头技术沟通与汇报,0.06006252,0.0604681596159935,0.00040563961599349857,up,0.062,17.0
2026-Q3,数据采集工程师,团队协作与协调,0.06776057,0.06803765147924423,0.0002770814792442261,up,0.0698,17.0
2026-Q3,数据采集工程师,图形与交互技术,0.004137746,0.00422896770760417,9.122170760416954e-05,up,0.0078,10.0
2026-Q3,数据采集工程师,多方权衡与方案决策,0.0051017655,0.005613814108073711,0.0005120486080737114,up,0.0,12.0
2026-Q3,数据采集工程师,大数据与分布式计算,0.0313648,0.031229086220264435,-0.00013571377973556342,down,0.031,16.0
2026-Q3,数据采集工程师,大模型开发与微调,0.00016150787,0.00022697029635310173,6.546242635310174e-05,up,0.0,7.0
2026-Q3,数据采集工程师,大模型选型与评测,3.3223012e-05,3.862872836180031e-05,5.40571636180031e-06,up,0.0,2.0
2026-Q3,数据采集工程师,嵌入式系统与固件开发,0.05735396,0.05609748512506485,-0.0012564748749351526,down,0.0853,16.0
2026-Q3,数据采集工程师,异构模态组合与泛化能力,2.9098766e-05,3.497482975944877e-05,5.876063759448766e-06,up,0.0,1.0
2026-Q3,数据采集工程师,归纳与演绎推理,0.00063742604,0.0007261858554556966,8.875981545569656e-05,up,0.0,5.0
2026-Q3,数据采集工程师,批判性逻辑思考,0.03436773,0.034741345793008804,0.0003736157930088052,up,0.031,17.0
2026-Q3,数据采集工程师,提示设计与提示工程,0.006308708,0.005760890897363424,-0.0005478171026365754,down,0.0078,4.0
2026-Q3,数据采集工程师,操作系统与系统管理,0.010234887,0.010810242965817451,0.0005753559658174517,up,0.0,16.0
2026-Q3,数据采集工程师,数据分析与可视化,0.06648341,0.0679282620549202,0.0014448520549201899,up,0.0543,17.0
2026-Q3,数据采集工程师,数据管理与数据库,0.09760951,0.0972871482372284,-0.000322361762771603,down,0.1008,17.0
2026-Q3,数据采集工程师,时间与资源统筹管理,0.016047183,0.015813734382390976,-0.00023344861760902363,down,0.0155,17.0
2026-Q3,数据采集工程师,机器学习与深度学习,0.0056533115,0.005067439749836922,-0.0005858717501630783,down,0.0,14.0
2026-Q3,数据采集工程师,环境适应与压力耐受,0.034595225,0.03445759415626526,-0.0001376308437347415,down,0.0543,15.0
2026-Q3,数据采集工程师,生成式AI原理与应用,0.00019164954,0.00022729230113327503,3.564276113327504e-05,up,0.0,5.0
2026-Q3,数据采集工程师,生成式AI应用开发,0.00018759514,4.771759267896414e-05,-0.00013987754732103585,down,0.0,2.0
2026-Q3,数据采集工程师,目标导向与攻坚韧性,0.018487498,0.018708299845457077,0.0002208018454570755,up,0.0233,15.0
2026-Q3,数据采集工程师,程序设计与软件工程,0.07758438,0.078397735953331,0.0008133559533309992,up,0.0853,17.0
2026-Q3,数据采集工程师,算法与数据结构,0.0054838182,0.006432536989450455,0.000948718789450455,up,0.0,13.0
2026-Q3,数据采集工程师,系统测试与质量评估,0.011810756,0.011138726957142353,-0.0006720290428576473,down,0.0078,14.0
2026-Q3,数据采集工程师,系统部署交付与运维,0.030467499,0.03107866831123829,0.0006111693112382903,up,0.0465,16.0
2026-Q3,数据采集工程师,终身学习与知识更新,0.028058358,0.02884490042924881,0.0007865424292488113,up,0.0233,17.0
2026-Q3,数据采集工程师,网络安全与数据隐私,0.013339164,0.01342429593205452,8.513193205451908e-05,up,0.0155,15.0
2026-Q3,数据采集工程师,自我监测与工作复盘,0.00087279384,0.0010034553706645966,0.0001306615306645966,up,0.0078,8.0
2026-Q3,数据采集工程师,自然语言处理技术,0.0055933334,0.004909961484372616,-0.0006833719156273841,down,0.0,14.0
2026-Q3,数据采集工程师,计算数学与数据建模,0.008954191,0.008623351342976093,-0.00033083965702390694,down,0.0078,15.0
2026-Q3,数据采集工程师,计算机硬件与数字电路,0.0074251774,0.0071268705651164055,-0.00029830683488359447,down,0.0078,14.0
2026-Q3,数据采集工程师,计算机网络与通信技术,0.056504384,0.056434329599142075,-7.00544008579232e-05,down,0.062,16.0
2026-Q3,数据采集工程师,计算机视觉与多模态,0.008682679,0.008517119102180004,-0.00016555989781999632,down,0.0,13.0
2026-Q3,数据采集工程师,说服与分歧谈判,0.0004886809,0.00047683611046522856,-1.1844789534771441e-05,down,0.0,7.0
2026-Q3,数据采集工程师,软件架构与系统设计,0.012607541,0.01316428929567337,0.0005567482956733705,up,0.0155,15.0
2026-Q3,数据采集工程师,需求洞察与服务意识,0.022729382,0.023223936557769775,0.000494554557769776,up,0.0233,17.0
2026-Q3,智能驾驶工程师,AI任务拆解与规划,0.0020275277,0.002114997711032629,8.747001103262889e-05,up,0.0038,11.0
2026-Q3,智能驾驶工程师,AI安全与风险防控,0.0027764353,0.002932413714006543,0.00015597841400654322,up,0.0,11.0
2026-Q3,智能驾驶工程师,AI幻觉检测与缓解能力,2.1530723e-06,4.60058799944818e-06,2.44751569944818e-06,up,0.0,1.0
2026-Q3,智能驾驶工程师,AI幻觉识别与校验,-8.376024e-06,-6.308197043836117e-06,2.067826956163883e-06,up,0.0,3.0
2026-Q3,智能驾驶工程师,AI智能体构建与编排,0.00016347773,0.0003262957907281816,0.0001628180607281816,up,0.0038,7.0
2026-Q3,智能驾驶工程师,AI输出质量评估,8.350355e-06,2.2023683413863182e-05,1.3673328413863181e-05,up,0.0,4.0
2026-Q3,智能驾驶工程师,RAG与向量数据库,-4.569083e-06,8.501665433868766e-07,5.419249543386877e-06,up,0.0,1.0
2026-Q3,智能驾驶工程师,严谨细致与诚信自律,0.015256628,0.015350192785263062,9.356478526306201e-05,up,0.0152,16.0
2026-Q3,智能驾驶工程师,书面技术文档撰写,0.04540737,0.045407697558403015,3.2755840301268435e-07,up,0.0455,16.0
2026-Q3,智能驾驶工程师,云原生与分布式系统,0.0046777925,0.0044469754211604595,-0.00023081707883954028,down,0.0,15.0
2026-Q3,智能驾驶工程师,人机交互与用户体验,0.0069724214,0.006718220189213753,-0.00025420121078624687,down,0.0114,15.0
2026-Q3,智能驾驶工程师,仿真数据合成,0.005164643,0.00482184998691082,-0.00034279301308918,down,0.0076,9.0
2026-Q3,智能驾驶工程师,信息管理与数字素养,0.011684785,0.01188482902944088,0.0002000440294408802,up,0.0114,16.0
2026-Q3,智能驾驶工程师,创造力与创新思维,0.020277482,0.01989712379872799,-0.00038035820127201025,down,0.0265,16.0
2026-Q3,智能驾驶工程师,口头技术沟通与汇报,0.051390953,0.05134831368923187,-4.2639310768130545e-05,down,0.053,17.0
2026-Q3,智能驾驶工程师,团队协作与协调,0.06944132,0.06985106319189072,0.00040974319189071573,up,0.0795,17.0
2026-Q3,智能驾驶工程师,图形与交互技术,0.0035994167,0.0035781366750597954,-2.1280024940204673e-05,down,0.0038,12.0
2026-Q3,智能驾驶工程师,多方权衡与方案决策,0.020230994,0.020346401259303093,0.00011540725930309428,up,0.0227,16.0
2026-Q3,智能驾驶工程师,大数据与分布式计算,0.0042908983,0.004309004172682762,1.8105872682762023e-05,up,0.0038,16.0
2026-Q3,智能驾驶工程师,大模型开发与微调,0.0019273781,0.0020969966426491737,0.0001696185426491737,up,0.0038,10.0
2026-Q3,智能驾驶工程师,大模型选型与评测,5.7133147e-05,0.0001384938950650394,8.13607480650394e-05,up,0.0,4.0
2026-Q3,智能驾驶工程师,嵌入式系统与固件开发,0.05089368,0.05041022598743439,-0.0004834540125656095,down,0.0492,17.0
2026-Q3,智能驾驶工程师,异构模态组合与泛化能力,-4.2067608e-05,-2.2932712454348803e-05,1.9134895545651196e-05,up,0.0,3.0
2026-Q3,智能驾驶工程师,归纳与演绎推理,0.0029935152,0.0029946325812488794,1.1173812488793865e-06,up,0.0038,13.0
2026-Q3,智能驾驶工程师,批判性逻辑思考,0.04201928,0.04225456714630127,0.0002352871463012704,up,0.0455,16.0
2026-Q3,智能驾驶工程师,操作系统与系统管理,0.0135019375,0.013169867917895317,-0.00033206958210468297,down,0.0114,16.0
2026-Q3,智能驾驶工程师,数据分析与可视化,0.022575434,0.022749725729227066,0.00017429172922706765,up,0.0227,17.0
2026-Q3,智能驾驶工程师,数据管理与数据库,0.0007512546,0.0009744474664330482,0.00022319286643304823,up,0.0,15.0
2026-Q3,智能驾驶工程师,时间与资源统筹管理,0.018062739,0.018145190551877022,8.245155187702052e-05,up,0.0189,16.0
2026-Q3,智能驾驶工程师,机器学习与深度学习,0.051571045,0.051431164145469666,-0.00013988085453033733,down,0.053,16.0
2026-Q3,智能驾驶工程师,环境适应与压力耐受,0.013390413,0.013249913230538368,-0.0001404997694616321,down,0.0189,16.0
2026-Q3,智能驾驶工程师,生成式AI原理与应用,0.0054838555,0.005337076261639595,-0.00014677923836040486,down,0.0076,7.0
2026-Q3,智能驾驶工程师,生成式AI应用开发,1.10908295e-05,7.091148290783167e-06,-3.999681209216833e-06,down,0.0,3.0
2026-Q3,智能驾驶工程师,目标导向与攻坚韧性,0.022001352,0.02154543064534664,-0.0004559213546533568,down,0.0114,16.0
2026-Q3,智能驾驶工程师,程序设计与软件工程,0.07735154,0.07744429260492325,9.275260492325188e-05,up,0.0758,16.0
2026-Q3,智能驾驶工程师,算法与数据结构,0.052121423,0.052777498960494995,0.0006560759604949951,up,0.0455,17.0
2026-Q3,智能驾驶工程师,系统测试与质量评估,0.060955327,0.06085978075861931,-9.554624138068818e-05,down,0.0606,17.0
2026-Q3,智能驾驶工程师,系统部署交付与运维,0.010186356,0.010049354285001755,-0.00013700171499824582,down,0.0152,16.0
2026-Q3,智能驾驶工程师,终身学习与知识更新,0.03655726,0.03702531009912491,0.0004680500991249073,up,0.0455,17.0
2026-Q3,智能驾驶工程师,网络安全与数据隐私,0.007061736,0.007315077353268862,0.0002533413532688619,up,0.0076,16.0
2026-Q3,智能驾驶工程师,自我监测与工作复盘,0.00763549,0.007421591319143772,-0.00021389868085622786,down,0.0076,15.0
2026-Q3,智能驾驶工程师,自然语言处理技术,0.0013102359,0.0012610973790287971,-4.913852097120281e-05,down,0.0038,9.0
2026-Q3,智能驾驶工程师,计算数学与数据建模,0.022596832,0.023015061393380165,0.0004182293933801644,up,0.0152,17.0
2026-Q3,智能驾驶工程师,计算机硬件与数字电路,0.015526397,0.015681803226470947,0.00015540622647094646,up,0.0152,16.0
2026-Q3,智能驾驶工程师,计算机网络与通信技术,0.023928698,0.023518724367022514,-0.0004099736329774874,down,0.0227,16.0
2026-Q3,智能驾驶工程师,计算机视觉与多模态,0.052618943,0.05254298448562622,-7.595851437378065e-05,down,0.0568,17.0
2026-Q3,智能驾驶工程师,说服与分歧谈判,0.0028528515,0.002746600890532136,-0.0001062506094678642,down,0.0038,16.0
2026-Q3,智能驾驶工程师,负责任AI与可解释性,0.0031054863,0.003104555420577526,-9.308794224737599e-07,down,0.0,15.0
2026-Q3,智能驾驶工程师,软件架构与系统设计,0.056111917,0.05659781023859978,0.00048589323859977995,up,0.0644,17.0
2026-Q3,智能驾驶工程师,需求洞察与服务意识,0.021858899,0.022086000069975853,0.0002271010699758519,up,0.0265,17.0
2026-Q3,智能驾驶测试工程师,AI任务拆解与规划,-7.846451e-06,-1.4656106941401958e-06,6.380840305859804e-06,up,0.0,4.0
2026-Q3,智能驾驶测试工程师,AI安全与风险防控,0.0007074663,0.0007319634314626455,2.4497131462645517e-05,up,0.0,8.0
2026-Q3,智能驾驶测试工程师,AI智能体构建与编排,3.1049713e-06,5.090696504339576e-06,1.9857252043395758e-06,up,0.0,3.0
2026-Q3,智能驾驶测试工程师,AI输出质量评估,0.000747748,0.0008817221969366074,0.00013397419693660735,up,0.0,9.0
2026-Q3,智能驾驶测试工程师,严谨细致与诚信自律,0.036446035,0.03650715947151184,6.11244715118392e-05,up,0.0405,17.0
2026-Q3,智能驾驶测试工程师,书面技术文档撰写,0.05577407,0.0563342347741127,0.0005601647741126994,up,0.0541,17.0
2026-Q3,智能驾驶测试工程师,云原生与分布式系统,0.0012165584,0.001116434927098453,-0.00010012347290154705,down,0.0,11.0
2026-Q3,智能驾驶测试工程师,人机交互与用户体验,0.004680208,0.005076594650745392,0.0003963866507453919,up,0.0,11.0
2026-Q3,智能驾驶测试工程师,仿真数据合成,0.0002302907,0.00016462826170027256,-6.566243829972743e-05,down,0.0,9.0
2026-Q3,智能驾驶测试工程师,信息管理与数字素养,0.02090947,0.02108117938041687,0.00017170938041687067,up,0.027,17.0
2026-Q3,智能驾驶测试工程师,创造力与创新思维,0.0013638805,0.0015025786124169827,0.00013869811241698266,up,0.0,13.0
2026-Q3,智能驾驶测试工程师,口头技术沟通与汇报,0.04171101,0.05359899252653122,0.01188798252653122,up,0.027,17.0
2026-Q3,智能驾驶测试工程师,团队协作与协调,0.08178006,0.08420795947313309,0.0024278994731330855,up,0.1216,17.0
2026-Q3,智能驾驶测试工程师,图形与交互技术,0.0026615825,0.0026886197738349438,2.703727383494359e-05,up,0.0,10.0
2026-Q3,智能驾驶测试工程师,多方权衡与方案决策,0.014569914,0.015055172145366669,0.0004852581453666689,up,0.0135,15.0
2026-Q3,智能驾驶测试工程师,大数据与分布式计算,1.4697609e-05,2.0523148123174906e-05,5.8255391231749065e-06,up,0.0,4.0
2026-Q3,智能驾驶测试工程师,大模型选型与评测,7.6252327e-06,1.0530435247346759e-05,2.905202547346759e-06,up,0.0,2.0
2026-Q3,智能驾驶测试工程师,嵌入式系统与固件开发,0.041411724,0.04300060495734215,0.0015888809573421508,up,0.027,17.0
2026-Q3,智能驾驶测试工程师,归纳与演绎推理,0.0018023481,0.001769375754520297,-3.297234547970304e-05,down,0.0,12.0
2026-Q3,智能驾驶测试工程师,批判性逻辑思考,0.053673305,0.05494312942028046,0.001269824420280459,up,0.0676,17.0
2026-Q3,智能驾驶测试工程师,操作系统与系统管理,0.014394058,0.014381108805537224,-1.294919446277569e-05,down,0.0,16.0
2026-Q3,智能驾驶测试工程师,数据分析与可视化,0.036324594,0.03664335608482361,0.0003187620848236067,up,0.0405,17.0
2026-Q3,智能驾驶测试工程师,数据管理与数据库,0.00030493876,0.00036664772778749466,6.170896778749467e-05,up,0.0,14.0
2026-Q3,智能驾驶测试工程师,时间与资源统筹管理,0.031473055,0.03173035383224487,0.00025729883224487327,up,0.0405,17.0
2026-Q3,智能驾驶测试工程师,机器学习与深度学习,0.0012516845,0.001346850534901023,9.516603490102287e-05,up,0.0,14.0
2026-Q3,智能驾驶测试工程师,环境适应与压力耐受,0.035722747,0.035516370087862015,-0.00020637691213798437,down,0.0405,17.0
2026-Q3,智能驾驶测试工程师,生成式AI原理与应用,-8.857169e-07,3.0537339625880122e-06,3.939450862588012e-06,up,0.0,1.0
2026-Q3,智能驾驶测试工程师,目标导向与攻坚韧性,0.035732888,0.03581469506025314,8.180706025314594e-05,up,0.0405,17.0
2026-Q3,智能驾驶测试工程师,程序设计与软件工程,0.058774523,0.05841624364256859,-0.00035827935743141387,down,0.0541,17.0
2026-Q3,智能驾驶测试工程师,算法与数据结构,0.0010349941,0.00132759939879179,0.00029260529879178996,up,0.0,14.0
2026-Q3,智能驾驶测试工程师,系统测试与质量评估,0.06605801,0.06736890971660614,0.0013108997166061398,up,0.0676,17.0
2026-Q3,智能驾驶测试工程师,系统部署交付与运维,0.016624773,0.016381148248910904,-0.000243624751089095,down,0.0135,16.0
2026-Q3,智能驾驶测试工程师,终身学习与知识更新,0.054310918,0.051849327981472015,-0.0024615900185279843,down,0.0676,16.0
2026-Q3,智能驾驶测试工程师,网络安全与数据隐私,0.026586898,0.025645442306995392,-0.0009414556930046093,down,0.0405,13.0
2026-Q3,智能驾驶测试工程师,自我监测与工作复盘,0.013074746,0.013087425380945206,1.2679380945205751e-05,up,0.0135,16.0
2026-Q3,智能驾驶测试工程师,自然语言处理技术,9.302446e-05,0.0001251900102943182,3.21655502943182e-05,up,0.0,4.0
2026-Q3,智能驾驶测试工程师,计算数学与数据建模,0.008503025,0.008473583497107029,-2.94415028929719e-05,down,0.0135,15.0
2026-Q3,智能驾驶测试工程师,计算机硬件与数字电路,0.039361037,0.03880038484930992,-0.0005606521506900802,down,0.0405,16.0
2026-Q3,智能驾驶测试工程师,计算机网络与通信技术,0.05066507,0.05168026685714722,0.0010151968571472172,up,0.0405,17.0
2026-Q3,智能驾驶测试工程师,计算机视觉与多模态,0.017194454,0.01729418896138668,9.973496138667923e-05,up,0.027,16.0
2026-Q3,智能驾驶测试工程师,说服与分歧谈判,0.0008142481,0.0009374623186886311,0.00012321421868863108,up,0.0,13.0
2026-Q3,智能驾驶测试工程师,负责任AI与可解释性,0.00018753204,0.0002795963082462549,9.206426824625493e-05,up,0.0,9.0
2026-Q3,智能驾驶测试工程师,软件架构与系统设计,0.027675912,0.02714313194155693,-0.0005327800584430699,down,0.0405,16.0
2026-Q3,智能驾驶测试工程师,需求洞察与服务意识,0.03293645,0.032351747155189514,-0.0005847028448104849,down,0.0405,16.0
2026-Q3,机器人感知算法工程师,AI输出质量评估,4.5341207e-05,9.92028508335352e-05,5.3861643833535196e-05,up,0.0,1.0
2026-Q3,机器人感知算法工程师,严谨细致与诚信自律,0.0003014193,0.0002810056321322918,-2.0413667867708182e-05,down,0.0,1.0
2026-Q3,机器人感知算法工程师,团队协作与协调,0.0003014193,0.0003341245464980602,3.270524649806025e-05,up,0.0,1.0
2026-Q3,机器人感知算法工程师,嵌入式系统与固件开发,0.00011487305,0.00025371648371219635,0.00013884343371219635,up,0.0,1.0
2026-Q3,机器人感知算法工程师,批判性逻辑思考,0.0003014193,0.0003489220980554819,4.7502798055481935e-05,up,0.0,1.0
2026-Q3,机器人感知算法工程师,操作系统与系统管理,0.0003014193,0.00035746279172599316,5.604349172599318e-05,up,0.0,1.0
2026-Q3,机器人感知算法工程师,程序设计与软件工程,0.00011487305,0.00023574801161885262,0.00012087496161885262,up,0.0,1.0
2026-Q3,机器人感知算法工程师,算法与数据结构,0.00011487305,0.00017659366130828857,6.172061130828857e-05,up,0.0,1.0
2026-Q3,机器人感知算法工程师,系统测试与质量评估,0.00011487305,0.0002861684188246727,0.0001712953688246727,up,0.0,1.0
2026-Q3,机器人感知算法工程师,系统部署交付与运维,0.0003014193,0.00033892435021698475,3.750505021698477e-05,up,0.0,1.0
2026-Q3,机器人感知算法工程师,计算数学与数据建模,0.00011487305,0.00026888027787208557,0.00015400722787208557,up,0.0,1.0
2026-Q3,机器人感知算法工程师,计算机网络与通信技术,0.0003014193,0.0003245726693421602,2.315336934216025e-05,up,0.0,1.0
2026-Q3,机器人感知算法工程师,计算机视觉与多模态,0.00011487305,0.0002739112824201584,0.0001590382324201584,up,0.0,1.0
2026-Q3,机器人感知算法工程师,软件架构与系统设计,0.00011487305,0.00029351748526096344,0.00017864443526096344,up,0.0,1.0
2026-Q3,机器学习工程师,AI任务拆解与规划,0.012389259,0.01233549416065216,-5.3764839347839044e-05,down,0.0127,17.0
2026-Q3,机器学习工程师,AI安全与风险防控,0.0036557135,0.0037824688479304314,0.00012675534793043152,up,0.0045,15.0
2026-Q3,机器学习工程师,AI幻觉检测与缓解能力,0.00025769847,0.00040428206557407975,0.00014658359557407973,up,0.0009,1.0
2026-Q3,机器学习工程师,AI幻觉识别与校验,0.00235588,0.0025525293312966824,0.0001966493312966825,up,0.0045,13.0
2026-Q3,机器学习工程师,AI智能体构建与编排,0.019409537,0.01981842704117298,0.00040889004117298025,up,0.0191,15.0
2026-Q3,机器学习工程师,AI输出质量评估,0.0038188132,0.00393337570130825,0.00011456250130825046,up,0.0082,11.0
2026-Q3,机器学习工程师,RAG与向量数据库,0.01116543,0.01159168966114521,0.00042625966114520977,up,0.0154,16.0
2026-Q3,机器学习工程师,严谨细致与诚信自律,0.017698962,0.017777789384126663,7.882738412666457e-05,up,0.0172,17.0
2026-Q3,机器学习工程师,书面技术文档撰写,0.034242835,0.0342651791870594,2.234418705940322e-05,up,0.0336,17.0
2026-Q3,机器学习工程师,云原生与分布式系统,0.016678719,0.016499167308211327,-0.00017955169178867497,down,0.0154,17.0
2026-Q3,机器学习工程师,人机交互与用户体验,0.006275244,0.006279611960053444,4.367960053443774e-06,up,0.0064,17.0
2026-Q3,机器学习工程师,人机语义对齐与协同,0.00061936805,0.0005909702158533037,-2.839783414669637e-05,down,0.0009,3.0
2026-Q3,机器学习工程师,仿真数据合成,0.0005502336,0.00044843845535069704,-0.00010179514464930296,down,0.0,9.0
2026-Q3,机器学习工程师,信息管理与数字素养,0.005776721,0.005953992251306772,0.00017727125130677195,up,0.0064,17.0
2026-Q3,机器学习工程师,创造力与创新思维,0.02419146,0.0240672305226326,-0.00012422947736740256,down,0.0263,17.0
2026-Q3,机器学习工程师,口头技术沟通与汇报,0.04348273,0.04414261132478714,0.0006598813247871427,up,0.0426,17.0
2026-Q3,机器学习工程师,团队协作与协调,0.06365653,0.06378759443759918,0.0001310644375991793,up,0.0617,17.0
2026-Q3,机器学习工程师,图形与交互技术,0.0017230206,0.00166756147518754,-5.5459124812459954e-05,down,0.0,13.0
2026-Q3,机器学习工程师,多方权衡与方案决策,0.016524035,0.016613326966762543,8.92919667625433e-05,up,0.0172,17.0
2026-Q3,机器学习工程师,大数据与分布式计算,0.015011568,0.015034971758723259,2.3403758723259532e-05,up,0.0145,17.0
2026-Q3,机器学习工程师,大模型开发与微调,0.017702073,0.01798338070511818,0.0002813077051181806,up,0.02,17.0
2026-Q3,机器学习工程师,大模型选型与评测,0.017454179,0.017274437472224236,-0.0001797415277757647,down,0.02,15.0
2026-Q3,机器学习工程师,嵌入式系统与固件开发,0.0059727994,0.005954319145530462,-1.848025446953786e-05,down,0.0036,16.0
2026-Q3,机器学习工程师,异构模态组合与泛化能力,-6.040995e-06,-1.3227690942585468e-07,5.908718090574145e-06,up,0.0,3.0
2026-Q3,机器学习工程师,归纳与演绎推理,0.0032849396,0.003257047152146697,-2.78924478533029e-05,down,0.0027,16.0
2026-Q3,机器学习工程师,批判性逻辑思考,0.03927025,0.03920968621969223,-6.056378030776938e-05,down,0.0417,17.0
2026-Q3,机器学习工程师,提示设计与提示工程,0.011258919,0.011224872432649136,-3.404656735086359e-05,down,0.0127,13.0
2026-Q3,机器学习工程师,操作系统与系统管理,0.005914041,0.0058665028773248196,-4.7538122675180525e-05,down,0.0054,17.0
2026-Q3,机器学习工程师,数据分析与可视化,0.047084786,0.04624831676483154,-0.0008364692351684536,down,0.0481,17.0
2026-Q3,机器学习工程师,数据管理与数据库,0.03476664,0.03467432036995888,-9.231963004112387e-05,down,0.0345,17.0
2026-Q3,机器学习工程师,时间与资源统筹管理,0.0122194085,0.012189703993499279,-2.970450650072176e-05,down,0.0127,17.0
2026-Q3,机器学习工程师,机器学习与深度学习,0.06839776,0.06892209500074387,0.0005243350007438641,up,0.069,17.0
2026-Q3,机器学习工程师,环境适应与压力耐受,0.015225377,0.015213174745440483,-1.2202254559516915e-05,down,0.0181,17.0
2026-Q3,机器学习工程师,生成式AI原理与应用,0.028030882,0.027430137619376183,-0.0006007443806238175,down,0.0272,14.0
2026-Q3,机器学习工程师,生成式AI应用开发,0.027792744,0.0276259183883667,-0.00016682561163330195,down,0.0336,17.0
2026-Q3,机器学习工程师,目标导向与攻坚韧性,0.02350458,0.023455187678337097,-4.9392321662903443e-05,down,0.0227,17.0
2026-Q3,机器学习工程师,程序设计与软件工程,0.06587605,0.06629449129104614,0.00041844129104613714,up,0.0662,17.0
2026-Q3,机器学习工程师,算法与数据结构,0.021860624,0.02219162881374359,0.00033100481374359267,up,0.0127,17.0
2026-Q3,机器学习工程师,系统测试与质量评估,0.016316937,0.01625201664865017,-6.492035134983073e-05,down,0.0163,17.0
2026-Q3,机器学习工程师,系统部署交付与运维,0.02088068,0.02095547318458557,7.47931845855726e-05,up,0.0218,17.0
2026-Q3,机器学习工程师,终身学习与知识更新,0.052740935,0.0524437241256237,-0.00029721087437629967,down,0.0535,17.0
2026-Q3,机器学习工程师,网络安全与数据隐私,0.0043889834,0.004547696094959974,0.0001587126949599742,up,0.0045,16.0
2026-Q3,机器学习工程师,自我监测与工作复盘,0.0072991773,0.007238606922328472,-6.0570377671527974e-05,down,0.01,17.0
2026-Q3,机器学习工程师,自然语言处理技术,0.015927449,0.015869293361902237,-5.8155638097762835e-05,down,0.0163,17.0
2026-Q3,机器学习工程师,计算数学与数据建模,0.033896685,0.03443538025021553,0.0005386952502155276,up,0.0327,17.0
2026-Q3,机器学习工程师,计算机硬件与数字电路,0.003692393,0.0036858064122498035,-6.586587750196434e-06,down,0.0045,17.0
2026-Q3,机器学习工程师,计算机网络与通信技术,0.006008972,0.005932994652539492,-7.597734746050792e-05,down,0.0054,16.0
2026-Q3,机器学习工程师,计算机视觉与多模态,0.0154556865,0.015635091811418533,0.00017940531141853386,up,0.0127,17.0
2026-Q3,机器学习工程师,说服与分歧谈判,0.0011545882,0.0011513750068843365,-3.2131931156636085e-06,down,0.0018,12.0
2026-Q3,机器学习工程师,负责任AI与可解释性,0.005845207,0.0059547508135437965,0.0001095438135437967,up,0.0073,15.0
2026-Q3,机器学习工程师,软件架构与系统设计,0.019228276,0.01929338648915291,6.511048915290932e-05,up,0.0136,17.0
2026-Q3,机器学习工程师,需求洞察与服务意识,0.03436553,0.034088484942913055,-0.0002770450570869429,down,0.0408,17.0
2026-Q3,架构师,AI任务拆解与规划,0.00627926,0.0062568471767008305,-2.241282329916959e-05,down,0.0081,17.0
2026-Q3,架构师,AI安全与风险防控,0.0050134445,0.004934733733534813,-7.871076646518739e-05,down,0.0061,17.0
2026-Q3,架构师,AI幻觉识别与校验,0.0036888965,0.003680524416267872,-8.372083732127982e-06,down,0.0034,10.0
2026-Q3,架构师,AI智能体构建与编排,0.014721072,0.014425711706280708,-0.00029536029371929166,down,0.0121,10.0
2026-Q3,架构师,AI输出质量评估,0.00071824685,0.0007485429523512721,3.0296102351272066e-05,up,0.0013,12.0
2026-Q3,架构师,RAG与向量数据库,0.01184782,0.01157617848366499,-0.00027164151633501075,down,0.0108,12.0
2026-Q3,架构师,严谨细致与诚信自律,0.018273586,0.01820083148777485,-7.275451222515245e-05,down,0.0196,17.0
2026-Q3,架构师,书面技术文档撰写,0.039782453,0.03998297452926636,0.00020052152926635508,up,0.0371,17.0
2026-Q3,架构师,云原生与分布式系统,0.045689136,0.04568374156951904,-5.394430480955281e-06,down,0.0452,17.0
2026-Q3,架构师,人机交互与用户体验,0.0061261486,0.006162954494357109,3.68058943571092e-05,up,0.0054,17.0
2026-Q3,架构师,人机语义对齐与协同,0.001066771,0.0010542655363678932,-1.2505463632106776e-05,down,0.002,5.0
2026-Q3,架构师,仿真数据合成,7.883893e-06,5.945126758888364e-06,-1.938766241111636e-06,down,0.0,6.0
2026-Q3,架构师,信息管理与数字素养,0.0036811233,0.00380617193877697,0.00012504863877697012,up,0.0034,17.0
2026-Q3,架构师,创造力与创新思维,0.023414603,0.023453854024410248,3.925102441024869e-05,up,0.0243,17.0
2026-Q3,架构师,口头技术沟通与汇报,0.05048594,0.051021039485931396,0.0005350994859313965,up,0.0492,17.0
2026-Q3,架构师,团队协作与协调,0.070648074,0.0707985907793045,0.00015051677930449925,up,0.0695,17.0
2026-Q3,架构师,图形与交互技术,0.0019389846,0.002089894376695156,0.00015090977669515618,up,0.0013,17.0
2026-Q3,架构师,多方权衡与方案决策,0.030956812,0.03098239004611969,2.5578046119689724e-05,up,0.0297,17.0
2026-Q3,架构师,大数据与分布式计算,0.02084098,0.02073095738887787,-0.00011002261112212988,down,0.0189,17.0
2026-Q3,架构师,大模型开发与微调,0.008653083,0.00856492854654789,-8.815445345211094e-05,down,0.0088,14.0
2026-Q3,架构师,大模型选型与评测,0.012095201,0.011814160272479057,-0.00028104072752094256,down,0.0115,16.0
2026-Q3,架构师,嵌入式系统与固件开发,0.013592735,0.013483279384672642,-0.00010945561532735813,down,0.0128,17.0
2026-Q3,架构师,异构模态组合与泛化能力,-5.4057637e-07,-3.5673474485520273e-07,1.8384162514479727e-07,up,0.0,2.0
2026-Q3,架构师,归纳与演绎推理,0.0037791668,0.003875053022056818,9.588622205681813e-05,up,0.004,17.0
2026-Q3,架构师,批判性逻辑思考,0.034041323,0.03374568372964859,-0.00029563927035140825,down,0.0317,17.0
2026-Q3,架构师,提示设计与提示工程,0.006647948,0.006851189769804478,0.0002032417698044778,up,0.0074,10.0
2026-Q3,架构师,操作系统与系统管理,0.013191802,0.013006480410695076,-0.00018532158930492475,down,0.0135,17.0
2026-Q3,架构师,数据分析与可视化,0.012451916,0.012510706670582294,5.879067058229409e-05,up,0.0128,17.0
2026-Q3,架构师,数据管理与数据库,0.040673755,0.04042096808552742,-0.0002527869144725789,down,0.0425,17.0
2026-Q3,架构师,时间与资源统筹管理,0.026704993,0.0267168115824461,1.1818582446098541e-05,up,0.027,17.0
2026-Q3,架构师,机器学习与深度学习,0.017630348,0.01783032901585102,0.00019998101585102027,up,0.0182,17.0
2026-Q3,架构师,环境适应与压力耐受,0.018698152,0.018375111743807793,-0.00032304025619220647,down,0.0169,17.0
2026-Q3,架构师,生成式AI原理与应用,0.0074337428,0.0076057324185967445,0.00017198961859674414,up,0.0081,12.0
2026-Q3,架构师,生成式AI应用开发,0.017537761,0.018233787268400192,0.0006960262684001933,up,0.0169,17.0
2026-Q3,架构师,目标导向与攻坚韧性,0.03652136,0.036480825394392014,-4.053460560798916e-05,down,0.0371,17.0
2026-Q3,架构师,程序设计与软件工程,0.057986397,0.05828715115785599,0.0003007541578559855,up,0.06,17.0
2026-Q3,架构师,算法与数据结构,0.008235676,0.00857708603143692,0.00034141003143691936,up,0.0094,17.0
2026-Q3,架构师,系统测试与质量评估,0.02580022,0.02579583041369915,-4.389586300848625e-06,down,0.0263,17.0
2026-Q3,架构师,系统部署交付与运维,0.029164605,0.02923092618584633,6.632118584632904e-05,up,0.0303,17.0
2026-Q3,架构师,终身学习与知识更新,0.03881147,0.039824649691581726,0.0010131796915817254,up,0.0364,17.0
2026-Q3,架构师,网络安全与数据隐私,0.024656817,0.024639606475830078,-1.7210524169922886e-05,down,0.0249,17.0
2026-Q3,架构师,自我监测与工作复盘,0.008407933,0.008328634314239025,-7.929868576097426e-05,down,0.0088,17.0
2026-Q3,架构师,自然语言处理技术,0.0032740394,0.0032036318443715572,-7.040755562844276e-05,down,0.0034,17.0
2026-Q3,架构师,计算数学与数据建模,0.007464665,0.007454473990947008,-1.0191009052991536e-05,down,0.0074,17.0
2026-Q3,架构师,计算机硬件与数字电路,0.011720722,0.011839003302156925,0.00011828130215692581,up,0.0142,17.0
2026-Q3,架构师,计算机网络与通信技术,0.025325408,0.025670360773801804,0.00034495277380180295,up,0.0256,17.0
2026-Q3,架构师,计算机视觉与多模态,0.009968792,0.009925488382577896,-4.330361742210451e-05,down,0.0094,17.0
2026-Q3,架构师,说服与分歧谈判,0.008385563,0.008309081196784973,-7.648180321502725e-05,down,0.0094,17.0
2026-Q3,架构师,负责任AI与可解释性,0.00445657,0.004432921297848225,-2.3648702151775336e-05,down,0.0067,16.0
2026-Q3,架构师,软件架构与系统设计,0.073700435,0.07384750992059708,0.00014707492059708172,up,0.0735,17.0
2026-Q3,架构师,需求洞察与服务意识,0.038794998,0.03846241533756256,-0.00033258266243743617,down,0.0378,17.0
2026-Q3,测试工程师,AI任务拆解与规划,0.0006567517,0.0006804352742619812,2.3683574261981213e-05,up,0.0013,16.0
2026-Q3,测试工程师,AI安全与风险防控,0.00087951974,0.0008774944581091404,-2.0252818908596216e-06,down,0.001,15.0
2026-Q3,测试工程师,AI幻觉识别与校验,0.00010875912,0.00011342526704538614,4.666147045386134e-06,up,0.0005,4.0
2026-Q3,测试工程师,AI智能体构建与编排,0.00022619113,0.00024911100626923144,2.2919876269231426e-05,up,0.0005,7.0
2026-Q3,测试工程师,AI输出质量评估,0.0006923966,0.0007187479641288519,2.635136412885194e-05,up,0.0008,17.0
2026-Q3,测试工程师,RAG与向量数据库,-3.5777703e-07,-1.1395786714274436e-07,2.4381916285725563e-07,up,0.0,3.0
2026-Q3,测试工程师,严谨细致与诚信自律,0.06339218,0.06320413947105408,-0.00018804052894592915,down,0.063,17.0
2026-Q3,测试工程师,书面技术文档撰写,0.08298461,0.08295392245054245,-3.068754945755037e-05,down,0.0827,17.0
2026-Q3,测试工程师,云原生与分布式系统,0.003234862,0.0031912901904433966,-4.357180955660324e-05,down,0.0029,17.0
2026-Q3,测试工程师,人机交互与用户体验,0.0062767533,0.006201142445206642,-7.561085479335788e-05,down,0.0067,17.0
2026-Q3,测试工程师,人机语义对齐与协同,1.4101684e-05,1.6221463738474995e-05,2.1197797384749945e-06,up,0.0003,4.0
2026-Q3,测试工程师,仿真数据合成,2.2448701e-05,1.8425736925564706e-05,-4.022964074435294e-06,down,0.0,9.0
2026-Q3,测试工程师,信息管理与数字素养,0.016550533,0.016696125268936157,0.000145592268936158,up,0.0163,17.0
2026-Q3,测试工程师,创造力与创新思维,0.008463554,0.008424910716712475,-3.8643283287525046e-05,down,0.0083,17.0
2026-Q3,测试工程师,口头技术沟通与汇报,0.072904564,0.07289406657218933,-1.0497427810673976e-05,down,0.0737,17.0
2026-Q3,测试工程师,团队协作与协调,0.0932747,0.09327730536460876,2.605364608762595e-06,up,0.0913,17.0
2026-Q3,测试工程师,图形与交互技术,0.003195531,0.003291295375674963,9.576437567496284e-05,up,0.0047,17.0
2026-Q3,测试工程师,多方权衡与方案决策,0.011712274,0.011723394505679607,1.1120505679607443e-05,up,0.0114,17.0
2026-Q3,测试工程师,大数据与分布式计算,0.000708518,0.0007176088402047753,9.090840204775338e-06,up,0.0005,17.0
2026-Q3,测试工程师,大模型开发与微调,0.00014501048,0.00014262206968851388,-2.388410311486127e-06,down,0.0003,5.0
2026-Q3,测试工程师,大模型选型与评测,0.0003168611,0.0003230084548704326,6.147354870432594e-06,up,0.0003,12.0
2026-Q3,测试工程师,嵌入式系统与固件开发,0.04001138,0.03953991457819939,-0.00047146542180061257,down,0.0397,17.0
2026-Q3,测试工程师,异构模态组合与泛化能力,-7.405215e-07,-6.354457582347095e-07,1.050757417652905e-07,up,0.0,2.0
2026-Q3,测试工程师,归纳与演绎推理,0.0051836953,0.005189103074371815,5.407774371814743e-06,up,0.0052,17.0
2026-Q3,测试工程师,批判性逻辑思考,0.060772356,0.060731928795576096,-4.042720442390402e-05,down,0.0612,17.0
2026-Q3,测试工程师,提示设计与提示工程,0.00024541357,0.00023325494839809835,-1.215862160190164e-05,down,0.0005,7.0
2026-Q3,测试工程师,操作系统与系统管理,0.019150114,0.01925293356180191,0.00010281956180191107,up,0.0189,17.0
2026-Q3,测试工程师,数据分析与可视化,0.04116248,0.040800727903842926,-0.00036175209615707526,down,0.0399,17.0
2026-Q3,测试工程师,数据管理与数据库,0.012297948,0.012538622133433819,0.0002406741334338193,up,0.0125,17.0
2026-Q3,测试工程师,时间与资源统筹管理,0.015939433,0.016017908230423927,7.847523042392793e-05,up,0.0158,17.0
2026-Q3,测试工程师,机器学习与深度学习,0.0027972371,0.0027225464582443237,-7.469064175567646e-05,down,0.0031,16.0
2026-Q3,测试工程师,环境适应与压力耐受,0.038136926,0.03793565183877945,-0.00020127416122055208,down,0.0392,17.0
2026-Q3,测试工程师,生成式AI原理与应用,0.00060259923,0.0006019977736286819,-6.014563713181535e-07,down,0.001,8.0
2026-Q3,测试工程师,生成式AI应用开发,0.00055823236,0.0004921152722090483,-6.611708779095168e-05,down,0.0013,7.0
2026-Q3,测试工程师,目标导向与攻坚韧性,0.025981674,0.025966079905629158,-1.559409437084172e-05,down,0.027,17.0
2026-Q3,测试工程师,程序设计与软件工程,0.053911466,0.0537789948284626,-0.00013247117153739746,down,0.0527,17.0
2026-Q3,测试工程师,算法与数据结构,0.0023179657,0.0022462639026343822,-7.170179736561795e-05,down,0.0029,17.0
2026-Q3,测试工程师,系统测试与质量评估,0.12005697,0.12030019611120224,0.00024322611120224102,up,0.1198,17.0
2026-Q3,测试工程师,系统部署交付与运维,0.024126181,0.024143509566783905,1.7328566783905014e-05,up,0.0244,17.0
2026-Q3,测试工程师,终身学习与知识更新,0.042405494,0.042436424642801285,3.093064280128288e-05,up,0.0412,17.0
2026-Q3,测试工程师,网络安全与数据隐私,0.009726748,0.009817325510084629,9.057751008462872e-05,up,0.0083,17.0
2026-Q3,测试工程师,自我监测与工作复盘,0.010046805,0.010040528140962124,-6.276859037876795e-06,down,0.0101,17.0
2026-Q3,测试工程师,自然语言处理技术,0.0002069176,0.00020432245219126344,-2.5951478087365618e-06,down,0.0003,14.0
2026-Q3,测试工程师,计算数学与数据建模,0.004699844,0.00463331863284111,-6.652536715888967e-05,down,0.0047,17.0
2026-Q3,测试工程师,计算机硬件与数字电路,0.044334214,0.044080186635255814,-0.0002540273647441832,down,0.0446,17.0
2026-Q3,测试工程师,计算机网络与通信技术,0.024231197,0.02427508495748043,4.3887957480431145e-05,up,0.0233,17.0
2026-Q3,测试工程师,计算机视觉与多模态,0.0017789927,0.0017679575830698013,-1.1035116930198765e-05,down,0.0013,17.0
2026-Q3,测试工程师,说服与分歧谈判,0.0013019647,0.0012975006829947233,-4.4640170052767745e-06,down,0.0013,17.0
2026-Q3,测试工程师,负责任AI与可解释性,0.00067134877,0.0006998932221904397,2.8544452190439745e-05,up,0.0008,15.0
2026-Q3,测试工程师,软件架构与系统设计,0.006519175,0.006545152980834246,2.5977980834245365e-05,up,0.006,17.0
2026-Q3,测试工程师,需求洞察与服务意识,0.026607223,0.026431262493133545,-0.00017596050686645437,down,0.0265,17.0
2026-Q3,测试开发工程师,AI任务拆解与规划,0.0004847094,0.0005222256877459586,3.751628774595854e-05,up,0.0,9.0
2026-Q3,测试开发工程师,AI安全与风险防控,1.41119235e-05,3.214043681509793e-05,1.8028513315097928e-05,up,0.0,5.0
2026-Q3,测试开发工程师,AI幻觉识别与校验,7.682567e-06,1.8982886103913188e-05,1.1300319103913188e-05,up,0.0,3.0
2026-Q3,测试开发工程师,AI智能体构建与编排,1.3354118e-05,3.30896582454443e-05,1.9735540245444297e-05,up,0.0,6.0
2026-Q3,测试开发工程师,AI输出质量评估,0.0010689899,0.0011152693768963218,4.6279476896321677e-05,up,0.0013,10.0
2026-Q3,测试开发工程师,RAG与向量数据库,4.2690954e-06,6.367277819663286e-06,2.0981824196632865e-06,up,0.0,5.0
2026-Q3,测试开发工程师,严谨细致与诚信自律,0.039749674,0.03953991457819939,-0.00020975942180061213,down,0.0414,17.0
2026-Q3,测试开发工程师,书面技术文档撰写,0.052046895,0.05173244699835777,-0.0003144480016422299,down,0.059,17.0
2026-Q3,测试开发工程师,云原生与分布式系统,0.015180838,0.015120366588234901,-6.047141176509889e-05,down,0.0151,17.0
2026-Q3,测试开发工程师,人机交互与用户体验,0.0075919367,0.0075323134660720825,-5.96232339279178e-05,down,0.01,17.0
2026-Q3,测试开发工程师,人机语义对齐与协同,0.0017589794,0.001829278888180852,7.029948818085188e-05,up,0.0013,2.0
2026-Q3,测试开发工程师,仿真数据合成,2.9393792e-05,2.4007749743759632e-05,-5.386042256240369e-06,down,0.0,5.0
2026-Q3,测试开发工程师,信息管理与数字素养,0.004749425,0.004768146201968193,1.8721201968193227e-05,up,0.005,17.0
2026-Q3,测试开发工程师,创造力与创新思维,0.007930759,0.00888277217745781,0.0009520131774578087,up,0.0038,17.0
2026-Q3,测试开发工程师,口头技术沟通与汇报,0.062856466,0.06352140754461288,0.0006649415446128848,up,0.0615,17.0
2026-Q3,测试开发工程师,团队协作与协调,0.0889717,0.08835777640342712,-0.0006139235965728768,down,0.0866,17.0
2026-Q3,测试开发工程师,图形与交互技术,0.002371159,0.002530342899262905,0.00015918389926290527,up,0.0013,15.0
2026-Q3,测试开发工程师,多方权衡与方案决策,0.015831321,0.016140766441822052,0.0003094454418220531,up,0.0163,17.0
2026-Q3,测试开发工程师,大数据与分布式计算,0.0031584431,0.0031143431551754475,-4.40999448245525e-05,down,0.0038,15.0
2026-Q3,测试开发工程师,大模型开发与微调,3.296038e-06,5.588095518760383e-06,2.292057518760383e-06,up,0.0,4.0
2026-Q3,测试开发工程师,大模型选型与评测,0.0021485705,0.002160776173695922,1.2205673695921907e-05,up,0.0025,10.0
2026-Q3,测试开发工程师,嵌入式系统与固件开发,0.040759582,0.040061190724372864,-0.0006983912756271388,down,0.0464,17.0
2026-Q3,测试开发工程师,归纳与演绎推理,0.00034914957,0.00047014420852065086,0.00012099463852065088,up,0.0,12.0
2026-Q3,测试开发工程师,批判性逻辑思考,0.050762136,0.051529690623283386,0.0007675546232833869,up,0.054,17.0
2026-Q3,测试开发工程师,提示设计与提示工程,-8.923962e-06,-5.1969545893371105e-06,3.72700741066289e-06,up,0.0,4.0
2026-Q3,测试开发工程师,操作系统与系统管理,0.020481938,0.020505810156464577,2.3872156464575106e-05,up,0.0188,17.0
2026-Q3,测试开发工程师,数据分析与可视化,0.038506106,0.03805798292160034,-0.0004481230783996565,down,0.0389,17.0
2026-Q3,测试开发工程师,数据管理与数据库,0.025489658,0.025325683876872063,-0.0001639741231279357,down,0.0251,17.0
2026-Q3,测试开发工程师,时间与资源统筹管理,0.018661052,0.01874670758843422,8.565558843421847e-05,up,0.0213,17.0
2026-Q3,测试开发工程师,机器学习与深度学习,0.0029833585,0.0030360096134245396,5.265111342453964e-05,up,0.0038,16.0
2026-Q3,测试开发工程师,环境适应与压力耐受,0.02856343,0.028215201571583748,-0.0003482284284162529,down,0.0314,17.0
2026-Q3,测试开发工程师,生成式AI原理与应用,0.0007561862,0.0008776375907473266,0.0001214513907473266,up,0.0,11.0
2026-Q3,测试开发工程师,生成式AI应用开发,0.0034473662,0.0033070214558392763,-0.00014034474416072364,down,0.005,13.0
2026-Q3,测试开发工程师,目标导向与攻坚韧性,0.021514226,0.02143019065260887,-8.403534739112942e-05,down,0.0188,17.0
2026-Q3,测试开发工程师,程序设计与软件工程,0.10923731,0.10931593924760818,7.862924760818069e-05,up,0.1079,17.0
2026-Q3,测试开发工程师,算法与数据结构,0.006497881,0.006637569051235914,0.0001396880512359146,up,0.0038,17.0
2026-Q3,测试开发工程师,系统测试与质量评估,0.10946359,0.10948213189840317,1.8541898403168222e-05,up,0.1054,17.0
2026-Q3,测试开发工程师,系统部署交付与运维,0.023774995,0.023722074925899506,-5.292007410049454e-05,down,0.0238,17.0
2026-Q3,测试开发工程师,终身学习与知识更新,0.033805184,0.03490810841321945,0.00110292441321945,up,0.0326,17.0
2026-Q3,测试开发工程师,网络安全与数据隐私,0.007792519,0.00796528160572052,0.00017276260572051966,up,0.0075,17.0
2026-Q3,测试开发工程师,自我监测与工作复盘,0.013888359,0.013575739227235317,-0.0003126197727646822,down,0.0151,17.0
2026-Q3,测试开发工程师,自然语言处理技术,0.0014845433,0.001493578078225255,9.034778225255067e-06,up,0.0013,13.0
2026-Q3,测试开发工程师,计算数学与数据建模,0.0047042635,0.004591981880366802,-0.00011228161963319772,down,0.005,17.0
2026-Q3,测试开发工程师,计算机硬件与数字电路,0.034610894,0.03433119133114815,-0.0002797026688518556,down,0.0389,17.0
2026-Q3,测试开发工程师,计算机网络与通信技术,0.036830433,0.03673908859491348,-9.134440508652003e-05,down,0.0389,17.0
2026-Q3,测试开发工程师,计算机视觉与多模态,0.004185782,0.00420474074780941,1.8958747809410224e-05,up,0.0038,17.0
2026-Q3,测试开发工程师,说服与分歧谈判,0.0027331263,0.002701196586713195,-3.192971328680504e-05,down,0.0025,17.0
2026-Q3,测试开发工程师,负责任AI与可解释性,0.000106729916,8.826883276924491e-05,-1.846108323075509e-05,down,0.0,7.0
2026-Q3,测试开发工程师,软件架构与系统设计,0.02416146,0.024161944165825844,4.841658258446235e-07,up,0.0238,17.0
2026-Q3,测试开发工程师,需求洞察与服务意识,0.017631184,0.017089031636714935,-0.0005421523632850658,down,0.0176,17.0
2026-Q3,测试经理/主管,AI任务拆解与规划,7.5124146e-05,8.389982394874096e-05,8.775677948740966e-06,up,0.0,6.0
2026-Q3,测试经理/主管,AI安全与风险防控,2.794106e-05,3.06140718748793e-05,2.673011874879301e-06,up,0.0,3.0
2026-Q3,测试经理/主管,AI幻觉识别与校验,-1.9928702e-06,5.886322469450533e-06,7.879192669450534e-06,up,0.0,1.0
2026-Q3,测试经理/主管,AI输出质量评估,3.0043913e-05,3.192975418642163e-05,1.8858411864216317e-06,up,0.0,5.0
2026-Q3,测试经理/主管,严谨细致与诚信自律,0.04522788,0.04452718421816826,-0.0007006957818317394,down,0.0422,17.0
2026-Q3,测试经理/主管,书面技术文档撰写,0.05719469,0.05759062245488167,0.00039593245488166867,up,0.0591,17.0
2026-Q3,测试经理/主管,云原生与分布式系统,0.0052798465,0.005368141923099756,8.829542309975614e-05,up,0.0105,16.0
2026-Q3,测试经理/主管,人机交互与用户体验,0.0003922882,0.0004931656876578927,0.00010087748765789272,up,0.0,11.0
2026-Q3,测试经理/主管,人机语义对齐与协同,-3.8235557e-06,-2.3376451281365007e-06,1.4859105718634992e-06,up,0.0,1.0
2026-Q3,测试经理/主管,仿真数据合成,4.1482926e-06,5.453704943647608e-06,1.3054123436476082e-06,up,0.0,1.0
2026-Q3,测试经理/主管,信息管理与数字素养,0.01620931,0.016018152236938477,-0.00019115776306152452,down,0.0148,17.0
2026-Q3,测试经理/主管,创造力与创新思维,0.016514216,0.01632869243621826,-0.00018552356378173998,down,0.0169,17.0
2026-Q3,测试经理/主管,口头技术沟通与汇报,0.075326346,0.07567201554775238,0.000345669547752378,up,0.0738,17.0
2026-Q3,测试经理/主管,团队协作与协调,0.10071729,0.10079488903284073,7.759903284072778e-05,up,0.0992,17.0
2026-Q3,测试经理/主管,图形与交互技术,-1.484761e-05,-5.843176040798426e-06,9.004433959201575e-06,up,0.0,5.0
2026-Q3,测试经理/主管,多方权衡与方案决策,0.044751704,0.04493730142712593,0.00018559742712592753,up,0.0443,17.0
2026-Q3,测试经理/主管,大数据与分布式计算,1.7575105e-05,2.6409979909658432e-05,8.834874909658431e-06,up,0.0,7.0
2026-Q3,测试经理/主管,嵌入式系统与固件开发,0.024356063,0.02382579632103443,-0.0005302666789655693,down,0.0232,17.0
2026-Q3,测试经理/主管,归纳与演绎推理,0.0065797325,0.0067770034074783325,0.00019727090747833232,up,0.0084,17.0
2026-Q3,测试经理/主管,批判性逻辑思考,0.051023312,0.05050654336810112,-0.0005167686318988812,down,0.0443,17.0
2026-Q3,测试经理/主管,操作系统与系统管理,0.009529803,0.009347215294837952,-0.00018258770516204822,down,0.0084,16.0
2026-Q3,测试经理/主管,数据分析与可视化,0.030720575,0.030544813722372055,-0.0001757612776279449,down,0.0359,17.0
2026-Q3,测试经理/主管,数据管理与数据库,0.0076200436,0.007566166575998068,-5.3877024001932304e-05,down,0.0084,15.0
2026-Q3,测试经理/主管,时间与资源统筹管理,0.07015575,0.07017036527395248,1.46152739524813e-05,up,0.0717,17.0
2026-Q3,测试经理/主管,机器学习与深度学习,0.0006002738,0.0007300703437067568,0.00012979654370675687,up,0.0,6.0
2026-Q3,测试经理/主管,环境适应与压力耐受,0.028893556,0.028486955910921097,-0.000406600089078904,down,0.0295,17.0
2026-Q3,测试经理/主管,生成式AI应用开发,8.681673e-06,-2.3205066099762917e-06,-1.1002179609976291e-05,down,0.0,4.0
2026-Q3,测试经理/主管,目标导向与攻坚韧性,0.054485247,0.05437179654836655,-0.00011345045163345391,down,0.0527,17.0
2026-Q3,测试经理/主管,程序设计与软件工程,0.044051774,0.044280875474214554,0.00022910147421455196,up,0.0401,17.0
2026-Q3,测试经理/主管,算法与数据结构,6.759772e-06,8.243077900260687e-06,1.4833059002606867e-06,up,0.0,3.0
2026-Q3,测试经理/主管,系统测试与质量评估,0.10226649,0.10192538052797318,-0.0003411094720268265,down,0.1013,17.0
2026-Q3,测试经理/主管,系统部署交付与运维,0.01461467,0.014386830851435661,-0.00022783914856433843,down,0.0127,17.0
2026-Q3,测试经理/主管,终身学习与知识更新,0.03499453,0.034886434674263,-0.00010809532573700237,down,0.0401,17.0
2026-Q3,测试经理/主管,网络安全与数据隐私,0.008404018,0.0088544562458992,0.00045043824589920123,up,0.0063,16.0
2026-Q3,测试经理/主管,自我监测与工作复盘,0.036204383,0.03586408123373985,-0.0003403017662601468,down,0.038,17.0
2026-Q3,测试经理/主管,计算数学与数据建模,0.004427046,0.004448512103408575,2.1466103408575472e-05,up,0.0084,14.0
2026-Q3,测试经理/主管,计算机硬件与数字电路,0.02376587,0.02357497066259384,-0.00019089933740615989,down,0.0274,16.0
2026-Q3,测试经理/主管,计算机网络与通信技术,0.014121709,0.01385489385575056,-0.0002668151442494389,down,0.0148,16.0
2026-Q3,测试经理/主管,计算机视觉与多模态,6.512855e-07,1.2160802725702524e-05,1.1509517225702524e-05,up,0.0,4.0
2026-Q3,测试经理/主管,说服与分歧谈判,0.010969171,0.010877007618546486,-9.216338145351388e-05,down,0.0127,16.0
2026-Q3,测试经理/主管,负责任AI与可解释性,0.001019155,0.0009577652090229094,-6.13897909770907e-05,down,0.0042,7.0
2026-Q3,测试经理/主管,软件架构与系统设计,0.011421384,0.011320731602609158,-0.00010065239739084214,down,0.0127,17.0
2026-Q3,测试经理/主管,需求洞察与服务意识,0.03171253,0.03183407709002495,0.00012154709002494546,up,0.038,17.0
2026-Q3,深度学习工程师,AI任务拆解与规划,0.009397204,0.009508803486824036,0.00011159948682403636,up,0.0131,13.0
2026-Q3,深度学习工程师,AI安全与风险防控,0.004209404,0.0044770617969334126,0.00026765779693341263,up,0.0046,16.0
2026-Q3,深度学习工程师,AI幻觉检测与缓解能力,0.0018413025,0.001842281548306346,9.790483063460299e-07,up,0.0013,2.0
2026-Q3,深度学习工程师,AI幻觉识别与校验,0.006959941,0.007016620598733425,5.667959873342527e-05,up,0.0105,16.0
2026-Q3,深度学习工程师,AI智能体构建与编排,0.040321805,0.04021177440881729,-0.00011003059118271097,down,0.0374,12.0
2026-Q3,深度学习工程师,AI输出质量评估,0.0067135636,0.006586792878806591,-0.00012677072119340882,down,0.0092,14.0
2026-Q3,深度学习工程师,RAG与向量数据库,0.034830518,0.03444217890501022,-0.0003883390949897744,down,0.0328,12.0
2026-Q3,深度学习工程师,严谨细致与诚信自律,0.009111442,0.00929335132241249,0.00018190932241249,up,0.0098,16.0
2026-Q3,深度学习工程师,书面技术文档撰写,0.029829795,0.029659388586878777,-0.00017040641312122268,down,0.0302,17.0
2026-Q3,深度学习工程师,云原生与分布式系统,0.02699641,0.026856647804379463,-0.00013976219562053527,down,0.0289,17.0
2026-Q3,深度学习工程师,人机交互与用户体验,0.007817624,0.0076884981244802475,-0.00012912587551975295,down,0.0072,15.0
2026-Q3,深度学习工程师,人机语义对齐与协同,5.441728e-05,7.351460226345807e-05,1.9097322263458076e-05,up,0.0007,4.0
2026-Q3,深度学习工程师,仿真数据合成,0.004727097,0.004438161849975586,-0.0002889351500244145,down,0.0059,9.0
2026-Q3,深度学习工程师,信息管理与数字素养,0.0023023314,0.0024422996211797,0.00013996822117969985,up,0.002,16.0
2026-Q3,深度学习工程师,创造力与创新思维,0.016405804,0.016488198190927505,8.239419092750597e-05,up,0.0144,17.0
2026-Q3,深度学习工程师,口头技术沟通与汇报,0.032485552,0.03275725245475769,0.00027170045475768956,up,0.0322,17.0
2026-Q3,深度学习工程师,团队协作与协调,0.04894019,0.049087539315223694,0.00014734931522369238,up,0.0486,17.0
2026-Q3,深度学习工程师,图形与交互技术,0.0020447294,0.002132765483111143,8.803608311114307e-05,up,0.0046,16.0
2026-Q3,深度学习工程师,多方权衡与方案决策,0.009417826,0.009435445070266724,1.7619070266722964e-05,up,0.0085,17.0
2026-Q3,深度学习工程师,大数据与分布式计算,0.010095975,0.00993595365434885,-0.00016002134565114984,down,0.0059,17.0
2026-Q3,深度学习工程师,大模型开发与微调,0.040677927,0.04077555984258652,9.763284258651472e-05,up,0.0427,17.0
2026-Q3,深度学习工程师,大模型选型与评测,0.037799254,0.03755483776330948,-0.00024441623669051865,down,0.0374,17.0
2026-Q3,深度学习工程师,嵌入式系统与固件开发,0.0118210595,0.011758752167224884,-6.230733277511578e-05,down,0.0105,17.0
2026-Q3,深度学习工程师,异构模态组合与泛化能力,0.0020620613,0.0021700572688132524,0.00010799596881325233,up,0.0033,4.0
2026-Q3,深度学习工程师,归纳与演绎推理,0.0012341923,0.0013017855817452073,6.759328174520737e-05,up,0.0013,14.0
2026-Q3,深度学习工程师,批判性逻辑思考,0.027061593,0.026837065815925598,-0.00022452718407440023,down,0.0262,17.0
2026-Q3,深度学习工程师,提示设计与提示工程,0.028164105,0.027504362165927887,-0.0006597428340721113,down,0.0262,13.0
2026-Q3,深度学习工程师,操作系统与系统管理,0.011966763,0.012109722942113876,0.0001429599421138763,up,0.0118,17.0
2026-Q3,深度学习工程师,数据分析与可视化,0.023308769,0.023193268105387688,-0.00011550089461231233,down,0.0243,17.0
2026-Q3,深度学习工程师,数据管理与数据库,0.022885354,0.022817328572273254,-6.802542772674572e-05,down,0.023,17.0
2026-Q3,深度学习工程师,时间与资源统筹管理,0.008331468,0.008260703645646572,-7.076435435342775e-05,down,0.0092,17.0
2026-Q3,深度学习工程师,机器学习与深度学习,0.050729915,0.051933612674474716,0.0012036976744747158,up,0.0591,17.0
2026-Q3,深度学习工程师,环境适应与压力耐受,0.008902818,0.008746201172471046,-0.0001566168275289534,down,0.0092,17.0
2026-Q3,深度学习工程师,生成式AI原理与应用,0.03217967,0.03250487148761749,0.0003252014876174922,up,0.0335,16.0
2026-Q3,深度学习工程师,生成式AI应用开发,0.048944682,0.048122670501470566,-0.0008220114985294374,down,0.0466,17.0
2026-Q3,深度学习工程师,目标导向与攻坚韧性,0.020494035,0.02036386728286743,-0.00013016771713256908,down,0.0197,17.0
2026-Q3,深度学习工程师,程序设计与软件工程,0.065222666,0.06502847373485565,-0.00019419226514434673,down,0.065,17.0
2026-Q3,深度学习工程师,算法与数据结构,0.017340692,0.01748165860772133,0.00014096660772132744,up,0.0171,17.0
2026-Q3,深度学习工程师,系统测试与质量评估,0.014005356,0.013932124711573124,-7.323128842687612e-05,down,0.0125,17.0
2026-Q3,深度学习工程师,系统部署交付与运维,0.03180855,0.03210381790995598,0.00029526790995598046,up,0.0315,17.0
2026-Q3,深度学习工程师,终身学习与知识更新,0.04738648,0.047463539987802505,7.705998780250384e-05,up,0.04,17.0
2026-Q3,深度学习工程师,网络安全与数据隐私,0.005015147,0.005108410492539406,9.326349253940564e-05,up,0.0059,15.0
2026-Q3,深度学习工程师,自我监测与工作复盘,0.0030428807,0.003123850328847766,8.09696288477657e-05,up,0.0046,15.0
2026-Q3,深度学习工程师,自然语言处理技术,0.01848904,0.018705077469348907,0.00021603746934890575,up,0.0177,17.0
2026-Q3,深度学习工程师,计算数学与数据建模,0.009280894,0.009256096556782722,-2.479744321727713e-05,down,0.0092,17.0
2026-Q3,深度学习工程师,计算机硬件与数字电路,0.0052654156,0.005352618172764778,8.720257276477808e-05,up,0.0052,17.0
2026-Q3,深度学习工程师,计算机网络与通信技术,0.0077291764,0.0076914397068321705,-3.773669316782958e-05,down,0.0079,16.0
2026-Q3,深度学习工程师,计算机视觉与多模态,0.027086433,0.026266921311616898,-0.0008195116883831025,down,0.0308,17.0
2026-Q3,深度学习工程师,说服与分歧谈判,0.00081528607,0.0007819273741915822,-3.335869580841776e-05,down,0.0013,8.0
2026-Q3,深度学习工程师,负责任AI与可解释性,0.004652911,0.0047484938986599445,9.558289865994451e-05,up,0.0046,12.0
2026-Q3,深度学习工程师,软件架构与系统设计,0.031153427,0.03113086149096489,-2.256550903511137e-05,down,0.0335,17.0
2026-Q3,深度学习工程师,需求洞察与服务意识,0.021344546,0.02121145650744438,-0.00013308949255561725,down,0.0217,17.0
2026-Q3,游戏客户端开发工程师,AI任务拆解与规划,9.777024e-06,9.99082112684846e-06,2.1379712684845885e-07,up,0.0,3.0
2026-Q3,游戏客户端开发工程师,AI智能体构建与编排,-6.4557826e-06,-5.873444024473429e-07,5.868438197552657e-06,up,0.0,1.0
2026-Q3,游戏客户端开发工程师,严谨细致与诚信自律,0.014824763,0.013870885595679283,-0.0009538774043207163,down,0.0,13.0
2026-Q3,游戏客户端开发工程师,书面技术文档撰写,-4.191324e-05,-1.2239441275596619e-05,2.967379872440338e-05,up,0.0,12.0
2026-Q3,游戏客户端开发工程师,云原生与分布式系统,0.00010538101,0.00025688158348202705,0.00015150057348202705,up,0.0,7.0
2026-Q3,游戏客户端开发工程师,人机交互与用户体验,0.011631427,0.014373848214745522,0.002742421214745522,up,0.0,10.0
2026-Q3,游戏客户端开发工程师,信息管理与数字素养,0.00010378496,0.00022616516798734665,0.00012238020798734664,up,0.0,3.0
2026-Q3,游戏客户端开发工程师,创造力与创新思维,0.00093777105,0.001021411269903183,8.364021990318296e-05,up,0.0,9.0
2026-Q3,游戏客户端开发工程师,口头技术沟通与汇报,0.02136774,0.03228279948234558,0.010915059482345581,up,0.0,13.0
2026-Q3,游戏客户端开发工程师,团队协作与协调,0.01647681,0.021398767828941345,0.004921957828941344,up,0.0,13.0
2026-Q3,游戏客户端开发工程师,图形与交互技术,0.005425561,0.006630245596170425,0.0012046845961704257,up,0.0,13.0
2026-Q3,游戏客户端开发工程师,多方权衡与方案决策,0.0027614366,0.0026172325015068054,-0.0001442040984931947,down,0.0,8.0
2026-Q3,游戏客户端开发工程师,嵌入式系统与固件开发,-6.4557826e-06,-6.005779141560197e-06,4.500034584398028e-07,up,0.0,1.0
2026-Q3,游戏客户端开发工程师,批判性逻辑思考,0.012827497,0.011915169656276703,-0.0009123273437232973,down,0.0,13.0
2026-Q3,游戏客户端开发工程师,操作系统与系统管理,0.0006745327,0.0008659465238451958,0.00019141382384519582,up,0.0,10.0
2026-Q3,游戏客户端开发工程师,数据分析与可视化,-6.2370673e-06,4.500354407355189e-05,5.124061137355189e-05,up,0.0,1.0
2026-Q3,游戏客户端开发工程师,数据管理与数据库,5.612732e-06,4.010635893791914e-05,3.449362693791914e-05,up,0.0,5.0
2026-Q3,游戏客户端开发工程师,时间与资源统筹管理,0.0009501977,0.0012390883639454842,0.0002888906639454842,up,0.0,9.0
2026-Q3,游戏客户端开发工程师,机器学习与深度学习,0.001312125,0.0013994327746331692,8.730777463316925e-05,up,0.0,6.0
2026-Q3,游戏客户端开发工程师,环境适应与压力耐受,0.0008872226,0.0013979095965623856,0.0005106869965623856,up,0.0,12.0
2026-Q3,游戏客户端开发工程师,目标导向与攻坚韧性,0.0022774655,0.003291761502623558,0.001014296002623558,up,0.0,11.0
2026-Q3,游戏客户端开发工程师,程序设计与软件工程,0.004088506,0.004362292587757111,0.00027378658775711016,up,0.0,13.0
2026-Q3,游戏客户端开发工程师,算法与数据结构,0.008310929,0.010768517851829529,0.002457588851829529,up,0.0,12.0
2026-Q3,游戏客户端开发工程师,系统测试与质量评估,0.008693665,0.01112225279211998,0.00242858779211998,up,0.0,13.0
2026-Q3,游戏客户端开发工程师,系统部署交付与运维,0.00042887684,0.0005476586520671844,0.00011878181206718443,up,0.0,10.0
2026-Q3,游戏客户端开发工程师,终身学习与知识更新,0.01418278,0.01922024041414261,0.005037460414142608,up,0.0,12.0
2026-Q3,游戏客户端开发工程师,网络安全与数据隐私,-6.6336943e-06,3.1460775062441826e-05,3.809446936244183e-05,up,0.0,5.0
2026-Q3,游戏客户端开发工程师,自我监测与工作复盘,0.00011955481,0.00027774181216955185,0.00015818700216955185,up,0.0,7.0
2026-Q3,游戏客户端开发工程师,计算数学与数据建模,0.00015243888,0.00027315644547343254,0.00012071756547343254,up,0.0,7.0
2026-Q3,游戏客户端开发工程师,计算机硬件与数字电路,2.5670975e-05,2.1216925233602524e-05,-4.4540497663974765e-06,down,0.0,5.0
2026-Q3,游戏客户端开发工程师,计算机网络与通信技术,0.008160644,0.008523098193109035,0.0003624541931090356,up,0.0,10.0
2026-Q3,游戏客户端开发工程师,计算机视觉与多模态,1.6190606e-06,3.611203283071518e-06,1.992142683071518e-06,up,0.0,1.0
2026-Q3,游戏客户端开发工程师,软件架构与系统设计,0.00068508834,0.002819802612066269,0.002134714272066269,up,0.0,12.0
2026-Q3,游戏客户端开发工程师,需求洞察与服务意识,0.007562356,0.008425215259194374,0.000862859259194374,up,0.0,11.0
2026-Q3,游戏开发工程师,AI任务拆解与规划,0.00027542724,0.00028578611090779305,1.0358870907793065e-05,up,0.0,8.0
2026-Q3,游戏开发工程师,严谨细致与诚信自律,0.046353698,0.045736417174339294,-0.0006172808256607043,down,0.0435,16.0
2026-Q3,游戏开发工程师,书面技术文档撰写,0.024081802,0.024849580600857735,0.0007677786008577353,up,0.0217,15.0
2026-Q3,游戏开发工程师,云原生与分布式系统,0.0038525928,0.004326388239860535,0.00047379543986053466,up,0.0,10.0
2026-Q3,游戏开发工程师,人机交互与用户体验,0.05208319,0.04836444929242134,-0.0037187407075786605,down,0.1304,16.0
2026-Q3,游戏开发工程师,信息管理与数字素养,0.005778719,0.006209360435605049,0.00043064143560504926,up,0.0217,10.0
2026-Q3,游戏开发工程师,创造力与创新思维,0.018146541,0.01864853873848915,0.0005019977384891523,up,0.0217,15.0
2026-Q3,游戏开发工程师,口头技术沟通与汇报,0.08105231,0.07960852980613708,-0.0014437801938629174,down,0.087,15.0
2026-Q3,游戏开发工程师,团队协作与协调,0.102367245,0.10493838787078857,0.0025711428707885786,up,0.1304,16.0
2026-Q3,游戏开发工程师,图形与交互技术,0.0500255,0.05323176831007004,0.0032062683100700373,up,0.0217,15.0
2026-Q3,游戏开发工程师,多方权衡与方案决策,0.0010177838,0.001150231808423996,0.00013244800842399595,up,0.0,12.0
2026-Q3,游戏开发工程师,嵌入式系统与固件开发,0.00012888131,0.00017190654762089252,4.302523762089253e-05,up,0.0,6.0
2026-Q3,游戏开发工程师,归纳与演绎推理,0.00034792558,0.0004140312084928155,6.610562849281552e-05,up,0.0217,3.0
2026-Q3,游戏开发工程师,批判性逻辑思考,0.028319322,0.02794387750327587,-0.00037544449672412966,down,0.0217,16.0
2026-Q3,游戏开发工程师,提示设计与提示工程,1.9909407e-05,3.298683441244066e-05,1.3077427412440659e-05,up,0.0,1.0
2026-Q3,游戏开发工程师,操作系统与系统管理,0.0016617724,0.001712452620267868,5.068022026786796e-05,up,0.0,10.0
2026-Q3,游戏开发工程师,数据分析与可视化,0.00094237435,0.0012101975735276937,0.0002678232235276938,up,0.0,9.0
2026-Q3,游戏开发工程师,数据管理与数据库,0.007259164,0.007828904315829277,0.0005697403158292768,up,0.0,13.0
2026-Q3,游戏开发工程师,时间与资源统筹管理,0.01869007,0.01835767924785614,-0.00033239075214385946,down,0.0217,14.0
2026-Q3,游戏开发工程师,机器学习与深度学习,0.022957265,0.024613669142127037,0.001656404142127036,up,0.0435,12.0
2026-Q3,游戏开发工程师,环境适应与压力耐受,0.021274751,0.02137197181582451,9.72208158245072e-05,up,0.0217,14.0
2026-Q3,游戏开发工程师,生成式AI原理与应用,0.000109165325,0.00015223503578454256,4.3069710784542556e-05,up,0.0,4.0
2026-Q3,游戏开发工程师,生成式AI应用开发,1.9909407e-05,2.6612775400280952e-05,6.703368400280954e-06,up,0.0,1.0
2026-Q3,游戏开发工程师,目标导向与攻坚韧性,0.03847579,0.03842213377356529,-5.365622643471041e-05,down,0.0435,14.0
2026-Q3,游戏开发工程师,程序设计与软件工程,0.12671036,0.125908762216568,-0.0008015977834320009,down,0.1304,17.0
2026-Q3,游戏开发工程师,算法与数据结构,0.037426747,0.038749586790800095,0.0013228397908000913,up,0.0217,16.0
2026-Q3,游戏开发工程师,系统测试与质量评估,0.04961918,0.04816168546676636,-0.0014574945332336414,down,0.0652,15.0
2026-Q3,游戏开发工程师,系统部署交付与运维,0.0018123584,0.0017229428049176931,-8.94155950823068e-05,down,0.0,9.0
2026-Q3,游戏开发工程师,终身学习与知识更新,0.04186567,0.043830037117004395,0.001964367117004394,up,0.0435,15.0
2026-Q3,游戏开发工程师,网络安全与数据隐私,1.2974138e-05,2.8466369258239865e-05,1.5492231258239866e-05,up,0.0,3.0
2026-Q3,游戏开发工程师,自我监测与工作复盘,0.0023672269,0.0021564913913607597,-0.0002107355086392402,down,0.0,10.0
2026-Q3,游戏开发工程师,自然语言处理技术,7.4389245e-06,9.142568160314113e-06,1.7036436603141125e-06,up,0.0,1.0
2026-Q3,游戏开发工程师,计算数学与数据建模,0.001010716,0.0010390477254986763,2.8331725498676255e-05,up,0.0,12.0
2026-Q3,游戏开发工程师,计算机硬件与数字电路,0.0007762767,0.0006346546579152346,-0.00014162204208476546,down,0.0,10.0
2026-Q3,游戏开发工程师,计算机网络与通信技术,0.02254997,0.022177306935191154,-0.00037266306480884456,down,0.0217,13.0
2026-Q3,游戏开发工程师,计算机视觉与多模态,0.0015644319,0.001860717311501503,0.0002962854115015031,up,0.0,12.0
2026-Q3,游戏开发工程师,说服与分歧谈判,-1.3499521e-05,-8.296017767861485e-06,5.203503232138514e-06,up,0.0,2.0
2026-Q3,游戏开发工程师,软件架构与系统设计,0.03812532,0.03889451175928116,0.0007691917592811612,up,0.0435,16.0
2026-Q3,游戏开发工程师,需求洞察与服务意识,0.01877026,0.018986796960234642,0.0002165369602346416,up,0.0217,14.0
2026-Q3,游戏服务端开发工程师,AI任务拆解与规划,0.00017332542,0.00019950559362769127,2.618017362769127e-05,up,0.0,3.0
2026-Q3,游戏服务端开发工程师,严谨细致与诚信自律,0.0034905002,0.003925979137420654,0.0004354789374206541,up,0.0,13.0
2026-Q3,游戏服务端开发工程师,书面技术文档撰写,0.008932851,0.009712930768728256,0.0007800797687282559,up,0.0,16.0
2026-Q3,游戏服务端开发工程师,云原生与分布式系统,0.028085994,0.026337996125221252,-0.001747997874778747,down,0.0,15.0
2026-Q3,游戏服务端开发工程师,人机交互与用户体验,0.0010978524,0.0011114873923361301,1.363499233613015e-05,up,0.0,8.0
2026-Q3,游戏服务端开发工程师,信息管理与数字素养,-2.238201e-06,1.8371734768152237e-05,2.0609935768152238e-05,up,0.0,3.0
2026-Q3,游戏服务端开发工程师,创造力与创新思维,0.001366376,0.0013502100482583046,-1.6165951741695496e-05,down,0.0,10.0
2026-Q3,游戏服务端开发工程师,口头技术沟通与汇报,0.034782995,0.039465874433517456,0.004682879433517459,up,0.0,15.0
2026-Q3,游戏服务端开发工程师,团队协作与协调,0.11843179,0.11784293502569199,-0.000588854974308009,down,0.1429,17.0
2026-Q3,游戏服务端开发工程师,图形与交互技术,0.0033456879,0.003482378087937832,0.00013669018793783204,up,0.0,10.0
2026-Q3,游戏服务端开发工程师,多方权衡与方案决策,0.0029305762,0.0035165848676115274,0.0005860086676115275,up,0.0,11.0
2026-Q3,游戏服务端开发工程师,大数据与分布式计算,-7.644994e-07,2.1137879230082035e-05,2.1902378630082035e-05,up,0.0,5.0
2026-Q3,游戏服务端开发工程师,大模型选型与评测,3.9818813e-05,6.039318395778537e-05,2.0574370957785367e-05,up,0.0,1.0
2026-Q3,游戏服务端开发工程师,嵌入式系统与固件开发,3.7892547e-05,4.8840767703950405e-05,1.0948220703950406e-05,up,0.0,3.0
2026-Q3,游戏服务端开发工程师,归纳与演绎推理,6.986724e-05,9.66415973380208e-05,2.6774357338020798e-05,up,0.0,5.0
2026-Q3,游戏服务端开发工程师,批判性逻辑思考,0.030000158,0.03116595186293125,0.0011657938629312525,up,0.0,15.0
2026-Q3,游戏服务端开发工程师,操作系统与系统管理,0.043592095,0.04410356655716896,0.0005114715571689632,up,0.0,15.0
2026-Q3,游戏服务端开发工程师,数据分析与可视化,0.003318369,0.0030664389487355947,-0.0002519300512644051,down,0.0,7.0
2026-Q3,游戏服务端开发工程师,数据管理与数据库,0.03232028,0.031933121383190155,-0.0003871586168098448,down,0.0,16.0
2026-Q3,游戏服务端开发工程师,时间与资源统筹管理,0.011739392,0.012903081253170967,0.0011636892531709676,up,0.0,12.0
2026-Q3,游戏服务端开发工程师,机器学习与深度学习,8.341111e-05,0.00014307431410998106,5.966320410998106e-05,up,0.0,6.0
2026-Q3,游戏服务端开发工程师,环境适应与压力耐受,0.01973657,0.01874748058617115,-0.0009890894138288482,down,0.0,14.0
2026-Q3,游戏服务端开发工程师,生成式AI原理与应用,3.9818813e-05,6.969197420403361e-05,2.9873161204033612e-05,up,0.0,1.0
2026-Q3,游戏服务端开发工程师,生成式AI应用开发,3.9818813e-05,5.3225550800561905e-05,1.3406737800561904e-05,up,0.0,1.0
2026-Q3,游戏服务端开发工程师,目标导向与攻坚韧性,0.051525433,0.054283298552036285,0.002757865552036283,up,0.1429,16.0
2026-Q3,游戏服务端开发工程师,程序设计与软件工程,0.12269165,0.12235824018716812,-0.000333409812831878,down,0.1429,17.0
2026-Q3,游戏服务端开发工程师,算法与数据结构,0.09989345,0.09585060179233551,-0.0040428482076644845,down,0.1429,16.0
2026-Q3,游戏服务端开发工程师,系统测试与质量评估,0.06023462,0.060376640409231186,0.0001420204092311833,up,0.1429,17.0
2026-Q3,游戏服务端开发工程师,系统部署交付与运维,0.03645405,0.037345923483371735,0.0008918734833717329,up,0.0,16.0
2026-Q3,游戏服务端开发工程师,终身学习与知识更新,0.018093232,0.020274482667446136,0.0021812506674461357,up,0.0,15.0
2026-Q3,游戏服务端开发工程师,网络安全与数据隐私,0.031960115,0.03159889578819275,-0.00036121921180724825,down,0.1429,13.0
2026-Q3,游戏服务端开发工程师,自我监测与工作复盘,0.0013002465,0.0014171414077281952,0.00011689490772819511,up,0.0,10.0
2026-Q3,游戏服务端开发工程师,计算数学与数据建模,0.00013557449,0.00017132703214883804,3.5752542148838036e-05,up,0.0,6.0
2026-Q3,游戏服务端开发工程师,计算机硬件与数字电路,2.979365e-05,4.091655137017369e-05,1.1122901370173694e-05,up,0.0,5.0
2026-Q3,游戏服务端开发工程师,计算机网络与通信技术,0.047064804,0.04497769847512245,-0.00208710552487755,down,0.0,16.0
2026-Q3,游戏服务端开发工程师,说服与分歧谈判,3.5322446e-06,4.374160198494792e-06,8.419155984947922e-07,up,0.0,2.0
2026-Q3,游戏服务端开发工程师,软件架构与系统设计,0.11079244,0.10918673872947693,-0.0016057012705230772,down,0.1429,17.0
2026-Q3,游戏服务端开发工程师,需求洞察与服务意识,0.006562951,0.007220358122140169,0.0006574071221401691,up,0.0,12.0
2026-Q3,游戏测试,AI任务拆解与规划,8.568168e-05,8.99038277566433e-05,4.222147756643293e-06,up,0.0076,3.0
2026-Q3,游戏测试,AI幻觉识别与校验,7.155002e-06,1.2911768862977624e-05,5.756766862977624e-06,up,0.0,1.0
2026-Q3,游戏测试,AI输出质量评估,-3.216439e-06,2.8386712074279785e-06,6.055110207427979e-06,up,0.0,6.0
2026-Q3,游戏测试,严谨细致与诚信自律,0.0889887,0.08894705772399902,-4.164227600098047e-05,down,0.0909,17.0
2026-Q3,游戏测试,书面技术文档撰写,0.06478289,0.06460434198379517,-0.00017854801620482974,down,0.0682,16.0
2026-Q3,游戏测试,云原生与分布式系统,0.0001593096,0.00014012260362505913,-1.9186996374940862e-05,down,0.0,4.0
2026-Q3,游戏测试,人机交互与用户体验,0.040077984,0.038661740720272064,-0.0014162432797279328,down,0.0758,15.0
2026-Q3,游戏测试,信息管理与数字素养,0.01618816,0.016812438145279884,0.0006242781452798843,up,0.0152,17.0
2026-Q3,游戏测试,创造力与创新思维,0.009781692,0.010058082640171051,0.0002763906401710512,up,0.0076,16.0
2026-Q3,游戏测试,口头技术沟通与汇报,0.09861677,0.09926509112119675,0.0006483211211967405,up,0.0909,17.0
2026-Q3,游戏测试,团队协作与协调,0.10884758,0.10885690152645111,9.321526451111506e-06,up,0.1061,17.0
2026-Q3,游戏测试,图形与交互技术,0.00692074,0.00699401181191206,7.32718119120599e-05,up,0.0076,14.0
2026-Q3,游戏测试,多方权衡与方案决策,0.002928353,0.00397359486669302,0.00104524186669302,up,0.0,14.0
2026-Q3,游戏测试,嵌入式系统与固件开发,5.1385723e-06,2.0547653548419476e-05,1.5409081248419475e-05,up,0.0,5.0
2026-Q3,游戏测试,归纳与演绎推理,0.00042648474,0.0004420550540089607,1.557031400896072e-05,up,0.0,10.0
2026-Q3,游戏测试,批判性逻辑思考,0.07574973,0.07632791250944138,0.0005781825094413745,up,0.0758,17.0
2026-Q3,游戏测试,操作系统与系统管理,0.013165119,0.013231768272817135,6.664927281713542e-05,up,0.0152,14.0
2026-Q3,游戏测试,数据分析与可视化,0.013280297,0.013538729399442673,0.0002584323994426728,up,0.0152,15.0
2026-Q3,游戏测试,数据管理与数据库,0.016002651,0.01650075614452362,0.0004981051445236209,up,0.0227,15.0
2026-Q3,游戏测试,时间与资源统筹管理,0.013554349,0.012929859571158886,-0.0006244894288411143,down,0.0076,16.0
2026-Q3,游戏测试,机器学习与深度学习,4.5251683e-05,5.954585503786802e-05,1.4294172037868024e-05,up,0.0,3.0
2026-Q3,游戏测试,环境适应与压力耐受,0.05914039,0.058724839240312576,-0.0004155507596874247,down,0.0682,17.0
2026-Q3,游戏测试,生成式AI应用开发,1.7658094e-06,5.305613740347326e-06,3.539804340347326e-06,up,0.0,1.0
2026-Q3,游戏测试,目标导向与攻坚韧性,0.05120219,0.05101617053151131,-0.00018601946848869483,down,0.053,17.0
2026-Q3,游戏测试,程序设计与软件工程,0.029057037,0.02935680001974106,0.0002997630197410575,up,0.0303,15.0
2026-Q3,游戏测试,算法与数据结构,8.788798e-05,0.00016590673476457596,7.801875476457596e-05,up,0.0,8.0
2026-Q3,游戏测试,系统测试与质量评估,0.13174292,0.13116636872291565,-0.0005765512770843639,down,0.1288,17.0
2026-Q3,游戏测试,系统部署交付与运维,0.0035770605,0.003400263376533985,-0.000176797123466015,down,0.0,11.0
2026-Q3,游戏测试,终身学习与知识更新,0.061516635,0.06155436858534813,3.7733585348129206e-05,up,0.0682,17.0
2026-Q3,游戏测试,网络安全与数据隐私,0.012928019,0.01341218501329422,0.0004841660132942193,up,0.0152,13.0
2026-Q3,游戏测试,自我监测与工作复盘,0.008108472,0.00842212326824665,0.00031365126824665045,up,0.0076,15.0
2026-Q3,游戏测试,自然语言处理技术,5.8680453e-06,6.021087756380439e-06,1.5304245638043883e-07,up,0.0,1.0
2026-Q3,游戏测试,计算数学与数据建模,0.00019965641,0.00011059542885050178,-8.906098114949823e-05,down,0.0076,2.0
2026-Q3,游戏测试,计算机硬件与数字电路,0.0003665106,0.00040807644836604595,4.156584836604595e-05,up,0.0,8.0
2026-Q3,游戏测试,计算机网络与通信技术,0.011274411,0.011198892258107662,-7.551874189233761e-05,down,0.0152,14.0
2026-Q3,游戏测试,计算机视觉与多模态,1.9803061e-05,5.7029421441257e-05,3.7226360441257e-05,up,0.0,4.0
2026-Q3,游戏测试,说服与分歧谈判,6.6065e-05,0.00014166859909892082,7.560359909892082e-05,up,0.0,6.0
2026-Q3,游戏测试,软件架构与系统设计,2.5363523e-05,3.8065481930971146e-05,1.2701958930971144e-05,up,0.0,5.0
2026-Q3,游戏测试,需求洞察与服务意识,0.003557819,0.0046126386150717735,0.0010548196150717737,up,0.0,13.0
2026-Q3,爬虫工程师,AI任务拆解与规划,0.0001267863,0.000136936258058995,1.0149958058994999e-05,up,0.0,6.0
2026-Q3,爬虫工程师,AI安全与风险防控,6.47218e-05,5.490350304171443e-05,-9.818296958285564e-06,down,0.0,5.0
2026-Q3,爬虫工程师,AI幻觉识别与校验,-5.479029e-06,5.198526196181774e-07,5.998881619618177e-06,up,0.0,3.0
2026-Q3,爬虫工程师,AI智能体构建与编排,1.9278144e-05,3.481475869193673e-05,1.553661469193673e-05,up,0.0,5.0
2026-Q3,爬虫工程师,AI输出质量评估,-1.5792175e-05,-1.2755976058542728e-05,3.036198941457271e-06,up,0.0,2.0
2026-Q3,爬虫工程师,RAG与向量数据库,0.001332154,0.0014690040843561292,0.00013685008435612906,up,0.0069,5.0
2026-Q3,爬虫工程师,严谨细致与诚信自律,0.02887202,0.029385874047875404,0.0005138540478754026,up,0.0345,15.0
2026-Q3,爬虫工程师,书面技术文档撰写,0.017166352,0.017152633517980576,-1.3718482019423744e-05,down,0.0207,16.0
2026-Q3,爬虫工程师,云原生与分布式系统,0.031566907,0.03129870817065239,-0.0002681988293476087,down,0.0276,16.0
2026-Q3,爬虫工程师,人机交互与用户体验,0.0015799366,0.0016917578177526593,0.00011182121775265923,up,0.0,10.0
2026-Q3,爬虫工程师,人机语义对齐与协同,3.166293e-06,5.990557838231325e-06,2.824264838231325e-06,up,0.0,1.0
2026-Q3,爬虫工程师,信息管理与数字素养,0.0013138964,0.0013790676603093743,6.517126030937425e-05,up,0.0,10.0
2026-Q3,爬虫工程师,创造力与创新思维,0.005247203,0.005228262394666672,-1.894060533332801e-05,down,0.0069,13.0
2026-Q3,爬虫工程师,口头技术沟通与汇报,0.02661274,0.028611963614821434,0.0019992236148214347,up,0.0276,16.0
2026-Q3,爬虫工程师,团队协作与协调,0.04914359,0.0493268147110939,0.0001832247110939017,up,0.0483,16.0
2026-Q3,爬虫工程师,图形与交互技术,0.00018237799,0.0001979726366698742,1.5594646669874184e-05,up,0.0069,5.0
2026-Q3,爬虫工程师,多方权衡与方案决策,0.0051570437,0.0056943874806165695,0.0005373437806165697,up,0.0207,14.0
2026-Q3,爬虫工程师,大数据与分布式计算,0.028280567,0.028460007160902023,0.0001794401609020238,up,0.0207,16.0
2026-Q3,爬虫工程师,大模型开发与微调,0.0038317924,0.0034712243359535933,-0.00036056806404640655,down,0.0069,4.0
2026-Q3,爬虫工程师,大模型选型与评测,-1.9087514e-05,8.57317354530096e-06,2.7660687545300962e-05,up,0.0,3.0
2026-Q3,爬虫工程师,嵌入式系统与固件开发,0.0007087779,0.000859859399497509,0.00015108149949750896,up,0.0,10.0
2026-Q3,爬虫工程师,归纳与演绎推理,0.004224708,0.004511814098805189,0.00028710609880518937,up,0.0069,11.0
2026-Q3,爬虫工程师,批判性逻辑思考,0.03943368,0.04085550457239151,0.0014218245723915113,up,0.0483,17.0
2026-Q3,爬虫工程师,提示设计与提示工程,5.087565e-05,4.8552523367106915e-05,-2.323126632893087e-06,down,0.0,4.0
2026-Q3,爬虫工程师,操作系统与系统管理,0.018558893,0.018259413540363312,-0.00029947945963668815,down,0.0138,16.0
2026-Q3,爬虫工程师,数据分析与可视化,0.048343144,0.048276692628860474,-6.645137113952398e-05,down,0.0483,17.0
2026-Q3,爬虫工程师,数据管理与数据库,0.065786876,0.06396188586950302,-0.001824990130496973,down,0.0483,17.0
2026-Q3,爬虫工程师,时间与资源统筹管理,0.01454565,0.014836895279586315,0.0002912452795863149,up,0.0276,14.0
2026-Q3,爬虫工程师,机器学习与深度学习,0.014588206,0.014654560945928097,6.635494592809738e-05,up,0.0276,16.0
2026-Q3,爬虫工程师,环境适应与压力耐受,0.018316349,0.018327319994568825,1.0970994568825637e-05,up,0.0345,16.0
2026-Q3,爬虫工程师,生成式AI原理与应用,0.008865009,0.009805708192288876,0.0009406991922888755,up,0.0138,6.0
2026-Q3,爬虫工程师,生成式AI应用开发,0.009020803,0.00905021745711565,2.941445711564933e-05,up,0.0207,9.0
2026-Q3,爬虫工程师,目标导向与攻坚韧性,0.027815096,0.02811889350414276,0.00030379750414276027,up,0.0414,15.0
2026-Q3,爬虫工程师,程序设计与软件工程,0.10512762,0.10465776175260544,-0.0004698582473945667,down,0.0966,17.0
2026-Q3,爬虫工程师,算法与数据结构,0.02448317,0.026493201032280922,0.0020100310322809234,up,0.0207,16.0
2026-Q3,爬虫工程师,系统测试与质量评估,0.015949208,0.01596565917134285,1.645117134285029e-05,up,0.0276,16.0
2026-Q3,爬虫工程师,系统部署交付与运维,0.028655794,0.02855519950389862,-0.00010059449610137772,down,0.0276,17.0
2026-Q3,爬虫工程师,终身学习与知识更新,0.040832598,0.040904298424720764,7.170042472076643e-05,up,0.0621,17.0
2026-Q3,爬虫工程师,网络安全与数据隐私,0.061404508,0.06282705813646317,0.0014225501364631687,up,0.0483,17.0
2026-Q3,爬虫工程师,自我监测与工作复盘,0.0004990308,0.0005632974207401276,6.426662074012759e-05,up,0.0,12.0
2026-Q3,爬虫工程师,自然语言处理技术,0.016910803,0.016692698001861572,-0.0002181049981384263,down,0.0207,16.0
2026-Q3,爬虫工程师,计算数学与数据建模,0.0003113721,0.0003971399273723364,8.576782737233638e-05,up,0.0,12.0
2026-Q3,爬虫工程师,计算机硬件与数字电路,0.0093702115,0.00896424800157547,-0.0004059634984245296,down,0.0138,11.0
2026-Q3,爬虫工程师,计算机网络与通信技术,0.058540076,0.05849352106451988,-4.6554935480121185e-05,down,0.0552,17.0
2026-Q3,爬虫工程师,计算机视觉与多模态,0.012389032,0.012229318730533123,-0.00015971326946687646,down,0.0069,15.0
2026-Q3,爬虫工程师,说服与分歧谈判,1.6614038e-05,2.0947365555912256e-05,4.333327555912255e-06,up,0.0,4.0
2026-Q3,爬虫工程师,负责任AI与可解释性,3.1106465e-06,1.0883333743549883e-05,7.772687243549882e-06,up,0.0,2.0
2026-Q3,爬虫工程师,软件架构与系统设计,0.039902784,0.0411335751414299,0.0012307911414299044,up,0.0276,17.0
2026-Q3,爬虫工程师,需求洞察与服务意识,0.023070205,0.022751128301024437,-0.00031907669897556293,down,0.0345,16.0
2026-Q3,用户产品经理,AI任务拆解与规划,0.012916848,0.01279514841735363,-0.0001216995826463698,down,0.0,10.0
2026-Q3,用户产品经理,AI智能体构建与编排,-9.964395e-06,1.5591620467603207e-05,2.555601546760321e-05,up,0.0,1.0
2026-Q3,用户产品经理,严谨细致与诚信自律,0.0035601296,0.00395547691732645,0.00039534731732645016,up,0.0,10.0
2026-Q3,用户产品经理,书面技术文档撰写,0.003224589,0.003885967656970024,0.0006613786569700242,up,0.0,13.0
2026-Q3,用户产品经理,云原生与分布式系统,8.963782e-05,0.00012032699305564165,3.068917305564165e-05,up,0.0,2.0
2026-Q3,用户产品经理,人机交互与用户体验,0.04547198,0.046682439744472504,0.0012104597444725015,up,0.0,12.0
2026-Q3,用户产品经理,信息管理与数字素养,0.00044922018,0.0005950629711151123,0.0001458427911151123,up,0.0,5.0
2026-Q3,用户产品经理,创造力与创新思维,0.021317584,0.022142494097352028,0.0008249100973520274,up,0.0,11.0
2026-Q3,用户产品经理,口头技术沟通与汇报,0.0011667088,0.0021530166268348694,0.0009863078268348693,up,0.0,13.0
2026-Q3,用户产品经理,团队协作与协调,0.010658495,0.013361558318138123,0.002703063318138122,up,0.0,14.0
2026-Q3,用户产品经理,图形与交互技术,-2.1399319e-05,-1.2772303307428956e-05,8.627015692571043e-06,up,0.0,1.0
2026-Q3,用户产品经理,多方权衡与方案决策,0.017589526,0.01838366501033306,0.0007941390103330601,up,0.0,11.0
2026-Q3,用户产品经理,大数据与分布式计算,6.754731e-05,7.64802098274231e-05,8.932899827423092e-06,up,0.0,4.0
2026-Q3,用户产品经理,大模型选型与评测,8.0561265e-05,0.00015636952593922615,7.580826093922615e-05,up,0.0,1.0
2026-Q3,用户产品经理,嵌入式系统与固件开发,-9.964395e-06,2.0273844711482525e-05,3.0238239711482527e-05,up,0.0,1.0
2026-Q3,用户产品经理,归纳与演绎推理,0.0016114246,0.0018443530425429344,0.00023292844254293446,up,0.0,9.0
2026-Q3,用户产品经理,批判性逻辑思考,0.0021070205,0.0031671561300754547,0.0010601356300754547,up,0.0,13.0
2026-Q3,用户产品经理,数据分析与可视化,0.029303,0.03377315029501915,0.004470150295019151,up,0.0,14.0
2026-Q3,用户产品经理,数据管理与数据库,2.8219074e-07,7.986510172486305e-05,7.958291098486305e-05,up,0.0,4.0
2026-Q3,用户产品经理,时间与资源统筹管理,0.004095085,0.004820812493562698,0.0007257274935626983,up,0.0,11.0
2026-Q3,用户产品经理,机器学习与深度学习,0.00011032121,0.00023147417232394218,0.00012115296232394218,up,0.0,4.0
2026-Q3,用户产品经理,环境适应与压力耐受,0.006398022,0.00590866431593895,-0.0004893576840610502,down,0.0,11.0
2026-Q3,用户产品经理,生成式AI原理与应用,0.000344221,0.00039698509499430656,5.276409499430654e-05,up,0.0,5.0
2026-Q3,用户产品经理,目标导向与攻坚韧性,0.03290353,0.03553546592593193,0.0026319359259319303,up,0.0,14.0
2026-Q3,用户产品经理,程序设计与软件工程,3.8648024e-05,7.088971324265003e-05,3.224168924265003e-05,up,0.0,5.0
2026-Q3,用户产品经理,系统测试与质量评估,1.1145312e-05,2.7764937840402126e-05,1.6619625840402127e-05,up,0.0,1.0
2026-Q3,用户产品经理,终身学习与知识更新,0.00985397,0.012673750519752502,0.0028197805197525024,up,0.0,11.0
2026-Q3,用户产品经理,自我监测与工作复盘,0.00011308584,0.00018422771245241165,7.114187245241165e-05,up,0.0,6.0
2026-Q3,用户产品经理,自然语言处理技术,6.7711575e-05,7.788208313286304e-05,1.017050813286305e-05,up,0.0,4.0
2026-Q3,用户产品经理,计算数学与数据建模,0.0002656302,0.00027989945374429226,1.4269253744292256e-05,up,0.0,3.0
2026-Q3,用户产品经理,计算机网络与通信技术,0.00081534893,0.0010659289546310902,0.00025058002463109017,up,0.0,5.0
2026-Q3,用户产品经理,计算机视觉与多模态,2.9682415e-06,6.620495696552098e-06,3.652254196552098e-06,up,0.0,1.0
2026-Q3,用户产品经理,说服与分歧谈判,0.00011955126,0.000116548384539783,-3.002875460216998e-06,down,0.0,1.0
2026-Q3,用户产品经理,软件架构与系统设计,0.00018012174,0.00023820926435291767,5.808752435291768e-05,up,0.0,3.0
2026-Q3,用户产品经理,需求洞察与服务意识,0.03873448,0.040027812123298645,0.0012933321232986433,up,0.0,13.0
2026-Q3,用户体验(UE/UX)设计师,AI任务拆解与规划,0.0009484086,0.0008532742504030466,-9.513434959695336e-05,down,0.0,11.0
2026-Q3,用户体验(UE/UX)设计师,AI智能体构建与编排,-9.595315e-07,1.5014229575172067e-06,2.460954457517207e-06,up,0.0,1.0
2026-Q3,用户体验(UE/UX)设计师,AI输出质量评估,4.4860644e-05,4.870130214840174e-05,3.840658148401735e-06,up,0.0,7.0
2026-Q3,用户体验(UE/UX)设计师,严谨细致与诚信自律,0.0236052,0.024110915139317513,0.0005057151393175127,up,0.0263,17.0
2026-Q3,用户体验(UE/UX)设计师,书面技术文档撰写,0.042156152,0.04221225529909134,5.610329909133682e-05,up,0.0421,17.0
2026-Q3,用户体验(UE/UX)设计师,云原生与分布式系统,0.00127257,0.0011880669044330716,-8.450309556692838e-05,down,0.0,10.0
2026-Q3,用户体验(UE/UX)设计师,人机交互与用户体验,0.12842758,0.1279953271150589,-0.00043225288494111447,down,0.1211,17.0
2026-Q3,用户体验(UE/UX)设计师,人机语义对齐与协同,5.6779594e-05,6.140343612059951e-05,4.6238421205995104e-06,up,0.0053,2.0
2026-Q3,用户体验(UE/UX)设计师,信息管理与数字素养,0.0056541157,0.005903784651309252,0.0002496689513092516,up,0.0053,13.0
2026-Q3,用户体验(UE/UX)设计师,创造力与创新思维,0.067075506,0.06582008302211761,-0.0012554229778823783,down,0.0579,17.0
2026-Q3,用户体验(UE/UX)设计师,口头技术沟通与汇报,0.095234446,0.09515966475009918,-7.478124990081825e-05,down,0.0947,17.0
2026-Q3,用户体验(UE/UX)设计师,团队协作与协调,0.11024925,0.1108979880809784,0.0006487380809784005,up,0.1211,17.0
2026-Q3,用户体验(UE/UX)设计师,图形与交互技术,0.037711244,0.03789251670241356,0.00018127270241356103,up,0.0421,17.0
2026-Q3,用户体验(UE/UX)设计师,多方权衡与方案决策,0.01698056,0.017172880470752716,0.00019232047075271735,up,0.0211,16.0
2026-Q3,用户体验(UE/UX)设计师,大数据与分布式计算,0.00013194577,9.540445171296597e-05,-3.654131828703403e-05,down,0.0,5.0
2026-Q3,用户体验(UE/UX)设计师,嵌入式系统与固件开发,0.001829505,0.0018722140230238438,4.270902302384383e-05,up,0.0105,6.0
2026-Q3,用户体验(UE/UX)设计师,归纳与演绎推理,0.003921825,0.003871928434818983,-4.989656518101723e-05,down,0.0,15.0
2026-Q3,用户体验(UE/UX)设计师,批判性逻辑思考,0.06111358,0.06175170838832855,0.0006381283883285516,up,0.0632,17.0
2026-Q3,用户体验(UE/UX)设计师,提示设计与提示工程,0.002479817,0.0024505783803761005,-2.9238619623899505e-05,down,0.0053,6.0
2026-Q3,用户体验(UE/UX)设计师,操作系统与系统管理,-3.1316013e-06,-1.25466613098979e-07,3.006134686901021e-06,up,0.0,3.0
2026-Q3,用户体验(UE/UX)设计师,数据分析与可视化,0.044778574,0.04456973820924759,-0.00020883579075241243,down,0.0421,17.0
2026-Q3,用户体验(UE/UX)设计师,数据管理与数据库,9.815057e-05,0.00013210554607212543,3.3954976072125435e-05,up,0.0,4.0
2026-Q3,用户体验(UE/UX)设计师,时间与资源统筹管理,0.014478365,0.014540860429406166,6.249542940616609e-05,up,0.0053,16.0
2026-Q3,用户体验(UE/UX)设计师,机器学习与深度学习,0.00019412872,0.0002488321624696255,5.470344246962547e-05,up,0.0,9.0
2026-Q3,用户体验(UE/UX)设计师,环境适应与压力耐受,0.023184825,0.02245495095849037,-0.0007298740415096275,down,0.0053,16.0
2026-Q3,用户体验(UE/UX)设计师,生成式AI原理与应用,0.020921446,0.02066291868686676,-0.00025852731313323954,down,0.0211,11.0
2026-Q3,用户体验(UE/UX)设计师,生成式AI应用开发,0.023841072,0.026336731389164925,0.0024956593891649233,up,0.0263,5.0
2026-Q3,用户体验(UE/UX)设计师,目标导向与攻坚韧性,0.03524422,0.03498263657093048,-0.00026158342906951876,down,0.0368,17.0
2026-Q3,用户体验(UE/UX)设计师,程序设计与软件工程,0.038185194,0.037599608302116394,-0.0005855856978836047,down,0.0421,17.0
2026-Q3,用户体验(UE/UX)设计师,算法与数据结构,0.0004329589,0.00019819664885289967,-0.0002347622511471003,down,0.0,4.0
2026-Q3,用户体验(UE/UX)设计师,系统测试与质量评估,0.02416204,0.023730386048555374,-0.00043165395144462507,down,0.0263,15.0
2026-Q3,用户体验(UE/UX)设计师,系统部署交付与运维,5.1090174e-06,6.982460035942495e-06,1.8734426359424947e-06,up,0.0,1.0
2026-Q3,用户体验(UE/UX)设计师,终身学习与知识更新,0.053766508,0.05373984947800636,-2.6658521993634665e-05,down,0.0526,17.0
2026-Q3,用户体验(UE/UX)设计师,网络安全与数据隐私,2.6406124e-06,3.231187292840332e-06,5.90574892840332e-07,up,0.0,1.0
2026-Q3,用户体验(UE/UX)设计师,自我监测与工作复盘,0.013419983,0.01353641040623188,0.00011642740623188028,up,0.0158,16.0
2026-Q3,用户体验(UE/UX)设计师,自然语言处理技术,9.0943184e-05,9.095936547964811e-05,1.6181479648116784e-08,up,0.0,6.0
2026-Q3,用户体验(UE/UX)设计师,计算数学与数据建模,-1.9281637e-05,-3.297638613730669e-06,1.598399838626933e-05,up,0.0,4.0
2026-Q3,用户体验(UE/UX)设计师,计算机硬件与数字电路,0.0005830898,0.000578357488848269,-4.73231115173103e-06,down,0.0,8.0
2026-Q3,用户体验(UE/UX)设计师,计算机网络与通信技术,0.00051405205,0.0002474116627126932,-0.0002666403872873068,down,0.0105,4.0
2026-Q3,用户体验(UE/UX)设计师,计算机视觉与多模态,0.001405421,0.0014454415068030357,4.002050680303572e-05,up,0.0,9.0
2026-Q3,用户体验(UE/UX)设计师,说服与分歧谈判,0.009561321,0.009573477320373058,1.2156320373058957e-05,up,0.0211,13.0
2026-Q3,用户体验(UE/UX)设计师,负责任AI与可解释性,0.012845863,0.012795746326446533,-5.0116673553467564e-05,down,0.0105,2.0
2026-Q3,用户体验(UE/UX)设计师,软件架构与系统设计,0.002950835,0.0030647702515125275,0.00011393525151252729,up,0.0,12.0
2026-Q3,用户体验(UE/UX)设计师,需求洞察与服务意识,0.08986872,0.08988171815872192,1.2998158721924669e-05,up,0.0684,17.0
2026-Q3,用户研究,AI任务拆解与规划,0.00083537865,0.0009970925748348236,0.0001617139248348236,up,0.0,10.0
2026-Q3,用户研究,AI智能体构建与编排,2.7156668e-05,5.2749819587916136e-05,2.5593151587916136e-05,up,0.0,1.0
2026-Q3,用户研究,AI输出质量评估,3.1291507e-05,3.869342617690563e-05,7.401919176905629e-06,up,0.0,4.0
2026-Q3,用户研究,严谨细致与诚信自律,0.031201735,0.031209994107484818,8.25910748481623e-06,up,0.05,14.0
2026-Q3,用户研究,书面技术文档撰写,0.057398304,0.05723348632454872,-0.0001648176754512759,down,0.05,15.0
2026-Q3,用户研究,云原生与分布式系统,-3.402427e-06,1.457956386730075e-07,3.5482226386730074e-06,up,0.0,1.0
2026-Q3,用户研究,人机交互与用户体验,0.07102704,0.07031092047691345,-0.0007161195230865475,down,0.05,17.0
2026-Q3,用户研究,信息管理与数字素养,0.01671468,0.018291953951120377,0.0015772739511203775,up,0.025,15.0
2026-Q3,用户研究,创造力与创新思维,0.06313259,0.06380026042461395,0.0006676704246139503,up,0.075,16.0
2026-Q3,用户研究,口头技术沟通与汇报,0.085803956,0.08593172580003738,0.00012776980003738336,up,0.075,17.0
2026-Q3,用户研究,团队协作与协调,0.1031096,0.10383673012256622,0.0007271301225662274,up,0.125,17.0
2026-Q3,用户研究,图形与交互技术,0.0011359104,0.0011147824116051197,-2.112798839488039e-05,down,0.0,6.0
2026-Q3,用户研究,多方权衡与方案决策,0.039563123,0.04076145589351654,0.0011983328935165419,up,0.05,16.0
2026-Q3,用户研究,大数据与分布式计算,4.8330985e-06,4.787696525454521e-06,-4.54019745454784e-08,down,0.0,3.0
2026-Q3,用户研究,嵌入式系统与固件开发,0.00012341375,0.00022615119814872742,0.00010273744814872743,up,0.0,4.0
2026-Q3,用户研究,归纳与演绎推理,0.016102634,0.016979189589619637,0.0008765555896196355,up,0.025,13.0
2026-Q3,用户研究,批判性逻辑思考,0.07044308,0.06996075063943863,-0.000482329360561376,down,0.075,16.0
2026-Q3,用户研究,数据分析与可视化,0.096146375,0.09543079137802124,-0.0007155836219787659,down,0.1,15.0
2026-Q3,用户研究,数据管理与数据库,0.0038968995,0.004238033667206764,0.0003411341672067644,up,0.025,9.0
2026-Q3,用户研究,时间与资源统筹管理,0.024420246,0.025651246309280396,0.0012310003092803959,up,0.025,14.0
2026-Q3,用户研究,机器学习与深度学习,0.0011495296,0.0014760568737983704,0.00032652727379837033,up,0.0,8.0
2026-Q3,用户研究,环境适应与压力耐受,0.027690211,0.02777872048318386,8.850948318386148e-05,up,0.05,14.0
2026-Q3,用户研究,生成式AI原理与应用,5.572656e-06,1.7138198018074036e-05,1.1565542018074036e-05,up,0.0,1.0
2026-Q3,用户研究,生成式AI应用开发,5.572685e-06,1.0440358892083168e-05,4.867673892083168e-06,up,0.0,1.0
2026-Q3,用户研究,目标导向与攻坚韧性,0.046569157,0.04628605395555496,-0.00028310304444503775,down,0.05,17.0
2026-Q3,用户研究,程序设计与软件工程,0.0011956315,0.0011314810253679752,-6.415047463202467e-05,down,0.0,8.0
2026-Q3,用户研究,系统测试与质量评估,0.009177115,0.006941695231944323,-0.002235419768055677,down,0.0,9.0
2026-Q3,用户研究,终身学习与知识更新,0.038809933,0.039810601621866226,0.0010006686218662283,up,0.025,15.0
2026-Q3,用户研究,网络安全与数据隐私,-2.401357e-06,3.3984542824327946e-06,5.799811282432794e-06,up,0.0,2.0
2026-Q3,用户研究,自我监测与工作复盘,0.008434458,0.008126918226480484,-0.00030753977351951657,down,0.0,10.0
2026-Q3,用户研究,自然语言处理技术,2.6838155e-05,1.3847136870026588e-05,-1.2991018129973412e-05,down,0.0,5.0
2026-Q3,用户研究,计算数学与数据建模,0.003481715,0.00412614643573761,0.00064443143573761,up,0.0,10.0
2026-Q3,用户研究,计算机硬件与数字电路,0.00016546668,0.00022423220798373222,5.876552798373221e-05,up,0.0,6.0
2026-Q3,用户研究,计算机视觉与多模态,0.0012682434,0.0014394409954547882,0.00017119759545478823,up,0.0,6.0
2026-Q3,用户研究,说服与分歧谈判,0.0053608683,0.004849721677601337,-0.0005111466223986626,down,0.0,10.0
2026-Q3,用户研究,软件架构与系统设计,0.0017164461,0.0020012948662042618,0.0002848487662042618,up,0.0,8.0
2026-Q3,用户研究,需求洞察与服务意识,0.10546779,0.10466263443231583,-0.0008051555676841793,down,0.125,16.0
2026-Q3,电商产品经理,AI任务拆解与规划,0.004316489,0.004533028695732355,0.00021653969573235538,up,0.0081,13.0
2026-Q3,电商产品经理,AI安全与风险防控,2.1530723e-06,4.525849362835288e-06,2.372777062835288e-06,up,0.0,1.0
2026-Q3,电商产品经理,AI智能体构建与编排,3.0201045e-06,1.0063231457024813e-05,7.043126957024813e-06,up,0.0,2.0
2026-Q3,电商产品经理,AI输出质量评估,1.3173267e-05,2.633576514199376e-05,1.3162498141993762e-05,up,0.0,2.0
2026-Q3,电商产品经理,RAG与向量数据库,3.5365054e-05,4.3690408347174525e-05,8.325354347174527e-06,up,0.0,1.0
2026-Q3,电商产品经理,严谨细致与诚信自律,0.024582632,0.023702308535575867,-0.0008803234644241334,down,0.0,15.0
2026-Q3,电商产品经理,书面技术文档撰写,0.044085562,0.04475143179297447,0.0006658697929744703,up,0.0407,16.0
2026-Q3,电商产品经理,云原生与分布式系统,0.005205591,0.0064706336706876755,0.0012650426706876756,up,0.0163,6.0
2026-Q3,电商产品经理,人机交互与用户体验,0.05002791,0.04709918797016144,-0.002928722029838564,down,0.0813,16.0
2026-Q3,电商产品经理,信息管理与数字素养,0.0268003,0.02717987447977066,0.0003795744797706613,up,0.0081,16.0
2026-Q3,电商产品经理,创造力与创新思维,0.05841374,0.05847516283392906,6.142283392906317e-05,up,0.0488,16.0
2026-Q3,电商产品经理,口头技术沟通与汇报,0.073399976,0.0743790939450264,0.000979117945026392,up,0.0732,16.0
2026-Q3,电商产品经理,团队协作与协调,0.10209499,0.10130259394645691,-0.0007923960535430874,down,0.1057,16.0
2026-Q3,电商产品经理,图形与交互技术,0.00016371388,0.00017755391309037805,1.3840033090378056e-05,up,0.0,7.0
2026-Q3,电商产品经理,多方权衡与方案决策,0.06983251,0.06960506737232208,-0.0002274426276779179,down,0.065,16.0
2026-Q3,电商产品经理,大数据与分布式计算,-1.9090949e-06,1.0149262379854918e-05,1.2058357279854917e-05,up,0.0,2.0
2026-Q3,电商产品经理,嵌入式系统与固件开发,3.508292e-05,5.0723785534501076e-05,1.564086553450108e-05,up,0.0,3.0
2026-Q3,电商产品经理,归纳与演绎推理,0.010661518,0.011660363525152206,0.0009988455251522064,up,0.0,13.0
2026-Q3,电商产品经理,批判性逻辑思考,0.07658618,0.07740253210067749,0.0008163521006774865,up,0.0732,16.0
2026-Q3,电商产品经理,提示设计与提示工程,0.0058838003,0.006181689444929361,0.000297889144929361,up,0.0081,3.0
2026-Q3,电商产品经理,数据分析与可视化,0.084504746,0.08427637070417404,-0.00022837529582596383,down,0.1138,16.0
2026-Q3,电商产品经理,数据管理与数据库,0.005802341,0.0060190255753695965,0.00021668457536959656,up,0.0081,14.0
2026-Q3,电商产品经理,时间与资源统筹管理,0.07070487,0.07101085782051086,0.00030598782051086126,up,0.0813,16.0
2026-Q3,电商产品经理,机器学习与深度学习,3.5365054e-05,3.679926157929003e-05,1.4342075792900336e-06,up,0.0,1.0
2026-Q3,电商产品经理,环境适应与压力耐受,0.038566753,0.03684057295322418,-0.00172618004677582,down,0.0325,16.0
2026-Q3,电商产品经理,生成式AI原理与应用,0.0023192863,0.002051929710432887,-0.00026735658956711286,down,0.0081,1.0
2026-Q3,电商产品经理,生成式AI应用开发,8.612318e-06,1.613513450138271e-05,7.522816501382709e-06,up,0.0,1.0
2026-Q3,电商产品经理,目标导向与攻坚韧性,0.047999453,0.04716646671295166,-0.0008329862870483373,down,0.0244,16.0
2026-Q3,电商产品经理,程序设计与软件工程,0.010437919,0.010402819141745567,-3.509985825443304e-05,down,0.0081,16.0
2026-Q3,电商产品经理,算法与数据结构,8.9947207e-07,1.626587618375197e-06,7.27115548375197e-07,up,0.0,1.0
2026-Q3,电商产品经理,系统测试与质量评估,0.0008821427,0.0010211016051471233,0.00013895890514712338,up,0.0,12.0
2026-Q3,电商产品经理,系统部署交付与运维,7.7978824e-05,8.424383122473955e-05,6.265007224739546e-06,up,0.0,6.0
2026-Q3,电商产品经理,终身学习与知识更新,0.018735837,0.02333788573741913,0.004602048737419127,up,0.0081,16.0
2026-Q3,电商产品经理,网络安全与数据隐私,0.00025271298,0.0003464908804744482,9.377790047444823e-05,up,0.0,10.0
2026-Q3,电商产品经理,自我监测与工作复盘,0.010730723,0.010607165284454823,-0.00012355771554517676,down,0.0081,15.0
2026-Q3,电商产品经理,自然语言处理技术,3.5365054e-05,4.068054840900004e-05,5.31549440900004e-06,up,0.0,1.0
2026-Q3,电商产品经理,计算数学与数据建模,2.2204476e-05,6.467127241194248e-05,4.246679641194248e-05,up,0.0,5.0
2026-Q3,电商产品经理,计算机硬件与数字电路,0.0002077251,0.00022669637110084295,1.897127110084295e-05,up,0.0,7.0
2026-Q3,电商产品经理,计算机网络与通信技术,0.0014174844,0.0011313362047076225,-0.0002861481952923775,down,0.0081,7.0
2026-Q3,电商产品经理,计算机视觉与多模态,5.1915267e-05,5.9662997955456376e-05,7.747730955456379e-06,up,0.0,2.0
2026-Q3,电商产品经理,说服与分歧谈判,0.010583261,0.010745706036686897,0.00016244503668689722,up,0.0081,16.0
2026-Q3,电商产品经理,软件架构与系统设计,0.034175932,0.034491851925849915,0.0003159199258499154,up,0.0407,13.0
2026-Q3,电商产品经理,需求洞察与服务意识,0.11196047,0.11056610941886902,-0.0013943605811309878,down,0.122,16.0
2026-Q3,电子数据取证分析师,AI安全与风险防控,3.983546e-05,5.630403757095337e-05,1.646857757095337e-05,up,0.0,4.0
2026-Q3,电子数据取证分析师,严谨细致与诚信自律,0.038171902,0.03689529746770859,-0.001276604532291413,down,0.0,13.0
2026-Q3,电子数据取证分析师,书面技术文档撰写,-0.00097076595,-0.0007270202040672302,0.00024374574593276973,up,0.0,12.0
2026-Q3,电子数据取证分析师,云原生与分布式系统,6.410456e-05,8.860626257956028e-05,2.4501702579560287e-05,up,0.0,2.0
2026-Q3,电子数据取证分析师,人机交互与用户体验,4.9571972e-05,0.00014782370999455452,9.825173799455451e-05,up,0.0,5.0
2026-Q3,电子数据取证分析师,人机语义对齐与协同,5.3280964e-06,4.5092718210071325e-05,3.976462181007132e-05,up,0.0,1.0
2026-Q3,电子数据取证分析师,信息管理与数字素养,0.0013295896,0.0012793373316526413,-5.0252268347358636e-05,down,0.0,11.0
2026-Q3,电子数据取证分析师,创造力与创新思维,-4.8058107e-05,2.750009298324585e-05,7.555819998324585e-05,up,0.0,6.0
2026-Q3,电子数据取证分析师,口头技术沟通与汇报,0.035868455,0.040963683277368546,0.005095228277368545,up,0.0,12.0
2026-Q3,电子数据取证分析师,团队协作与协调,0.023964785,0.03003498539328575,0.0060702003932857525,up,0.0,13.0
2026-Q3,电子数据取证分析师,多方权衡与方案决策,0.0049173785,0.00569568295031786,0.0007783044503178599,up,0.0,9.0
2026-Q3,电子数据取证分析师,大数据与分布式计算,1.0198157e-05,3.1409203074872494e-05,2.121104607487249e-05,up,0.0,1.0
2026-Q3,电子数据取证分析师,嵌入式系统与固件开发,7.389358e-05,0.00010719290003180504,3.329932003180503e-05,up,0.0,1.0
2026-Q3,电子数据取证分析师,归纳与演绎推理,0.000108867884,0.00025111064314842224,0.00014224275914842224,up,0.0,3.0
2026-Q3,电子数据取证分析师,批判性逻辑思考,0.01781596,0.020316027104854584,0.002500067104854585,up,0.0,12.0
2026-Q3,电子数据取证分析师,操作系统与系统管理,0.00307161,0.005295176059007645,0.002223566059007645,up,0.0,11.0
2026-Q3,电子数据取证分析师,数据分析与可视化,-0.00027370453,-0.000578712671995163,-0.000305008141995163,down,0.0,11.0
2026-Q3,电子数据取证分析师,数据管理与数据库,0.000367295,0.0013032443821430206,0.0009359493821430206,up,0.0,11.0
2026-Q3,电子数据取证分析师,时间与资源统筹管理,0.0003669383,0.0005696332082152367,0.00020269490821523664,up,0.0,9.0
2026-Q3,电子数据取证分析师,环境适应与压力耐受,0.0073407097,0.006907658651471138,-0.00043305104852886175,down,0.0,9.0
2026-Q3,电子数据取证分析师,目标导向与攻坚韧性,0.0016018786,0.002066114917397499,0.00046423631739749916,up,0.0,11.0
2026-Q3,电子数据取证分析师,程序设计与软件工程,0.0053533874,0.005483005195856094,0.00012961779585609397,up,0.0,11.0
2026-Q3,电子数据取证分析师,系统测试与质量评估,-1.1512078e-05,1.6615958884358406e-06,1.317367388843584e-05,up,0.0,2.0
2026-Q3,电子数据取证分析师,系统部署交付与运维,0.0012437664,0.0013264762237668037,8.270982376680372e-05,up,0.0,5.0
2026-Q3,电子数据取证分析师,终身学习与知识更新,0.0009814464,0.0009935125708580017,1.2066170858001605e-05,up,0.0,11.0
2026-Q3,电子数据取证分析师,网络安全与数据隐私,0.047570765,0.0609317421913147,0.013360977191314696,up,0.0,14.0
2026-Q3,电子数据取证分析师,自我监测与工作复盘,-1.7342041e-05,-1.6965612303465605e-05,3.76428696534395e-07,up,0.0,1.0
2026-Q3,电子数据取证分析师,自然语言处理技术,0.0003560055,0.0003367941826581955,-1.9211317341804516e-05,down,0.0,6.0
2026-Q3,电子数据取证分析师,计算数学与数据建模,1.9991829e-05,2.9344228096306324e-05,9.352399096306324e-06,up,0.0,1.0
2026-Q3,电子数据取证分析师,计算机硬件与数字电路,0.0004677251,0.0007073525339365005,0.00023962743393650057,up,0.0,9.0
2026-Q3,电子数据取证分析师,计算机网络与通信技术,0.0008273963,0.001402614638209343,0.000575218338209343,up,0.0,9.0
2026-Q3,电子数据取证分析师,计算机视觉与多模态,0.00023509935,0.00031199539080262184,7.689604080262185e-05,up,0.0,6.0
2026-Q3,电子数据取证分析师,说服与分歧谈判,8.915551e-06,6.465963087975979e-05,5.574407987975979e-05,up,0.0,5.0
2026-Q3,电子数据取证分析师,软件架构与系统设计,3.6819256e-05,5.495070945471525e-05,1.813145345471525e-05,up,0.0,3.0
2026-Q3,电子数据取证分析师,需求洞察与服务意识,0.0001358036,0.0004032626748085022,0.0002674590748085022,up,0.0,10.0
2026-Q3,硬件产品经理,AI任务拆解与规划,0.0033524933,0.0033893324434757233,3.683914347572337e-05,up,0.0037,16.0
2026-Q3,硬件产品经理,AI安全与风险防控,-1.4851947e-05,-7.538474164903164e-06,7.3134728350968355e-06,up,0.0,2.0
2026-Q3,硬件产品经理,AI智能体构建与编排,2.6110589e-05,2.6998284738510847e-05,8.876957385108468e-07,up,0.0,2.0
2026-Q3,硬件产品经理,AI输出质量评估,2.3868633e-05,3.0164257623255253e-05,6.295624623255252e-06,up,0.0,5.0
2026-Q3,硬件产品经理,严谨细致与诚信自律,0.029759396,0.029050655663013458,-0.0007087403369865422,down,0.0224,17.0
2026-Q3,硬件产品经理,书面技术文档撰写,0.05627811,0.05638369917869568,0.00010558917869567946,up,0.056,17.0
2026-Q3,硬件产品经理,云原生与分布式系统,0.0019913025,0.0018215535674244165,-0.00016974893257558354,down,0.0075,7.0
2026-Q3,硬件产品经理,人机交互与用户体验,0.038864683,0.038689665496349335,-0.00017501750365066238,down,0.041,16.0
2026-Q3,硬件产品经理,人机语义对齐与协同,-1.7012135e-06,8.979186532087624e-07,2.5991321532087626e-06,up,0.0,1.0
2026-Q3,硬件产品经理,信息管理与数字素养,0.019767174,0.019602090120315552,-0.0001650838796844467,down,0.0187,17.0
2026-Q3,硬件产品经理,创造力与创新思维,0.035340212,0.035550590604543686,0.00021037860454368312,up,0.0373,17.0
2026-Q3,硬件产品经理,口头技术沟通与汇报,0.06515466,0.06654355674982071,0.001388896749820706,up,0.0634,17.0
2026-Q3,硬件产品经理,团队协作与协调,0.08745477,0.08748245984315872,2.7689843158720806e-05,up,0.0858,17.0
2026-Q3,硬件产品经理,图形与交互技术,0.0026665009,0.0026620938442647457,-4.407055735254194e-06,down,0.0037,15.0
2026-Q3,硬件产品经理,多方权衡与方案决策,0.06343273,0.06367812305688858,0.0002453930568885737,up,0.0597,17.0
2026-Q3,硬件产品经理,大数据与分布式计算,7.4892305e-05,8.204544428735971e-05,7.153139287359713e-06,up,0.0,6.0
2026-Q3,硬件产品经理,大模型开发与微调,4.5487686e-06,9.08704532776028e-06,4.538276727760279e-06,up,0.0,2.0
2026-Q3,硬件产品经理,大模型选型与评测,9.048847e-06,1.0814692359417677e-05,1.7658453594176762e-06,up,0.0,2.0
2026-Q3,硬件产品经理,嵌入式系统与固件开发,0.023528902,0.023698918521404266,0.00017001652140426551,up,0.0224,17.0
2026-Q3,硬件产品经理,归纳与演绎推理,0.0046942905,0.004871697630733252,0.00017740713073325157,up,0.0037,15.0
2026-Q3,硬件产品经理,批判性逻辑思考,0.06882235,0.06914984434843063,0.0003274943484306292,up,0.0709,17.0
2026-Q3,硬件产品经理,操作系统与系统管理,0.0010206031,0.0010117448400706053,-8.858259929394674e-06,down,0.0037,11.0
2026-Q3,硬件产品经理,数据分析与可视化,0.036095526,0.03574138134717941,-0.00035414465282058993,down,0.041,17.0
2026-Q3,硬件产品经理,数据管理与数据库,0.0004212163,0.00042712519643828273,5.908896438282707e-06,up,0.0,11.0
2026-Q3,硬件产品经理,时间与资源统筹管理,0.07186508,0.07196948677301407,0.00010440677301407075,up,0.0746,17.0
2026-Q3,硬件产品经理,机器学习与深度学习,0.0055912356,0.005824211053550243,0.00023297545355024322,up,0.0149,12.0
2026-Q3,硬件产品经理,环境适应与压力耐受,0.033548854,0.033028338104486465,-0.0005205158955135375,down,0.0299,17.0
2026-Q3,硬件产品经理,生成式AI原理与应用,0.0032663145,0.0028226617723703384,-0.0004436527276296615,down,0.0037,3.0
2026-Q3,硬件产品经理,生成式AI应用开发,1.1040829e-06,-1.5819096006453037e-06,-2.6859925006453037e-06,down,0.0,3.0
2026-Q3,硬件产品经理,目标导向与攻坚韧性,0.055530716,0.05511928349733353,-0.0004114325026664742,down,0.056,17.0
2026-Q3,硬件产品经理,程序设计与软件工程,0.013051765,0.012640612199902534,-0.0004111528000974654,down,0.0112,17.0
2026-Q3,硬件产品经理,算法与数据结构,9.426556e-06,2.469102037139237e-05,1.5264464371392367e-05,up,0.0,1.0
2026-Q3,硬件产品经理,系统测试与质量评估,0.011158794,0.011128033511340618,-3.0760488659381524e-05,down,0.0112,16.0
2026-Q3,硬件产品经理,系统部署交付与运维,0.0044422233,0.0037726338487118483,-0.0006695894512881518,down,0.0075,7.0
2026-Q3,硬件产品经理,终身学习与知识更新,0.034838505,0.03516348451375961,0.00032497951375961426,up,0.0448,17.0
2026-Q3,硬件产品经理,网络安全与数据隐私,0.007552861,0.007668336387723684,0.00011547538772368419,up,0.0112,9.0
2026-Q3,硬件产品经理,自我监测与工作复盘,0.012803099,0.012514741159975529,-0.00028835784002447136,down,0.0149,17.0
2026-Q3,硬件产品经理,自然语言处理技术,0.0066274432,0.006635724566876888,8.281366876887984e-06,up,0.0075,4.0
2026-Q3,硬件产品经理,计算数学与数据建模,0.000113142945,0.0001128253061324358,-3.1763886756420166e-07,down,0.0,6.0
2026-Q3,硬件产品经理,计算机硬件与数字电路,0.03901977,0.038966841995716095,-5.292800428390726e-05,down,0.0373,17.0
2026-Q3,硬件产品经理,计算机网络与通信技术,0.012974615,0.013001248240470886,2.6633240470886124e-05,up,0.0112,17.0
2026-Q3,硬件产品经理,计算机视觉与多模态,0.007475889,0.0076978919096291065,0.0002220029096291062,up,0.0112,14.0
2026-Q3,硬件产品经理,说服与分歧谈判,0.010611487,0.010438942350447178,-0.00017254464955282142,down,0.0112,17.0
2026-Q3,硬件产品经理,软件架构与系统设计,0.011062445,0.011292926967144012,0.00023048196714401184,up,0.0112,16.0
2026-Q3,硬件产品经理,需求洞察与服务意识,0.090544,0.09095529466867447,0.0004112946686744695,up,0.0896,17.0
2026-Q3,科研软件工程师,AI任务拆解与规划,2.0897482e-05,3.792770439758897e-05,1.703022239758897e-05,up,0.0,1.0
2026-Q3,科研软件工程师,AI智能体构建与编排,2.0897482e-05,4.9002585001289845e-05,2.8105103001289846e-05,up,0.0,1.0
2026-Q3,科研软件工程师,严谨细致与诚信自律,0.04133168,0.0400235652923584,-0.0013081147076416041,down,0.0714,9.0
2026-Q3,科研软件工程师,书面技术文档撰写,0.0009602383,0.001131940633058548,0.000171702333058548,up,0.0,8.0
2026-Q3,科研软件工程师,云原生与分布式系统,0.0003318675,0.0005665924400091171,0.0002347249400091171,up,0.0,5.0
2026-Q3,科研软件工程师,人机交互与用户体验,0.020444069,0.013100051321089268,-0.007344017678910731,down,0.0714,1.0
2026-Q3,科研软件工程师,人机语义对齐与协同,2.0897482e-05,3.953767009079456e-05,1.8640188090794565e-05,up,0.0,1.0
2026-Q3,科研软件工程师,仿真数据合成,9.213615e-05,0.0001072497689165175,1.5113618916517499e-05,up,0.0,1.0
2026-Q3,科研软件工程师,信息管理与数字素养,0.081951186,0.07990608364343643,-0.0020451023565635634,down,0.0714,7.0
2026-Q3,科研软件工程师,创造力与创新思维,-7.904973e-05,0.0001414744183421135,0.0002205241483421135,up,0.0,5.0
2026-Q3,科研软件工程师,口头技术沟通与汇报,0.0015262961,0.001655619591474533,0.00012932349147453314,up,0.0,8.0
2026-Q3,科研软件工程师,团队协作与协调,0.067357466,0.06834264099597931,0.0009851749959793044,up,0.0714,9.0
2026-Q3,科研软件工程师,图形与交互技术,2.6196532e-05,3.266363637521863e-05,6.46710437521863e-06,up,0.0,1.0
2026-Q3,科研软件工程师,多方权衡与方案决策,0.00010446366,0.00012506963685154915,2.060597685154915e-05,up,0.0,4.0
2026-Q3,科研软件工程师,大数据与分布式计算,0.010460391,0.00870542973279953,-0.0017549612672004694,down,0.0714,7.0
2026-Q3,科研软件工程师,嵌入式系统与固件开发,0.00533662,0.004148031584918499,-0.0011885884150815013,down,0.0714,4.0
2026-Q3,科研软件工程师,归纳与演绎推理,0.00020330865,0.0002088220790028572,5.5134290028572045e-06,up,0.0,3.0
2026-Q3,科研软件工程师,批判性逻辑思考,0.0020973664,0.0025891046971082687,0.0004917382971082688,up,0.0,8.0
2026-Q3,科研软件工程师,提示设计与提示工程,2.0897482e-05,5.092466017231345e-05,3.0027178172313453e-05,up,0.0,1.0
2026-Q3,科研软件工程师,操作系统与系统管理,0.00070198067,0.0007572821341454983,5.53014641454983e-05,up,0.0,5.0
2026-Q3,科研软件工程师,数据分析与可视化,0.0006810324,0.000627501867711544,-5.353053228845592e-05,down,0.0,6.0
2026-Q3,科研软件工程师,数据管理与数据库,0.037137974,0.03420434147119522,-0.0029336325288047763,down,0.0714,6.0
2026-Q3,科研软件工程师,时间与资源统筹管理,0.001459606,0.0011626426130533218,-0.00029696338694667817,down,0.0,7.0
2026-Q3,科研软件工程师,机器学习与深度学习,0.0007095877,0.0018216371536254883,0.0011120494536254882,up,0.0,7.0
2026-Q3,科研软件工程师,环境适应与压力耐受,0.007347484,0.005446992814540863,-0.0019004911854591366,down,0.0714,6.0
2026-Q3,科研软件工程师,生成式AI原理与应用,2.0897482e-05,6.426824256777763e-05,4.3370760567777635e-05,up,0.0,1.0
2026-Q3,科研软件工程师,生成式AI应用开发,2.0897482e-05,3.9151404052972794e-05,1.8253922052972795e-05,up,0.0,1.0
2026-Q3,科研软件工程师,目标导向与攻坚韧性,0.060800724,0.05762486904859543,-0.003175854951404572,down,0.0714,8.0
2026-Q3,科研软件工程师,程序设计与软件工程,0.046187267,0.04621783271431923,3.0565714319231996e-05,up,0.0714,9.0
2026-Q3,科研软件工程师,算法与数据结构,0.017390387,0.01413772813975811,-0.00325265886024189,down,0.0714,6.0
2026-Q3,科研软件工程师,系统测试与质量评估,0.01873924,0.017221570014953613,-0.0015176699850463875,down,0.0714,6.0
2026-Q3,科研软件工程师,系统部署交付与运维,0.00013447506,0.0002648222725838423,0.00013034721258384227,up,0.0,3.0
2026-Q3,科研软件工程师,终身学习与知识更新,0.0029992387,0.004482835531234741,0.0014835968312347414,up,0.0,8.0
2026-Q3,科研软件工程师,网络安全与数据隐私,-7.685996e-05,-5.32250851392746e-06,7.153745148607254e-05,up,0.0,3.0
2026-Q3,科研软件工程师,自我监测与工作复盘,2.6196532e-05,3.443181049078703e-05,8.23527849078703e-06,up,0.0,1.0
2026-Q3,科研软件工程师,计算数学与数据建模,0.036452733,0.033844925463199615,-0.0026078075368003856,down,0.0714,8.0
2026-Q3,科研软件工程师,计算机硬件与数字电路,-5.280238e-05,-2.167013008147478e-05,3.113224991852522e-05,up,0.0,3.0
2026-Q3,科研软件工程师,计算机网络与通信技术,0.00014805607,0.00011410098522901535,-3.395508477098465e-05,down,0.0,6.0
2026-Q3,科研软件工程师,计算机视觉与多模态,0.00015665591,0.0003969315439462662,0.00024027563394626617,up,0.0,4.0
2026-Q3,科研软件工程师,说服与分歧谈判,6.481598e-05,5.826860433444381e-05,-6.547375665556188e-06,down,0.0,2.0
2026-Q3,科研软件工程师,负责任AI与可解释性,0.00014215126,9.600957855582237e-05,-4.614168144417762e-05,down,0.0,3.0
2026-Q3,科研软件工程师,软件架构与系统设计,0.055318825,0.05294352024793625,-0.0023753047520637532,down,0.0714,6.0
2026-Q3,科研软件工程师,需求洞察与服务意识,0.0006184699,0.0005784761160612106,-3.999378393878942e-05,down,0.0,6.0
2026-Q3,移动产品经理,AI任务拆解与规划,3.8124388e-05,3.985152579843998e-05,1.727137798439982e-06,up,0.0,2.0
2026-Q3,移动产品经理,AI输出质量评估,2.0538137e-05,2.2835738491266966e-05,2.2976014912669656e-06,up,0.0,1.0
2026-Q3,移动产品经理,严谨细致与诚信自律,0.002791537,0.0018883422017097473,-0.0009031947982902529,down,0.0,10.0
2026-Q3,移动产品经理,书面技术文档撰写,0.009230554,0.013939496129751205,0.004708942129751205,up,0.0,13.0
2026-Q3,移动产品经理,云原生与分布式系统,0.00012856536,0.0001410897821187973,1.2524422118797304e-05,up,0.0,2.0
2026-Q3,移动产品经理,人机交互与用户体验,0.05132226,0.048033226281404495,-0.0032890337185955063,down,0.125,13.0
2026-Q3,移动产品经理,人机语义对齐与协同,3.2510026e-05,4.770391387864947e-05,1.519388787864947e-05,up,0.0,2.0
2026-Q3,移动产品经理,信息管理与数字素养,0.012469424,0.017640195786952972,0.005170771786952973,up,0.0,11.0
2026-Q3,移动产品经理,创造力与创新思维,0.0058598183,0.004885565489530563,-0.0009742528104694365,down,0.0,12.0
2026-Q3,移动产品经理,口头技术沟通与汇报,0.07577066,0.07610432803630829,0.000333668036308285,up,0.125,13.0
2026-Q3,移动产品经理,团队协作与协调,0.07929124,0.07867952436208725,-0.0006117156379127492,down,0.125,14.0
2026-Q3,移动产品经理,图形与交互技术,9.791518e-06,1.5788886230438948e-05,5.997368230438947e-06,up,0.0,2.0
2026-Q3,移动产品经理,多方权衡与方案决策,0.0013629682,0.0017625093460083008,0.0003995411460083007,up,0.0,9.0
2026-Q3,移动产品经理,大数据与分布式计算,0.00018094364,0.00020049267914146185,1.9549039141461853e-05,up,0.0,1.0
2026-Q3,移动产品经理,嵌入式系统与固件开发,-3.5139034e-05,3.089883830398321e-05,6.603787230398321e-05,up,0.0,1.0
2026-Q3,移动产品经理,归纳与演绎推理,0.00016537006,0.0001799317542463541,1.4561694246354102e-05,up,0.0,2.0
2026-Q3,移动产品经理,批判性逻辑思考,0.057735607,0.057308413088321686,-0.0004271939116783155,down,0.125,13.0
2026-Q3,移动产品经理,操作系统与系统管理,4.0102517e-05,4.726939368993044e-05,7.1668766899304415e-06,up,0.0,2.0
2026-Q3,移动产品经理,数据分析与可视化,0.045233853,0.04347855597734451,-0.0017552970226554845,down,0.125,13.0
2026-Q3,移动产品经理,数据管理与数据库,4.0102517e-05,4.520558286458254e-05,5.103065864582541e-06,up,0.0,2.0
2026-Q3,移动产品经理,时间与资源统筹管理,0.07509618,0.07624217867851257,0.0011459986785125748,up,0.125,13.0
2026-Q3,移动产品经理,机器学习与深度学习,0.00018094364,0.0001862559001892805,5.312260189280514e-06,up,0.0,1.0
2026-Q3,移动产品经理,环境适应与压力耐受,0.008221302,0.006547186523675919,-0.0016741154763240812,down,0.0,9.0
2026-Q3,移动产品经理,生成式AI原理与应用,0.0002535896,0.0003311852924525738,7.759569245257376e-05,up,0.0,2.0
2026-Q3,移动产品经理,目标导向与攻坚韧性,0.00095697865,0.0011825412511825562,0.0002255626011825561,up,0.0,10.0
2026-Q3,移动产品经理,程序设计与软件工程,0.00037285127,0.00044741854071617126,7.456727071617126e-05,up,0.0,8.0
2026-Q3,移动产品经理,算法与数据结构,9.791518e-06,1.6634934581816196e-05,6.843416581816196e-06,up,0.0,2.0
2026-Q3,移动产品经理,系统测试与质量评估,-4.2977743e-05,5.6671444326639175e-05,9.964918732663917e-05,up,0.0,5.0
2026-Q3,移动产品经理,终身学习与知识更新,0.00047650933,0.00037091225385665894,-0.00010559707614334106,down,0.0,12.0
2026-Q3,移动产品经理,网络安全与数据隐私,0.0001681007,0.0002021240070462227,3.40233070462227e-05,up,0.0,2.0
2026-Q3,移动产品经理,自我监测与工作复盘,0.0003718622,0.0006106235086917877,0.00023876130869178772,up,0.0,9.0
2026-Q3,移动产品经理,计算数学与数据建模,0.00013786322,0.00014305440708994865,5.191187089948661e-06,up,0.0,4.0
2026-Q3,移动产品经理,计算机网络与通信技术,0.00015086401,0.00020937388762831688,5.850987762831688e-05,up,0.0,6.0
2026-Q3,移动产品经理,说服与分歧谈判,2.0538137e-05,2.3285159841179848e-05,2.7470228411798474e-06,up,0.0,1.0
2026-Q3,移动产品经理,软件架构与系统设计,0.011820238,0.012469779700040817,0.000649541700040817,up,0.125,8.0
2026-Q3,移动产品经理,需求洞察与服务意识,0.107884854,0.10643520951271057,-0.001449644487289431,down,0.125,13.0
2026-Q3,移动开发工程师,AI任务拆解与规划,0.008023385,0.007881427183747292,-0.00014195781625270763,down,0.0083,8.0
2026-Q3,移动开发工程师,AI智能体构建与编排,-1.8025748e-05,4.648987669497728e-06,2.267473566949773e-05,up,0.0,2.0
2026-Q3,移动开发工程师,AI输出质量评估,0.00081610004,0.0006667396519333124,-0.00014936038806668758,down,0.0042,3.0
2026-Q3,移动开发工程师,RAG与向量数据库,1.049097e-05,1.8261343939229846e-05,7.770373939229846e-06,up,0.0,1.0
2026-Q3,移动开发工程师,严谨细致与诚信自律,0.039048757,0.0387897789478302,-0.0002589780521698032,down,0.0417,17.0
2026-Q3,移动开发工程师,书面技术文档撰写,0.044493552,0.04430662468075752,-0.00018692731924247613,down,0.0458,17.0
2026-Q3,移动开发工程师,云原生与分布式系统,0.013428728,0.013957682996988297,0.0005289549969882974,up,0.0167,16.0
2026-Q3,移动开发工程师,人机交互与用户体验,0.07153644,0.07217302918434143,0.000636589184341424,up,0.0875,17.0
2026-Q3,移动开发工程师,人机语义对齐与协同,1.266515e-06,2.3962238628882915e-06,1.1297088628882914e-06,up,0.0,1.0
2026-Q3,移动开发工程师,信息管理与数字素养,0.0023311817,0.0022340912837535143,-9.709041624648583e-05,down,0.0083,10.0
2026-Q3,移动开发工程师,创造力与创新思维,0.012695553,0.01249753125011921,-0.00019802174988079076,down,0.0167,17.0
2026-Q3,移动开发工程师,口头技术沟通与汇报,0.055570018,0.0558675192296505,0.00029750122965049863,up,0.0583,17.0
2026-Q3,移动开发工程师,团队协作与协调,0.09338528,0.09352236986160278,0.00013708986160278214,up,0.0958,17.0
2026-Q3,移动开发工程师,图形与交互技术,0.0078261625,0.007845818996429443,1.9656496429442533e-05,up,0.0042,16.0
2026-Q3,移动开发工程师,多方权衡与方案决策,0.009199409,0.009599663317203522,0.0004002543172035213,up,0.0083,13.0
2026-Q3,移动开发工程师,大数据与分布式计算,8.020364e-05,0.0001060145441442728,2.581090414427281e-05,up,0.0,6.0
2026-Q3,移动开发工程师,大模型开发与微调,2.4414418e-05,2.99768871627748e-05,5.562469162774801e-06,up,0.0,2.0
2026-Q3,移动开发工程师,嵌入式系统与固件开发,0.01949522,0.019680358469486237,0.00018513846948623597,up,0.025,16.0
2026-Q3,移动开发工程师,归纳与演绎推理,0.00033797603,0.00037836399860680103,4.038796860680101e-05,up,0.0,8.0
2026-Q3,移动开发工程师,批判性逻辑思考,0.043342244,0.043399885296821594,5.764129682159225e-05,up,0.0375,17.0
2026-Q3,移动开发工程师,提示设计与提示工程,2.4414388e-05,2.9448565328493714e-05,5.034177328493716e-06,up,0.0,2.0
2026-Q3,移动开发工程师,操作系统与系统管理,0.011718545,0.011348744854331017,-0.0003698001456689838,down,0.0083,17.0
2026-Q3,移动开发工程师,数据分析与可视化,0.0065239486,0.006475219037383795,-4.872956261620532e-05,down,0.0125,15.0
2026-Q3,移动开发工程师,数据管理与数据库,0.015763951,0.015512843616306782,-0.0002511073836932165,down,0.0125,15.0
2026-Q3,移动开发工程师,时间与资源统筹管理,0.019575637,0.01982494629919529,0.0002493092991952897,up,0.0208,16.0
2026-Q3,移动开发工程师,机器学习与深度学习,0.000821359,0.0008899746462702751,6.86156462702751e-05,up,0.0,10.0
2026-Q3,移动开发工程师,环境适应与压力耐受,0.02868405,0.029477261006832123,0.0007932110068321237,up,0.0458,16.0
2026-Q3,移动开发工程师,生成式AI原理与应用,0.00012433808,0.0003220876678824425,0.00019774958788244248,up,0.0,6.0
2026-Q3,移动开发工程师,生成式AI应用开发,0.0061544506,0.005370171740651131,-0.0007842788593488692,down,0.0083,7.0
2026-Q3,移动开发工程师,目标导向与攻坚韧性,0.026185008,0.026399681344628334,0.00021467334462833484,up,0.025,16.0
2026-Q3,移动开发工程师,程序设计与软件工程,0.10076356,0.1016768291592598,0.0009132691592597941,up,0.1042,17.0
2026-Q3,移动开发工程师,算法与数据结构,0.016881796,0.017300715669989586,0.0004189196699895849,up,0.0125,17.0
2026-Q3,移动开发工程师,系统测试与质量评估,0.056865826,0.05671760067343712,-0.00014822532656288273,down,0.0542,17.0
2026-Q3,移动开发工程师,系统部署交付与运维,0.005056141,0.00487053208053112,-0.0001856089194688798,down,0.0,16.0
2026-Q3,移动开发工程师,终身学习与知识更新,0.051191334,0.051454368978738785,0.00026303497873878673,up,0.0542,17.0
2026-Q3,移动开发工程师,网络安全与数据隐私,0.009912413,0.01037673931568861,0.00046432631568860995,up,0.0083,16.0
2026-Q3,移动开发工程师,自我监测与工作复盘,0.0010080277,0.0011094394139945507,0.0001014117139945508,up,0.0,11.0
2026-Q3,移动开发工程师,自然语言处理技术,0.0029055853,0.002755231922492385,-0.00015035337750761522,down,0.0083,9.0
2026-Q3,移动开发工程师,计算数学与数据建模,-2.109562e-05,-1.219497062265873e-05,8.90064937734127e-06,up,0.0,5.0
2026-Q3,移动开发工程师,计算机硬件与数字电路,0.0049487953,0.005246495362371206,0.000297700062371206,up,0.0125,13.0
2026-Q3,移动开发工程师,计算机网络与通信技术,0.042958885,0.04274098575115204,-0.00021789924884796363,down,0.0417,17.0
2026-Q3,移动开发工程师,计算机视觉与多模态,0.0047868206,0.0048710620030760765,8.424140307607651e-05,up,0.0042,15.0
2026-Q3,移动开发工程师,说服与分歧谈判,3.905379e-05,5.129433702677488e-05,1.2240547026774882e-05,up,0.0,6.0
2026-Q3,移动开发工程师,软件架构与系统设计,0.0638608,0.06539575755596161,0.0015349575559616135,up,0.0583,17.0
2026-Q3,移动开发工程师,需求洞察与服务意识,0.03665781,0.03683944791555405,0.00018163791555404762,up,0.05,17.0
2026-Q3,策略产品经理,AI任务拆解与规划,0.008433667,0.00812038779258728,-0.0003132792074127203,down,0.0,11.0
2026-Q3,策略产品经理,AI安全与风险防控,0.0003223517,0.0003627338446676731,4.0382144667673126e-05,up,0.0,10.0
2026-Q3,策略产品经理,AI幻觉识别与校验,-4.678732e-06,1.0693678632378578e-05,1.537241063237858e-05,up,0.0,4.0
2026-Q3,策略产品经理,AI智能体构建与编排,2.084201e-05,5.7873548939824104e-05,3.70315389398241e-05,up,0.0,3.0
2026-Q3,策略产品经理,AI输出质量评估,0.0015506772,0.001800980418920517,0.00025030321892051703,up,0.0,7.0
2026-Q3,策略产品经理,严谨细致与诚信自律,0.0077400804,0.007962830364704132,0.00022274996470413207,up,0.0,13.0
2026-Q3,策略产品经理,书面技术文档撰写,0.042166512,0.04119104892015457,-0.0009754630798454317,down,0.125,13.0
2026-Q3,策略产品经理,云原生与分布式系统,7.1629416e-05,0.00012879399582743645,5.716457982743644e-05,up,0.0,5.0
2026-Q3,策略产品经理,人机交互与用户体验,0.04852982,0.048470187932252884,-5.963206774711738e-05,down,0.125,14.0
2026-Q3,策略产品经理,信息管理与数字素养,0.0013209837,0.001531681977212429,0.00021069827721242906,up,0.0,9.0
2026-Q3,策略产品经理,创造力与创新思维,0.005297372,0.004972390830516815,-0.00032498116948318466,down,0.0,13.0
2026-Q3,策略产品经理,口头技术沟通与汇报,0.0828181,0.08083656430244446,-0.0019815356975555476,down,0.125,16.0
2026-Q3,策略产品经理,团队协作与协调,0.108931996,0.10937461256980896,0.0004426165698089568,up,0.125,16.0
2026-Q3,策略产品经理,图形与交互技术,1.063876e-05,2.317750477232039e-05,1.253874477232039e-05,up,0.0,1.0
2026-Q3,策略产品经理,多方权衡与方案决策,0.03911693,0.039819203317165375,0.0007022733171653736,up,0.0,15.0
2026-Q3,策略产品经理,大数据与分布式计算,0.0001114466,0.0001340110320597887,2.25644320597887e-05,up,0.0,4.0
2026-Q3,策略产品经理,大模型选型与评测,0.021462,0.02511940523982048,0.003657405239820482,up,0.125,7.0
2026-Q3,策略产品经理,嵌入式系统与固件开发,0.00018369104,0.00019650079775601625,1.2809757756016265e-05,up,0.0,3.0
2026-Q3,策略产品经理,归纳与演绎推理,0.005692483,0.005755704827606678,6.322182760667809e-05,up,0.0,13.0
2026-Q3,策略产品经理,批判性逻辑思考,0.11553095,0.11745943874120712,0.0019284887412071294,up,0.125,15.0
2026-Q3,策略产品经理,提示设计与提示工程,-3.523368e-06,2.407291322015226e-05,2.759628122015226e-05,up,0.0,1.0
2026-Q3,策略产品经理,数据分析与可视化,0.09807931,0.09710939973592758,-0.0009699102640724211,down,0.125,16.0
2026-Q3,策略产品经理,数据管理与数据库,0.0073008034,0.007376539520919323,7.573612091932302e-05,up,0.0,13.0
2026-Q3,策略产品经理,时间与资源统筹管理,0.039930563,0.040568627417087555,0.0006380644170875527,up,0.0,14.0
2026-Q3,策略产品经理,机器学习与深度学习,0.01797412,0.01803494244813919,6.082244813919099e-05,up,0.0,12.0
2026-Q3,策略产品经理,环境适应与压力耐受,0.00846035,0.008244579657912254,-0.00021577034208774583,down,0.0,14.0
2026-Q3,策略产品经理,生成式AI原理与应用,4.2445958e-05,0.00016358518041670322,0.00012113922241670323,up,0.0,5.0
2026-Q3,策略产品经理,生成式AI应用开发,-7.3783565e-05,-7.119565270841122e-05,2.5879122915887837e-06,up,0.0,4.0
2026-Q3,策略产品经理,目标导向与攻坚韧性,0.04626631,0.046771325170993805,0.0005050151709938069,up,0.0,13.0
2026-Q3,策略产品经理,程序设计与软件工程,0.00045968406,0.0006036018021404743,0.00014391774214047432,up,0.0,7.0
2026-Q3,策略产品经理,算法与数据结构,0.092287004,0.07984185218811035,-0.012445151811889654,down,0.125,4.0
2026-Q3,策略产品经理,终身学习与知识更新,0.021370374,0.02386503852903843,0.0024946645290384283,up,0.0,12.0
2026-Q3,策略产品经理,网络安全与数据隐私,1.4055986e-05,0.00010219914838671684,8.814316238671684e-05,up,0.0,8.0
2026-Q3,策略产品经理,自我监测与工作复盘,0.007178582,0.006513237953186035,-0.000665344046813965,down,0.0,9.0
2026-Q3,策略产品经理,自然语言处理技术,0.0019151582,0.0019666231237351894,5.146492373518945e-05,up,0.0,9.0
2026-Q3,策略产品经理,计算数学与数据建模,0.0017161081,0.0018245424143970013,0.00010843431439700119,up,0.0,9.0
2026-Q3,策略产品经理,计算机硬件与数字电路,3.2782787e-05,4.6383123844861984e-05,1.3600336844861986e-05,up,0.0,2.0
2026-Q3,策略产品经理,计算机网络与通信技术,1.7219922e-05,5.270249675959349e-05,3.5482574759593486e-05,up,0.0,2.0
2026-Q3,策略产品经理,计算机视觉与多模态,0.0013693953,0.0013347843196243048,-3.4610980375695145e-05,down,0.0,7.0
2026-Q3,策略产品经理,说服与分歧谈判,0.000105447136,0.00016554957255721092,6.010243655721093e-05,up,0.0,7.0
2026-Q3,策略产品经理,软件架构与系统设计,0.0019987305,0.002016502432525158,1.777193252515798e-05,up,0.0,9.0
2026-Q3,策略产品经理,需求洞察与服务意识,0.06131018,0.06406275182962418,0.002752571829624177,up,0.0,15.0
2026-Q3,算法工程师,AI任务拆解与规划,0.0011188805,0.0011506816372275352,3.1801137227535246e-05,up,0.0013,17.0
2026-Q3,算法工程师,AI安全与风险防控,0.0015577532,0.0015582843916490674,5.311916490675049e-07,up,0.0019,16.0
2026-Q3,算法工程师,AI幻觉检测与缓解能力,0.00019834915,0.00027699730708263814,7.864815708263814e-05,up,0.0006,1.0
2026-Q3,算法工程师,AI幻觉识别与校验,0.00081923604,0.0008512924541719258,3.205641417192574e-05,up,0.0006,15.0
2026-Q3,算法工程师,AI智能体构建与编排,0.010214658,0.010138391517102718,-7.626648289728137e-05,down,0.0088,14.0
2026-Q3,算法工程师,AI输出质量评估,0.0019267215,0.0019855962600558996,5.887476005589972e-05,up,0.0019,14.0
2026-Q3,算法工程师,RAG与向量数据库,0.0050705243,0.005091763101518154,2.1238801518153744e-05,up,0.005,16.0
2026-Q3,算法工程师,严谨细致与诚信自律,0.019079331,0.019190609455108643,0.00011127845510864112,up,0.0201,17.0
2026-Q3,算法工程师,书面技术文档撰写,0.042952154,0.04300925135612488,5.7097356124878595e-05,up,0.0427,17.0
2026-Q3,算法工程师,云原生与分布式系统,0.009714777,0.009712332859635353,-2.44414036464774e-06,down,0.01,17.0
2026-Q3,算法工程师,人机交互与用户体验,0.002256201,0.0023031120654195547,4.69110654195545e-05,up,0.0019,17.0
2026-Q3,算法工程师,人机语义对齐与协同,-2.0109655e-07,4.7522553359158337e-07,6.763220835915834e-07,up,0.0,3.0
2026-Q3,算法工程师,仿真数据合成,0.003929057,0.003801232436671853,-0.00012782456332814662,down,0.0038,12.0
2026-Q3,算法工程师,信息管理与数字素养,0.0035285978,0.0036126708146184683,8.407301461846838e-05,up,0.0038,17.0
2026-Q3,算法工程师,创造力与创新思维,0.02015626,0.020179301500320435,2.304150032043581e-05,up,0.0207,17.0
2026-Q3,算法工程师,口头技术沟通与汇报,0.038910292,0.039245687425136566,0.00033539542513656706,up,0.0389,17.0
2026-Q3,算法工程师,团队协作与协调,0.06997245,0.06988660991191864,-8.584008808136534e-05,down,0.0678,17.0
2026-Q3,算法工程师,图形与交互技术,0.006175308,0.006160813849419355,-1.449415058064462e-05,down,0.0063,17.0
2026-Q3,算法工程师,多方权衡与方案决策,0.008337344,0.008357817307114601,2.047330711460113e-05,up,0.0082,17.0
2026-Q3,算法工程师,大数据与分布式计算,0.0069030253,0.006941348779946566,3.8323479946565826e-05,up,0.0069,17.0
2026-Q3,算法工程师,大模型开发与微调,0.021319542,0.021165313199162483,-0.00015422880083751714,down,0.0195,17.0
2026-Q3,算法工程师,大模型选型与评测,0.004929102,0.00511948112398386,0.0001903791239838597,up,0.0056,17.0
2026-Q3,算法工程师,嵌入式系统与固件开发,0.04376896,0.04381479695439339,4.5836954393384255e-05,up,0.0458,17.0
2026-Q3,算法工程师,异构模态组合与泛化能力,0.0023253257,0.0024234734009951353,9.814770099513545e-05,up,0.0025,5.0
2026-Q3,算法工程师,归纳与演绎推理,0.0018152497,0.0018899778369814157,7.472813698141583e-05,up,0.0013,17.0
2026-Q3,算法工程师,批判性逻辑思考,0.036626406,0.0366366021335125,1.0196133512496708e-05,up,0.037,17.0
2026-Q3,算法工程师,提示设计与提示工程,0.0038250708,0.0038116229698061943,-1.3447830193805826e-05,down,0.0038,13.0
2026-Q3,算法工程师,操作系统与系统管理,0.011464783,0.011486811563372612,2.2028563372612775e-05,up,0.0113,17.0
2026-Q3,算法工程师,数据分析与可视化,0.0275897,0.02779940515756607,0.00020970515756606883,up,0.0251,17.0
2026-Q3,算法工程师,数据管理与数据库,0.015345421,0.01513390988111496,-0.00021151111888504,down,0.0163,17.0
2026-Q3,算法工程师,时间与资源统筹管理,0.0038072816,0.0037508015520870686,-5.6480047912931246e-05,down,0.0031,17.0
2026-Q3,算法工程师,机器学习与深度学习,0.06924134,0.06896279752254486,-0.0002785424774551376,down,0.0672,17.0
2026-Q3,算法工程师,环境适应与压力耐受,0.013327965,0.013300792314112186,-2.7172685887814213e-05,down,0.0138,17.0
2026-Q3,算法工程师,生成式AI原理与应用,0.015495315,0.015425646677613258,-6.966832238674246e-05,down,0.0163,17.0
2026-Q3,算法工程师,生成式AI应用开发,0.007866974,0.007724463008344173,-0.0001425109916558271,down,0.0082,17.0
2026-Q3,算法工程师,目标导向与攻坚韧性,0.020582804,0.020577676594257355,-5.127405742644947e-06,down,0.0195,17.0
2026-Q3,算法工程师,程序设计与软件工程,0.087050915,0.08717073500156403,0.0001198200015640194,up,0.0866,17.0
2026-Q3,算法工程师,算法与数据结构,0.07228789,0.07231996208429337,3.207208429337194e-05,up,0.0716,17.0
2026-Q3,算法工程师,系统测试与质量评估,0.040428694,0.040305279195308685,-0.00012341480469131583,down,0.0402,17.0
2026-Q3,算法工程师,系统部署交付与运维,0.022213224,0.02234954573214054,0.0001363217321405409,up,0.0213,17.0
2026-Q3,算法工程师,终身学习与知识更新,0.048595607,0.04851115122437477,-8.445577562522788e-05,down,0.049,17.0
2026-Q3,算法工程师,网络安全与数据隐私,0.003157645,0.003116917097941041,-4.0727902058959164e-05,down,0.0038,17.0
2026-Q3,算法工程师,自我监测与工作复盘,0.0032095897,0.003188919275999069,-2.0670424000930696e-05,down,0.0031,17.0
2026-Q3,算法工程师,自然语言处理技术,0.009525757,0.0093813706189394,-0.00014438638106059956,down,0.0082,17.0
2026-Q3,算法工程师,计算数学与数据建模,0.05085565,0.05068303272128105,-0.0001726172787189506,down,0.0515,17.0
2026-Q3,算法工程师,计算机硬件与数字电路,0.012052025,0.01202789694070816,-2.4128059291838796e-05,down,0.0119,17.0
2026-Q3,算法工程师,计算机网络与通信技术,0.011766651,0.0118024293333292,3.5778333329201245e-05,up,0.0113,17.0
2026-Q3,算法工程师,计算机视觉与多模态,0.053200953,0.053192902356386185,-8.05064361381752e-06,down,0.0534,17.0
2026-Q3,算法工程师,说服与分歧谈判,0.0005530245,0.0005381993250921369,-1.4825174907863144e-05,down,0.0006,15.0
2026-Q3,算法工程师,负责任AI与可解释性,0.00043588493,0.0004737588169518858,3.7873886951885806e-05,up,0.0,13.0
2026-Q3,算法工程师,软件架构与系统设计,0.027054865,0.02701147459447384,-4.339040552616205e-05,down,0.0289,17.0
2026-Q3,算法工程师,需求洞察与服务意识,0.014358536,0.014611765742301941,0.00025322974230194105,up,0.0113,17.0
2026-Q3,系统分析/需求工程师,AI任务拆解与规划,0.008297007,0.008185353130102158,-0.00011165386989784275,down,0.0078,15.0
2026-Q3,系统分析/需求工程师,AI安全与风险防控,0.0001582753,0.00017006893176585436,1.1793631765854353e-05,up,0.0,8.0
2026-Q3,系统分析/需求工程师,AI幻觉识别与校验,-5.337264e-06,-1.872875145636499e-06,3.4643888543635015e-06,up,0.0,2.0
2026-Q3,系统分析/需求工程师,AI智能体构建与编排,0.0005355862,0.0006535429274663329,0.00011795672746633295,up,0.0013,4.0
2026-Q3,系统分析/需求工程师,AI输出质量评估,0.00142149,0.001436796155758202,1.5306155758201996e-05,up,0.0026,11.0
2026-Q3,系统分析/需求工程师,RAG与向量数据库,0.00043849356,0.00045292548020370305,1.443192020370303e-05,up,0.0013,4.0
2026-Q3,系统分析/需求工程师,严谨细致与诚信自律,0.033737272,0.03350804001092911,-0.00022923198907089104,down,0.0311,17.0
2026-Q3,系统分析/需求工程师,书面技术文档撰写,0.0729323,0.07362066209316254,0.0006883620931625312,up,0.0725,17.0
2026-Q3,系统分析/需求工程师,云原生与分布式系统,0.007743559,0.007828939706087112,8.538070608711274e-05,up,0.013,16.0
2026-Q3,系统分析/需求工程师,人机交互与用户体验,0.035809956,0.03536444902420044,-0.0004455069757995575,down,0.0337,17.0
2026-Q3,系统分析/需求工程师,人机语义对齐与协同,0.001099406,0.001133471610955894,3.4065610955893956e-05,up,0.0013,5.0
2026-Q3,系统分析/需求工程师,仿真数据合成,-2.9938237e-06,-1.715001417323947e-06,1.278822282676053e-06,up,0.0,4.0
2026-Q3,系统分析/需求工程师,信息管理与数字素养,0.030208185,0.030301429331302643,9.324433130264431e-05,up,0.0311,17.0
2026-Q3,系统分析/需求工程师,创造力与创新思维,0.016545288,0.016646558418869972,0.00010127041886997395,up,0.0168,17.0
2026-Q3,系统分析/需求工程师,口头技术沟通与汇报,0.07403384,0.0746360793709755,0.0006022393709754909,up,0.0738,17.0
2026-Q3,系统分析/需求工程师,团队协作与协调,0.08162695,0.0817798525094986,0.00015290250949859252,up,0.0803,17.0
2026-Q3,系统分析/需求工程师,图形与交互技术,1.2438453e-05,2.274749567732215e-05,1.030904267732215e-05,up,0.0,9.0
2026-Q3,系统分析/需求工程师,多方权衡与方案决策,0.037760433,0.03794393688440323,0.0001835038844032258,up,0.0376,17.0
2026-Q3,系统分析/需求工程师,大数据与分布式计算,0.0021239812,0.002095011295750737,-2.8969904249262924e-05,down,0.0013,16.0
2026-Q3,系统分析/需求工程师,大模型开发与微调,-5.16673e-07,1.2457530829124153e-06,1.7624260829124152e-06,up,0.0,1.0
2026-Q3,系统分析/需求工程师,大模型选型与评测,0.00012820843,0.0001554802292957902,2.727179929579019e-05,up,0.0013,3.0
2026-Q3,系统分析/需求工程师,嵌入式系统与固件开发,0.005434519,0.005357800051569939,-7.671894843006098e-05,down,0.0065,16.0
2026-Q3,系统分析/需求工程师,归纳与演绎推理,0.008449671,0.008572600781917572,0.0001229297819175714,up,0.0091,17.0
2026-Q3,系统分析/需求工程师,批判性逻辑思考,0.057987522,0.05770710110664368,-0.0002804208933563229,down,0.0557,17.0
2026-Q3,系统分析/需求工程师,提示设计与提示工程,-4.661779e-06,-1.2365344446152449e-06,3.425244555384755e-06,up,0.0,3.0
2026-Q3,系统分析/需求工程师,操作系统与系统管理,0.007340341,0.007281895726919174,-5.844527308082603e-05,down,0.0065,17.0
2026-Q3,系统分析/需求工程师,数据分析与可视化,0.022105465,0.02212214097380638,1.667597380638e-05,up,0.0181,17.0
2026-Q3,系统分析/需求工程师,数据管理与数据库,0.03863924,0.038605161011219025,-3.407898878097365e-05,down,0.0389,17.0
2026-Q3,系统分析/需求工程师,时间与资源统筹管理,0.04301322,0.04397851228713989,0.0009652922871398947,up,0.0622,17.0
2026-Q3,系统分析/需求工程师,机器学习与深度学习,0.0033850404,0.0034626696724444628,7.762927244446289e-05,up,0.0039,17.0
2026-Q3,系统分析/需求工程师,环境适应与压力耐受,0.030671656,0.030622035264968872,-4.962073503112646e-05,down,0.0324,17.0
2026-Q3,系统分析/需求工程师,生成式AI原理与应用,0.00022664503,0.0002013223129324615,-2.5322717067538498e-05,down,0.0065,5.0
2026-Q3,系统分析/需求工程师,生成式AI应用开发,0.0027237711,0.0024960197042673826,-0.00022775139573261724,down,0.0065,9.0
2026-Q3,系统分析/需求工程师,目标导向与攻坚韧性,0.02703855,0.026858432218432426,-0.00018011778156757502,down,0.0363,17.0
2026-Q3,系统分析/需求工程师,程序设计与软件工程,0.052279178,0.052064184099435806,-0.00021499390056419626,down,0.0531,17.0
2026-Q3,系统分析/需求工程师,算法与数据结构,0.0017379886,0.0017146298196166754,-2.33587803833246e-05,down,0.0013,16.0
2026-Q3,系统分析/需求工程师,系统测试与质量评估,0.03705089,0.03682621940970421,-0.00022467059029579461,down,0.0376,17.0
2026-Q3,系统分析/需求工程师,系统部署交付与运维,0.018603355,0.018375365063548088,-0.00022798993645191043,down,0.0181,17.0
2026-Q3,系统分析/需求工程师,终身学习与知识更新,0.028379083,0.029568567872047424,0.001189484872047425,up,0.0259,17.0
2026-Q3,系统分析/需求工程师,网络安全与数据隐私,0.008663965,0.00873047485947609,6.650985947609031e-05,up,0.0104,16.0
2026-Q3,系统分析/需求工程师,自我监测与工作复盘,0.01672038,0.016779672354459763,5.929235445976261e-05,up,0.0155,17.0
2026-Q3,系统分析/需求工程师,自然语言处理技术,3.7197722e-05,3.598336479626596e-05,-1.2143572037340384e-06,down,0.0013,4.0
2026-Q3,系统分析/需求工程师,计算数学与数据建模,0.0029767938,0.0030424147844314575,6.562098443145753e-05,up,0.0013,17.0
2026-Q3,系统分析/需求工程师,计算机硬件与数字电路,0.0012750641,0.0012630990240722895,-1.1965075927710582e-05,down,0.0,15.0
2026-Q3,系统分析/需求工程师,计算机网络与通信技术,0.012527286,0.012324994429945946,-0.00020229157005405458,down,0.013,17.0
2026-Q3,系统分析/需求工程师,计算机视觉与多模态,2.565718e-05,2.8851034585386515e-05,3.1938545853865138e-06,up,0.0,6.0
2026-Q3,系统分析/需求工程师,说服与分歧谈判,0.012175901,0.012206636369228363,3.0735369228363646e-05,up,0.0194,17.0
2026-Q3,系统分析/需求工程师,负责任AI与可解释性,1.4170713e-05,2.2615829948335886e-05,8.445116948335886e-06,up,0.0,3.0
2026-Q3,系统分析/需求工程师,软件架构与系统设计,0.030927448,0.03154550492763519,0.0006180569276351931,up,0.0324,17.0
2026-Q3,系统分析/需求工程师,需求洞察与服务意识,0.082835324,0.08318513631820679,0.00034981231820678527,up,0.0816,17.0
2026-Q3,系统工程师,AI任务拆解与规划,0.002716789,0.002737559610977769,2.0770610977769062e-05,up,0.0029,17.0
2026-Q3,系统工程师,AI安全与风险防控,0.0011736988,0.0011599193094298244,-1.3779490570175633e-05,down,0.0012,16.0
2026-Q3,系统工程师,AI幻觉识别与校验,-4.04998e-08,1.987350515264552e-07,2.392348515264552e-07,up,0.0,1.0
2026-Q3,系统工程师,AI智能体构建与编排,0.0010569042,0.0011607458582147956,0.00010384165821479552,up,0.0017,5.0
2026-Q3,系统工程师,AI输出质量评估,0.0004211372,0.0003899018047377467,-3.1235395262253275e-05,down,0.0006,9.0
2026-Q3,系统工程师,RAG与向量数据库,0.0013440836,0.0013253147481009364,-1.8768851899063615e-05,down,0.0017,5.0
2026-Q3,系统工程师,严谨细致与诚信自律,0.034613714,0.034610290080308914,-3.423919691082633e-06,down,0.034,17.0
2026-Q3,系统工程师,书面技术文档撰写,0.06121664,0.06124579533934593,2.9155339345929288e-05,up,0.0617,17.0
2026-Q3,系统工程师,云原生与分布式系统,0.005682342,0.005721340887248516,3.8998887248516134e-05,up,0.0046,17.0
2026-Q3,系统工程师,人机交互与用户体验,0.00729117,0.007447249721735716,0.00015607972173571627,up,0.0069,17.0
2026-Q3,系统工程师,仿真数据合成,9.977579e-05,8.259879541583359e-05,-1.7176994584166408e-05,down,0.0,7.0
2026-Q3,系统工程师,信息管理与数字素养,0.019946858,0.019696174189448357,-0.0002506838105516447,down,0.0208,17.0
2026-Q3,系统工程师,创造力与创新思维,0.01304116,0.013037637807428837,-3.5221925711627355e-06,down,0.0115,17.0
2026-Q3,系统工程师,口头技术沟通与汇报,0.07042556,0.07041313499212265,-1.2425007877348015e-05,down,0.0709,17.0
2026-Q3,系统工程师,团队协作与协调,0.07834957,0.0788383036851883,0.0004887336851883001,up,0.0767,17.0
2026-Q3,系统工程师,图形与交互技术,0.006693258,0.006775626912713051,8.236891271305117e-05,up,0.0063,17.0
2026-Q3,系统工程师,多方权衡与方案决策,0.032600455,0.03258731961250305,-1.3135387496948647e-05,down,0.0334,17.0
2026-Q3,系统工程师,大数据与分布式计算,0.0014044021,0.0013907115207985044,-1.3690579201495589e-05,down,0.0012,16.0
2026-Q3,系统工程师,大模型开发与微调,2.117653e-06,1.7781785572879016e-06,-3.394744427120982e-07,down,0.0,5.0
2026-Q3,系统工程师,大模型选型与评测,-5.1274255e-06,-2.3811007849872112e-06,2.7463247150127888e-06,up,0.0,3.0
2026-Q3,系统工程师,嵌入式系统与固件开发,0.051158883,0.051342353224754333,0.00018347022475433128,up,0.0513,17.0
2026-Q3,系统工程师,异构模态组合与泛化能力,-1.1510601e-06,1.1358497431501746e-07,1.2646450743150174e-06,up,0.0,2.0
2026-Q3,系统工程师,归纳与演绎推理,0.0027967123,0.002807607175782323,1.0894875782322972e-05,up,0.0023,17.0
2026-Q3,系统工程师,批判性逻辑思考,0.036933683,0.03695404902100563,2.036602100562862e-05,up,0.0346,17.0
2026-Q3,系统工程师,提示设计与提示工程,0.0005164742,0.0005318004987202585,1.5326298720258458e-05,up,0.0012,4.0
2026-Q3,系统工程师,操作系统与系统管理,0.020704623,0.02082827314734459,0.00012365014734459084,up,0.0196,17.0
2026-Q3,系统工程师,数据分析与可视化,0.018005535,0.017893491312861443,-0.00011204368713855703,down,0.0185,17.0
2026-Q3,系统工程师,数据管理与数据库,0.026976207,0.02715248055756092,0.00017627355756092214,up,0.0294,17.0
2026-Q3,系统工程师,时间与资源统筹管理,0.03238404,0.03244095295667648,5.691295667648033e-05,up,0.0352,17.0
2026-Q3,系统工程师,机器学习与深度学习,0.0040034046,0.004048343747854233,4.4939147854233114e-05,up,0.0052,17.0
2026-Q3,系统工程师,环境适应与压力耐受,0.028307615,0.028495224192738533,0.00018760919273853177,up,0.0334,17.0
2026-Q3,系统工程师,生成式AI原理与应用,0.0014844422,0.001433124765753746,-5.1317434246253915e-05,down,0.0023,9.0
2026-Q3,系统工程师,生成式AI应用开发,0.00089596957,0.0009122772607952356,1.6307690795235594e-05,up,0.0012,9.0
2026-Q3,系统工程师,目标导向与攻坚韧性,0.0293229,0.02930002473294735,-2.2875267052649417e-05,down,0.0254,17.0
2026-Q3,系统工程师,程序设计与软件工程,0.05555104,0.05541374906897545,-0.0001372909310245543,down,0.0559,17.0
2026-Q3,系统工程师,算法与数据结构,0.0092298,0.009212762117385864,-1.7037882614135552e-05,down,0.0098,17.0
2026-Q3,系统工程师,系统测试与质量评估,0.04739726,0.047320324927568436,-7.693507243156095e-05,down,0.0484,17.0
2026-Q3,系统工程师,系统部署交付与运维,0.036157835,0.036140915006399155,-1.691999360084462e-05,down,0.0363,17.0
2026-Q3,系统工程师,终身学习与知识更新,0.03600733,0.035788413137197495,-0.0002189168628025026,down,0.0323,17.0
2026-Q3,系统工程师,网络安全与数据隐私,0.020490311,0.02046254463493824,-2.7766365061760584e-05,down,0.0208,17.0
2026-Q3,系统工程师,自我监测与工作复盘,0.008195637,0.008147954940795898,-4.768205920410197e-05,down,0.0081,17.0
2026-Q3,系统工程师,自然语言处理技术,0.00013481441,0.0001421324850525707,7.318075052570712e-06,up,0.0012,10.0
2026-Q3,系统工程师,计算数学与数据建模,0.012446338,0.012522241100668907,7.590310066890767e-05,up,0.0127,17.0
2026-Q3,系统工程师,计算机硬件与数字电路,0.025470145,0.025121450424194336,-0.00034869457580566365,down,0.0248,17.0
2026-Q3,系统工程师,计算机网络与通信技术,0.038098592,0.037975773215293884,-0.0001228187847061163,down,0.0386,17.0
2026-Q3,系统工程师,计算机视觉与多模态,0.005009204,0.0050538405776023865,4.4636577602386734e-05,up,0.0075,17.0
2026-Q3,系统工程师,说服与分歧谈判,0.0036385532,0.0035685382317751646,-7.001496822483556e-05,down,0.0035,17.0
2026-Q3,系统工程师,负责任AI与可解释性,0.0040172054,0.004176975227892399,0.00015976982789239844,up,0.004,17.0
2026-Q3,系统工程师,软件架构与系统设计,0.054302856,0.05412746220827103,-0.00017539379172896996,down,0.0548,17.0
2026-Q3,系统工程师,需求洞察与服务意识,0.04637943,0.046268582344055176,-0.00011084765594482349,down,0.0456,17.0
2026-Q3,系统集成工程师,AI任务拆解与规划,0.00052356755,0.00048735938617028296,-3.6208163829717075e-05,down,0.0,11.0
2026-Q3,系统集成工程师,AI安全与风险防控,0.00014893986,0.00024355373170692474,9.461387170692473e-05,up,0.0014,5.0
2026-Q3,系统集成工程师,AI输出质量评估,-4.4286207e-07,7.237722456920892e-07,1.166634315692089e-06,up,0.0,1.0
2026-Q3,系统集成工程师,严谨细致与诚信自律,0.044321373,0.04435538500547409,3.401200547409333e-05,up,0.044,17.0
2026-Q3,系统集成工程师,书面技术文档撰写,0.07580407,0.07547930628061295,-0.0003247637193870556,down,0.0757,17.0
2026-Q3,系统集成工程师,云原生与分布式系统,0.011877891,0.011653831228613853,-0.00022405977138614634,down,0.011,17.0
2026-Q3,系统集成工程师,人机交互与用户体验,0.021085773,0.020926445722579956,-0.00015932727742004257,down,0.022,17.0
2026-Q3,系统集成工程师,仿真数据合成,-6.5191125e-07,1.5993282431736588e-07,8.118440743173659e-07,up,0.0,3.0
2026-Q3,系统集成工程师,信息管理与数字素养,0.024316138,0.024694165214896202,0.00037802721489620106,up,0.0248,17.0
2026-Q3,系统集成工程师,创造力与创新思维,0.011532526,0.011532970704138279,4.447041382794198e-07,up,0.0124,17.0
2026-Q3,系统集成工程师,口头技术沟通与汇报,0.07726043,0.07903878390789032,0.0017783539078903149,up,0.0729,17.0
2026-Q3,系统集成工程师,团队协作与协调,0.08548288,0.08548218011856079,-6.998814392061847e-07,down,0.0853,17.0
2026-Q3,系统集成工程师,图形与交互技术,0.017478826,0.01740190200507641,-7.6923994923591e-05,down,0.0193,17.0
2026-Q3,系统集成工程师,多方权衡与方案决策,0.03605517,0.03606950491666794,1.4334916667940734e-05,up,0.0371,17.0
2026-Q3,系统集成工程师,大数据与分布式计算,0.00268189,0.002734532579779625,5.26425797796248e-05,up,0.0028,15.0
2026-Q3,系统集成工程师,嵌入式系统与固件开发,0.0370669,0.03659718111157417,-0.0004697188884258269,down,0.0399,17.0
2026-Q3,系统集成工程师,归纳与演绎推理,0.000327743,0.0003858675481751561,5.8124548175156093e-05,up,0.0,12.0
2026-Q3,系统集成工程师,批判性逻辑思考,0.03123234,0.03134021535515785,0.00010787535515785138,up,0.0289,17.0
2026-Q3,系统集成工程师,提示设计与提示工程,1.7461643e-06,3.1101808417588472e-06,1.3640165417588472e-06,up,0.0,1.0
2026-Q3,系统集成工程师,操作系统与系统管理,0.020696612,0.02062719315290451,-6.941884709548915e-05,down,0.022,17.0
2026-Q3,系统集成工程师,数据分析与可视化,0.007969626,0.007912259548902512,-5.736645109748889e-05,down,0.0083,17.0
2026-Q3,系统集成工程师,数据管理与数据库,0.014075549,0.013962959870696068,-0.00011258912930393189,down,0.0138,16.0
2026-Q3,系统集成工程师,时间与资源统筹管理,0.04559037,0.045369941741228104,-0.00022042825877189448,down,0.0481,17.0
2026-Q3,系统集成工程师,机器学习与深度学习,0.0016703987,0.0016340205911546946,-3.6378108845305486e-05,down,0.0028,15.0
2026-Q3,系统集成工程师,环境适应与压力耐受,0.04413848,0.04408686235547066,-5.161764452934342e-05,down,0.044,17.0
2026-Q3,系统集成工程师,生成式AI应用开发,-3.7577047e-07,1.2575146683957428e-06,1.6332851383957429e-06,up,0.0,1.0
2026-Q3,系统集成工程师,目标导向与攻坚韧性,0.026141038,0.025864101946353912,-0.00027693605364608603,down,0.0234,17.0
2026-Q3,系统集成工程师,程序设计与软件工程,0.02238592,0.02244456484913826,5.8644849138259764e-05,up,0.0234,17.0
2026-Q3,系统集成工程师,算法与数据结构,0.0005969584,0.0005782346124760807,-1.8723787523919344e-05,down,0.0014,10.0
2026-Q3,系统集成工程师,系统测试与质量评估,0.028714754,0.028503982350230217,-0.0002107716497697816,down,0.0303,17.0
2026-Q3,系统集成工程师,系统部署交付与运维,0.049992587,0.04984772205352783,-0.00014486494647216602,down,0.0509,17.0
2026-Q3,系统集成工程师,终身学习与知识更新,0.03724258,0.03711161017417908,-0.0001309698258209202,down,0.0371,17.0
2026-Q3,系统集成工程师,网络安全与数据隐私,0.02005577,0.0203112605959177,0.0002554905959177012,up,0.0193,17.0
2026-Q3,系统集成工程师,自我监测与工作复盘,0.006669305,0.00674629770219326,7.699270219325982e-05,up,0.0069,16.0
2026-Q3,系统集成工程师,自然语言处理技术,4.5459965e-06,5.58712417841889e-06,1.0411276784188899e-06,up,0.0,1.0
2026-Q3,系统集成工程师,计算数学与数据建模,0.0024579954,0.0023803000804036856,-7.769531959631428e-05,down,0.0014,16.0
2026-Q3,系统集成工程师,计算机硬件与数字电路,0.016475247,0.016589568927884102,0.00011432192788410345,up,0.0165,17.0
2026-Q3,系统集成工程师,计算机网络与通信技术,0.05966805,0.06017689034342766,0.0005088403434276578,up,0.0578,17.0
2026-Q3,系统集成工程师,计算机视觉与多模态,0.0017599965,0.0017291710246354342,-3.08254753645658e-05,down,0.0014,14.0
2026-Q3,系统集成工程师,说服与分歧谈判,0.0069661043,0.006843352224677801,-0.00012275207532219928,down,0.0069,16.0
2026-Q3,系统集成工程师,负责任AI与可解释性,-3.1052186e-06,1.3121607480570674e-06,4.4173793480570675e-06,up,0.0,3.0
2026-Q3,系统集成工程师,软件架构与系统设计,0.045998868,0.04554237425327301,-0.00045649374672698806,down,0.0509,17.0
2026-Q3,系统集成工程师,需求洞察与服务意识,0.05865897,0.05947030335664749,0.0008113333566474937,up,0.0564,17.0
2026-Q3,网络安全工程师,AI任务拆解与规划,3.6852754e-05,4.012355930171907e-05,3.270805301719068e-06,up,0.0011,5.0
2026-Q3,网络安全工程师,AI安全与风险防控,0.016690467,0.01665712334215641,-3.334365784359028e-05,down,0.0155,17.0
2026-Q3,网络安全工程师,AI幻觉识别与校验,1.1914075e-05,1.195340882986784e-05,3.9333829867839877e-08,up,0.0011,3.0
2026-Q3,网络安全工程师,AI智能体构建与编排,0.0025678147,0.0025328202173113823,-3.4994482688617806e-05,down,0.0022,2.0
2026-Q3,网络安全工程师,AI输出质量评估,1.5195081e-05,1.8818682292476296e-05,3.623601292476297e-06,up,0.0,5.0
2026-Q3,网络安全工程师,严谨细致与诚信自律,0.04740314,0.04742112010717392,1.798010717391635e-05,up,0.0475,17.0
2026-Q3,网络安全工程师,书面技术文档撰写,0.07142738,0.07144992798566818,2.2547985668183723e-05,up,0.0707,17.0
2026-Q3,网络安全工程师,云原生与分布式系统,0.020793874,0.02090340107679367,0.00010952707679367027,up,0.0232,17.0
2026-Q3,网络安全工程师,人机交互与用户体验,0.00076579227,0.0008052251650951803,3.943289509518032e-05,up,0.0011,16.0
2026-Q3,网络安全工程师,人机语义对齐与协同,-5.994298e-08,9.20910679269582e-07,9.808536592695821e-07,up,0.0,2.0
2026-Q3,网络安全工程师,信息管理与数字素养,0.010147075,0.010355828329920769,0.00020875332992076855,up,0.0088,17.0
2026-Q3,网络安全工程师,创造力与创新思维,0.007432514,0.007322853431105614,-0.0001096605688943866,down,0.0066,17.0
2026-Q3,网络安全工程师,口头技术沟通与汇报,0.0847293,0.08476811647415161,3.881647415161782e-05,up,0.0829,17.0
2026-Q3,网络安全工程师,团队协作与协调,0.093977,0.09457650035619736,0.0005995003561973522,up,0.0994,17.0
2026-Q3,网络安全工程师,图形与交互技术,1.2544813e-05,1.6053920262493193e-05,3.5091072624931937e-06,up,0.0,5.0
2026-Q3,网络安全工程师,多方权衡与方案决策,0.017558131,0.01769675686955452,0.00013862586955451853,up,0.0166,17.0
2026-Q3,网络安全工程师,大数据与分布式计算,0.0052457936,0.00519147701561451,-5.4316584385490085e-05,down,0.0055,16.0
2026-Q3,网络安全工程师,大模型开发与微调,0.0005684509,0.00045729774865321815,-0.0001111531513467818,down,0.0011,3.0
2026-Q3,网络安全工程师,大模型选型与评测,0.00047316492,0.0005108246114104986,3.7659691410498624e-05,up,0.0011,4.0
2026-Q3,网络安全工程师,嵌入式系统与固件开发,0.0039868494,0.0041807545349001884,0.00019390513490018853,up,0.0022,16.0
2026-Q3,网络安全工程师,归纳与演绎推理,0.001233919,0.0013710891362279654,0.00013717013622796537,up,0.0011,17.0
2026-Q3,网络安全工程师,批判性逻辑思考,0.039339896,0.039798516780138016,0.00045862078013801655,up,0.042,17.0
2026-Q3,网络安全工程师,提示设计与提示工程,0.00031496456,0.00034712962224148214,3.2165062241482165e-05,up,0.0011,1.0
2026-Q3,网络安全工程师,操作系统与系统管理,0.043535925,0.043446969240903854,-8.895575909614872e-05,down,0.0442,17.0
2026-Q3,网络安全工程师,数据分析与可视化,0.017741794,0.01787305809557438,0.00013126409557437727,up,0.021,16.0
2026-Q3,网络安全工程师,数据管理与数据库,0.018708535,0.018754545599222183,4.601059922218487e-05,up,0.0166,17.0
2026-Q3,网络安全工程师,时间与资源统筹管理,0.021594707,0.021688751876354218,9.404487635421635e-05,up,0.0287,17.0
2026-Q3,网络安全工程师,机器学习与深度学习,0.0029685793,0.0029380470514297485,-3.05322485702514e-05,down,0.0022,16.0
2026-Q3,网络安全工程师,环境适应与压力耐受,0.03897187,0.03871532529592514,-0.00025654470407485835,down,0.0398,17.0
2026-Q3,网络安全工程师,生成式AI原理与应用,5.2536954e-05,6.911368109285831e-05,1.657672709285831e-05,up,0.0011,6.0
2026-Q3,网络安全工程师,生成式AI应用开发,0.0012909836,0.0013695228844881058,7.853928448810568e-05,up,0.0033,7.0
2026-Q3,网络安全工程师,目标导向与攻坚韧性,0.024586812,0.024573838338255882,-1.2973661744117293e-05,down,0.0221,17.0
2026-Q3,网络安全工程师,程序设计与软件工程,0.034603477,0.03434934467077255,-0.00025413232922744805,down,0.0331,17.0
2026-Q3,网络安全工程师,算法与数据结构,0.0005991355,0.0007480470230802894,0.0001489115230802893,up,0.0,14.0
2026-Q3,网络安全工程师,系统测试与质量评估,0.014268868,0.014327247627079487,5.8379627079486324e-05,up,0.0166,17.0
2026-Q3,网络安全工程师,系统部署交付与运维,0.032206178,0.03139573708176613,-0.0008104409182338734,down,0.0409,17.0
2026-Q3,网络安全工程师,终身学习与知识更新,0.046749562,0.046840451657772064,9.088965777206276e-05,up,0.0453,17.0
2026-Q3,网络安全工程师,网络安全与数据隐私,0.13098149,0.1309145987033844,-6.689129661560655e-05,down,0.1304,17.0
2026-Q3,网络安全工程师,自我监测与工作复盘,0.008892575,0.008900560438632965,7.985438632965303e-06,up,0.011,17.0
2026-Q3,网络安全工程师,自然语言处理技术,-1.1794866e-05,-9.79496689978987e-06,1.99989910021013e-06,up,0.0,3.0
2026-Q3,网络安全工程师,计算数学与数据建模,0.0012838747,0.0012989082606509328,1.5033560650932814e-05,up,0.0,13.0
2026-Q3,网络安全工程师,计算机硬件与数字电路,0.004076099,0.004128488712012768,5.23897120127681e-05,up,0.0044,17.0
2026-Q3,网络安全工程师,计算机网络与通信技术,0.062260166,0.062377121299505234,0.00011695529950523503,up,0.0564,17.0
2026-Q3,网络安全工程师,计算机视觉与多模态,0.00033680635,0.0003368930774740875,8.67274740874789e-08,up,0.0,11.0
2026-Q3,网络安全工程师,说服与分歧谈判,0.0047645317,0.0047163269482553005,-4.8204751744699084e-05,down,0.0044,16.0
2026-Q3,网络安全工程师,负责任AI与可解释性,0.0021574567,0.002303888089954853,0.00014643138995485295,up,0.0033,11.0
2026-Q3,网络安全工程师,软件架构与系统设计,0.014729886,0.014832270331680775,0.00010238433168077536,up,0.0144,17.0
2026-Q3,网络安全工程师,需求洞察与服务意识,0.03438296,0.035576146095991135,0.0011931860959911375,up,0.0298,17.0
2026-Q3,网络工程师,AI任务拆解与规划,0.0010593723,0.001074699917808175,1.5327617808175154e-05,up,0.0015,11.0
2026-Q3,网络工程师,AI安全与风险防控,8.9525594e-05,0.00010300741996616125,1.3481825966161245e-05,up,0.0,7.0
2026-Q3,网络工程师,AI智能体构建与编排,-2.9228977e-07,1.904416421893984e-06,2.196706191893984e-06,up,0.0,2.0
2026-Q3,网络工程师,AI输出质量评估,-1.2150122e-07,6.219397619133815e-07,7.434409819133815e-07,up,0.0,1.0
2026-Q3,网络工程师,严谨细致与诚信自律,0.054771654,0.054585907608270645,-0.0001857463917293578,down,0.0573,17.0
2026-Q3,网络工程师,书面技术文档撰写,0.065186605,0.06496210396289825,-0.0002245010371017403,down,0.0649,17.0
2026-Q3,网络工程师,云原生与分布式系统,0.019983113,0.019905777648091316,-7.733535190868404e-05,down,0.0181,17.0
2026-Q3,网络工程师,人机交互与用户体验,0.004580812,0.004624643828719854,4.383182871985428e-05,up,0.006,17.0
2026-Q3,网络工程师,人机语义对齐与协同,-4.4286207e-07,4.4166154111735523e-07,8.845236111173552e-07,up,0.0,1.0
2026-Q3,网络工程师,信息管理与数字素养,0.019848531,0.019735198467969894,-0.00011333253203010471,down,0.0226,17.0
2026-Q3,网络工程师,创造力与创新思维,0.0063902,0.006351734045892954,-3.846595410704652e-05,down,0.006,17.0
2026-Q3,网络工程师,口头技术沟通与汇报,0.08469399,0.08464132249355316,-5.2667506446835155e-05,down,0.0845,17.0
2026-Q3,网络工程师,团队协作与协调,0.09042693,0.09029469639062881,-0.0001322336093711879,down,0.0905,17.0
2026-Q3,网络工程师,图形与交互技术,0.0029374708,0.0029726980719715357,3.522727197153566e-05,up,0.0045,16.0
2026-Q3,网络工程师,多方权衡与方案决策,0.011341519,0.011357094161212444,1.5575161212444746e-05,up,0.0106,17.0
2026-Q3,网络工程师,大数据与分布式计算,0.0010820258,0.0011012075701728463,1.9181770172846347e-05,up,0.0,16.0
2026-Q3,网络工程师,大模型开发与微调,4.292815e-06,1.0400923201814294e-05,6.108108201814294e-06,up,0.0,5.0
2026-Q3,网络工程师,大模型选型与评测,0.00039881334,0.0005503685097210109,0.00015155516972101095,up,0.003,4.0
2026-Q3,网络工程师,嵌入式系统与固件开发,0.009207565,0.009115991182625294,-9.157381737470542e-05,down,0.0106,17.0
2026-Q3,网络工程师,归纳与演绎推理,0.0008818403,0.000945142877753824,6.330257775382395e-05,up,0.0015,12.0
2026-Q3,网络工程师,批判性逻辑思考,0.029470991,0.029775990173220634,0.000304999173220636,up,0.0332,17.0
2026-Q3,网络工程师,操作系统与系统管理,0.046317708,0.04639558494091034,7.787694091034025e-05,up,0.0468,17.0
2026-Q3,网络工程师,数据分析与可视化,0.012281589,0.01227318961173296,-8.399388267040994e-06,down,0.0136,17.0
2026-Q3,网络工程师,数据管理与数据库,0.0168038,0.01676735281944275,-3.644718055725166e-05,down,0.0196,17.0
2026-Q3,网络工程师,时间与资源统筹管理,0.016826503,0.01681344211101532,-1.3060888984679775e-05,down,0.0166,17.0
2026-Q3,网络工程师,机器学习与深度学习,0.0013904494,0.001375727471895516,-1.4721928104483983e-05,down,0.0015,14.0
2026-Q3,网络工程师,环境适应与压力耐受,0.05359138,0.05347346514463425,-0.00011791485536575413,down,0.0528,17.0
2026-Q3,网络工程师,生成式AI原理与应用,1.311797e-06,3.835652023553848e-06,2.5238550235538483e-06,up,0.0,5.0
2026-Q3,网络工程师,生成式AI应用开发,0.00054605096,0.00032117977389134467,-0.00022487118610865536,down,0.0015,5.0
2026-Q3,网络工程师,目标导向与攻坚韧性,0.021968784,0.02202538773417473,5.660373417472678e-05,up,0.0226,17.0
2026-Q3,网络工程师,程序设计与软件工程,0.016842987,0.016735535115003586,-0.00010745188499641442,down,0.0166,17.0
2026-Q3,网络工程师,算法与数据结构,0.0004464524,0.0004329654620960355,-1.3486937903964507e-05,down,0.0,14.0
2026-Q3,网络工程师,系统测试与质量评估,0.012197072,0.011945502832531929,-0.00025156916746807076,down,0.0121,17.0
2026-Q3,网络工程师,系统部署交付与运维,0.056784067,0.0567069910466671,-7.707595333290157e-05,down,0.0558,17.0
2026-Q3,网络工程师,终身学习与知识更新,0.042283084,0.042364973574876785,8.188957487678672e-05,up,0.0407,17.0
2026-Q3,网络工程师,网络安全与数据隐私,0.076671734,0.07685284316539764,0.00018110916539763877,up,0.0739,17.0
2026-Q3,网络工程师,自我监测与工作复盘,0.002999098,0.002875429345294833,-0.00012366865470516677,down,0.0015,17.0
2026-Q3,网络工程师,自然语言处理技术,5.283422e-06,4.2687461245805025e-06,-1.0146758754194978e-06,down,0.0,3.0
2026-Q3,网络工程师,计算数学与数据建模,0.00027254294,0.00025997438933700323,-1.2568550662996774e-05,down,0.0,10.0
2026-Q3,网络工程师,计算机硬件与数字电路,0.0126437,0.012716414406895638,7.271440689563674e-05,up,0.0121,17.0
2026-Q3,网络工程师,计算机网络与通信技术,0.13203008,0.13221623003482819,0.00018615003482819192,up,0.1312,17.0
2026-Q3,网络工程师,计算机视觉与多模态,0.0005470627,0.0005562971346080303,9.234434608030337e-06,up,0.0015,11.0
2026-Q3,网络工程师,说服与分歧谈判,0.0028508985,0.0028456933796405792,-5.2051203594206605e-06,down,0.0015,16.0
2026-Q3,网络工程师,负责任AI与可解释性,5.811188e-05,6.289250450208783e-05,4.780624502087831e-06,up,0.0015,4.0
2026-Q3,网络工程师,软件架构与系统设计,0.014580192,0.01474035158753395,0.0001601595875339503,up,0.0151,17.0
2026-Q3,网络工程师,需求洞察与服务意识,0.048941683,0.049617402255535126,0.000675719255535126,up,0.0468,17.0
2026-Q3,网页设计师,严谨细致与诚信自律,0.077686444,0.07778201997280121,9.55759728012151e-05,up,0.0778,16.0
2026-Q3,网页设计师,书面技术文档撰写,0.017103728,0.01735648140311241,0.0002527534031124129,up,0.0167,17.0
2026-Q3,网页设计师,人机交互与用户体验,0.16385618,0.16441145539283752,0.0005552753928375342,up,0.1556,17.0
2026-Q3,网页设计师,信息管理与数字素养,0.008905217,0.009579954668879509,0.000674737668879509,up,0.0056,16.0
2026-Q3,网页设计师,创造力与创新思维,0.106082976,0.10468120127916336,-0.001401774720836635,down,0.0944,17.0
2026-Q3,网页设计师,口头技术沟通与汇报,0.10387227,0.10139494389295578,-0.0024773261070442226,down,0.1056,16.0
2026-Q3,网页设计师,团队协作与协调,0.12903786,0.1297929883003235,0.0007551283003234821,up,0.1389,17.0
2026-Q3,网页设计师,图形与交互技术,0.071819276,0.07153774052858353,-0.0002815354714164747,down,0.0556,17.0
2026-Q3,网页设计师,多方权衡与方案决策,0.00078789773,0.0008039558306336403,1.605810063364031e-05,up,0.0,9.0
2026-Q3,网页设计师,嵌入式系统与固件开发,1.6469596e-05,2.1898304112255573e-05,5.428708112255572e-06,up,0.0,1.0
2026-Q3,网页设计师,归纳与演绎推理,0.00028289726,0.00027372431941330433,-9.172940586695661e-06,down,0.0,6.0
2026-Q3,网页设计师,批判性逻辑思考,0.015966203,0.015453734435141087,-0.0005124685648589151,down,0.0222,16.0
2026-Q3,网页设计师,提示设计与提示工程,0.00035543035,0.00026637210976332426,-8.905824023667575e-05,down,0.0056,2.0
2026-Q3,网页设计师,操作系统与系统管理,5.6623307e-05,8.146680193021894e-05,2.4843494930218932e-05,up,0.0,5.0
2026-Q3,网页设计师,数据分析与可视化,0.017433956,0.01757889613509178,0.00014494013509178116,up,0.0278,15.0
2026-Q3,网页设计师,数据管理与数据库,0.001597665,0.0017232784302905202,0.00012561343029052013,up,0.0056,9.0
2026-Q3,网页设计师,时间与资源统筹管理,0.01723941,0.016226405277848244,-0.0010130047221517564,down,0.0056,16.0
2026-Q3,网页设计师,机器学习与深度学习,3.7226593e-05,3.921199822798371e-05,1.985405227983712e-06,up,0.0,2.0
2026-Q3,网页设计师,环境适应与压力耐受,0.044394426,0.04435040429234505,-4.4021707654953723e-05,down,0.0278,16.0
2026-Q3,网页设计师,生成式AI原理与应用,0.009222927,0.009461365640163422,0.00023843864016342108,up,0.0389,9.0
2026-Q3,网页设计师,生成式AI应用开发,0.005861051,0.004991705995053053,-0.000869345004946947,down,0.0056,3.0
2026-Q3,网页设计师,目标导向与攻坚韧性,0.03167954,0.03192532807588577,0.0002457880758857736,up,0.05,16.0
2026-Q3,网页设计师,程序设计与软件工程,0.046772603,0.04612409323453903,-0.0006485097654609709,down,0.0444,17.0
2026-Q3,网页设计师,系统测试与质量评估,0.004639006,0.004765972029417753,0.00012696602941775301,up,0.0056,14.0
2026-Q3,网页设计师,系统部署交付与运维,0.00031651463,0.0003306465223431587,1.4131892343158747e-05,up,0.0,8.0
2026-Q3,网页设计师,终身学习与知识更新,0.044246662,0.045762352645397186,0.0015156906453971872,up,0.0444,16.0
2026-Q3,网页设计师,网络安全与数据隐私,2.9592018e-05,4.0428771171718836e-05,1.0836753171718836e-05,up,0.0,4.0
2026-Q3,网页设计师,自我监测与工作复盘,0.0010938079,0.0011532180942595005,5.9410194259500605e-05,up,0.0,12.0
2026-Q3,网页设计师,计算机网络与通信技术,0.0008726744,0.001159766921773553,0.00028709252177355293,up,0.0,10.0
2026-Q3,网页设计师,计算机视觉与多模态,1.3688987e-05,2.917711390182376e-05,1.5488126901823757e-05,up,0.0,1.0
2026-Q3,网页设计师,说服与分歧谈判,0.00040789007,0.0003704633563756943,-3.7426713624305716e-05,down,0.0,7.0
2026-Q3,网页设计师,负责任AI与可解释性,6.0167076e-06,1.1719705071300268e-05,5.702997471300268e-06,up,0.0,1.0
2026-Q3,网页设计师,软件架构与系统设计,0.0003266459,0.00042711186688393354,0.00010046596688393353,up,0.0,9.0
2026-Q3,网页设计师,需求洞察与服务意识,0.052151933,0.0504830926656723,-0.0016688403343276953,down,0.0667,16.0
2026-Q3,脚本开发工程师,AI任务拆解与规划,0.008567789,0.00941141415387392,0.0008436251538739212,up,0.0213,11.0
2026-Q3,脚本开发工程师,AI安全与风险防控,-6.4419146e-07,3.2027237466536462e-06,3.846915206653646e-06,up,0.0,1.0
2026-Q3,脚本开发工程师,AI智能体构建与编排,-6.998889e-06,1.344678457826376e-05,2.044567357826376e-05,up,0.0,5.0
2026-Q3,脚本开发工程师,AI输出质量评估,2.7969596e-05,4.684837767854333e-05,1.887878167854333e-05,up,0.0,1.0
2026-Q3,脚本开发工程师,RAG与向量数据库,2.4063775e-06,6.693779141642153e-06,4.287401641642154e-06,up,0.0,1.0
2026-Q3,脚本开发工程师,严谨细致与诚信自律,0.027144974,0.027017541229724884,-0.00012743277027511477,down,0.0213,17.0
2026-Q3,脚本开发工程师,书面技术文档撰写,0.057207238,0.058120012283325195,0.0009127742833251948,up,0.0426,17.0
2026-Q3,脚本开发工程师,云原生与分布式系统,0.0020222517,0.0018109313677996397,-0.00021132033220036019,down,0.0,12.0
2026-Q3,脚本开发工程师,人机交互与用户体验,0.0014885815,0.0017783697694540024,0.0002897882694540023,up,0.0,9.0
2026-Q3,脚本开发工程师,人机语义对齐与协同,-1.867619e-05,-1.0166928404942155e-05,8.509261595057844e-06,up,0.0,2.0
2026-Q3,脚本开发工程师,仿真数据合成,7.404544e-05,5.561072612181306e-05,-1.8434713878186945e-05,down,0.0,4.0
2026-Q3,脚本开发工程师,信息管理与数字素养,0.0152644105,0.015358313918113708,9.390341811370793e-05,up,0.0213,14.0
2026-Q3,脚本开发工程师,创造力与创新思维,0.018748574,0.018750032410025597,1.4584100255961296e-06,up,0.0213,17.0
2026-Q3,脚本开发工程师,口头技术沟通与汇报,0.084013864,0.08289200812578201,-0.0011218558742179807,down,0.1064,17.0
2026-Q3,脚本开发工程师,团队协作与协调,0.084761046,0.08567722141742706,0.0009161754174270564,up,0.1064,17.0
2026-Q3,脚本开发工程师,图形与交互技术,0.0028154722,0.0031601800583302975,0.00034470785833029755,up,0.0,12.0
2026-Q3,脚本开发工程师,多方权衡与方案决策,0.011300163,0.011348186060786247,4.802306078624703e-05,up,0.0,14.0
2026-Q3,脚本开发工程师,大数据与分布式计算,0.00020073028,0.0002983873710036278,9.765709100362777e-05,up,0.0,9.0
2026-Q3,脚本开发工程师,大模型开发与微调,2.4063775e-06,6.655995093751699e-06,4.249617593751699e-06,up,0.0,1.0
2026-Q3,脚本开发工程师,大模型选型与评测,6.971159e-05,0.00011153705418109894,4.182546418109894e-05,up,0.0,5.0
2026-Q3,脚本开发工程师,嵌入式系统与固件开发,0.003137655,0.0032287000212818384,9.104502128183837e-05,up,0.0,11.0
2026-Q3,脚本开发工程师,归纳与演绎推理,0.0004282419,0.00046226615086197853,3.4024250861978554e-05,up,0.0213,5.0
2026-Q3,脚本开发工程师,批判性逻辑思考,0.058361538,0.059513479471206665,0.0011519414712066675,up,0.0638,17.0
2026-Q3,脚本开发工程师,提示设计与提示工程,0.028780194,0.029268013313412666,0.0004878193134126678,up,0.0213,2.0
2026-Q3,脚本开发工程师,操作系统与系统管理,0.013364721,0.012908750213682652,-0.000455970786317348,down,0.0,14.0
2026-Q3,脚本开发工程师,数据分析与可视化,0.036731254,0.03687093406915665,0.00013968006915664882,up,0.0426,17.0
2026-Q3,脚本开发工程师,数据管理与数据库,0.05691357,0.057018451392650604,0.00010488139265060759,up,0.0638,16.0
2026-Q3,脚本开发工程师,时间与资源统筹管理,0.014376247,0.013208219781517982,-0.0011680272184820175,down,0.0,16.0
2026-Q3,脚本开发工程师,机器学习与深度学习,0.012452066,0.012711519375443459,0.0002594533754434591,up,0.0213,11.0
2026-Q3,脚本开发工程师,环境适应与压力耐受,0.024257613,0.023515814915299416,-0.0007417980847005852,down,0.0213,17.0
2026-Q3,脚本开发工程师,生成式AI原理与应用,0.021788428,0.021006694063544273,-0.0007817339364557252,down,0.0213,4.0
2026-Q3,脚本开发工程师,生成式AI应用开发,0.025654964,0.024417009204626083,-0.0012379547953739155,down,0.0638,12.0
2026-Q3,脚本开发工程师,目标导向与攻坚韧性,0.022050552,0.022034017369151115,-1.6534630848885623e-05,down,0.0213,16.0
2026-Q3,脚本开发工程师,程序设计与软件工程,0.11993181,0.12010401487350464,0.00017220487350463887,up,0.1277,17.0
2026-Q3,脚本开发工程师,算法与数据结构,0.0013931729,0.001668920274823904,0.00027574737482390413,up,0.0,14.0
2026-Q3,脚本开发工程师,系统测试与质量评估,0.01061568,0.010923342779278755,0.0003076627792787546,up,0.0,16.0
2026-Q3,脚本开发工程师,系统部署交付与运维,0.024899624,0.024685122072696686,-0.00021450192730331288,down,0.0213,16.0
2026-Q3,脚本开发工程师,终身学习与知识更新,0.055772647,0.0557735338807106,8.868807106002241e-07,up,0.0638,17.0
2026-Q3,脚本开发工程师,网络安全与数据隐私,0.0020031012,0.002589257201179862,0.0005861560011798622,up,0.0,8.0
2026-Q3,脚本开发工程师,自我监测与工作复盘,0.005355334,0.005273780785501003,-8.155321449899652e-05,down,0.0,12.0
2026-Q3,脚本开发工程师,自然语言处理技术,0.0014769149,0.0013717964757233858,-0.00010511842427661424,down,0.0,9.0
2026-Q3,脚本开发工程师,计算数学与数据建模,0.0005862522,0.0006395014934241772,5.324929342417721e-05,up,0.0,11.0
2026-Q3,脚本开发工程师,计算机硬件与数字电路,0.007187318,0.00729483924806118,0.00010752124806118028,up,0.0213,11.0
2026-Q3,脚本开发工程师,计算机网络与通信技术,0.0056504635,0.008075375109910965,0.0024249116099109647,up,0.0,13.0
2026-Q3,脚本开发工程师,计算机视觉与多模态,0.00026631006,0.00033034011721611023,6.403005721611024e-05,up,0.0,7.0
2026-Q3,脚本开发工程师,说服与分歧谈判,0.0017573792,0.0010168468579649925,-0.0007405323420350074,down,0.0,5.0
2026-Q3,脚本开发工程师,软件架构与系统设计,0.020968672,0.022262541577219963,0.0012938695772199624,up,0.0213,16.0
2026-Q3,脚本开发工程师,需求洞察与服务意识,0.056775752,0.05647951737046242,-0.0002962346295375812,down,0.0426,17.0
2026-Q3,自然语言处理(NLP)工程师,AI任务拆解与规划,0.00092912477,0.0010304677998647094,0.00010134302986470939,up,0.0,9.0
2026-Q3,自然语言处理(NLP)工程师,AI安全与风险防控,0.00016813562,0.00024263327941298485,7.449765941298486e-05,up,0.0,6.0
2026-Q3,自然语言处理(NLP)工程师,AI幻觉识别与校验,0.0052634156,0.005380631424486637,0.00011721582448663732,up,0.0087,13.0
2026-Q3,自然语言处理(NLP)工程师,AI智能体构建与编排,0.014046947,0.015955809503793716,0.0019088625037937158,up,0.0174,14.0
2026-Q3,自然语言处理(NLP)工程师,AI输出质量评估,0.0070341416,0.006884678266942501,-0.00014946333305749897,down,0.0087,11.0
2026-Q3,自然语言处理(NLP)工程师,RAG与向量数据库,0.035209402,0.034842006862163544,-0.00036739513783645705,down,0.0348,14.0
2026-Q3,自然语言处理(NLP)工程师,严谨细致与诚信自律,0.017204119,0.016909144818782806,-0.00029497418121719396,down,0.0174,16.0
2026-Q3,自然语言处理(NLP)工程师,书面技术文档撰写,0.029641857,0.030390316620469093,0.0007484596204690927,up,0.0,15.0
2026-Q3,自然语言处理(NLP)工程师,云原生与分布式系统,0.011632441,0.011277244426310062,-0.0003551965736899379,down,0.0087,16.0
2026-Q3,自然语言处理(NLP)工程师,人机交互与用户体验,0.0012317728,0.0015467354096472263,0.0003149626096472264,up,0.0,10.0
2026-Q3,自然语言处理(NLP)工程师,人机语义对齐与协同,-7.5154094e-07,3.155226295348257e-06,3.906767235348257e-06,up,0.0,1.0
2026-Q3,自然语言处理(NLP)工程师,仿真数据合成,2.940942e-06,-2.9771472327411175e-06,-5.9180892327411174e-06,down,0.0,4.0
2026-Q3,自然语言处理(NLP)工程师,信息管理与数字素养,0.005693411,0.005972967483103275,0.0002795564831032755,up,0.0174,13.0
2026-Q3,自然语言处理(NLP)工程师,创造力与创新思维,0.0026587443,0.002761976793408394,0.00010323249340839398,up,0.0,13.0
2026-Q3,自然语言处理(NLP)工程师,口头技术沟通与汇报,0.03720214,0.03829505294561386,0.0010929129456138595,up,0.0348,16.0
2026-Q3,自然语言处理(NLP)工程师,团队协作与协调,0.0642637,0.0640886053442955,-0.00017509465570450522,down,0.0696,16.0
2026-Q3,自然语言处理(NLP)工程师,图形与交互技术,-9.595315e-07,1.3640528777614236e-06,2.323584377761424e-06,up,0.0,1.0
2026-Q3,自然语言处理(NLP)工程师,多方权衡与方案决策,0.0050264867,0.005030863452702761,4.376752702760743e-06,up,0.0087,14.0
2026-Q3,自然语言处理(NLP)工程师,大数据与分布式计算,0.0002973955,0.0008285138756036758,0.0005311183756036759,up,0.0,15.0
2026-Q3,自然语言处理(NLP)工程师,大模型开发与微调,0.025616067,0.02535095065832138,-0.0002651163416786187,down,0.0261,15.0
2026-Q3,自然语言处理(NLP)工程师,大模型选型与评测,0.039307695,0.038403138518333435,-0.0009045564816665616,down,0.0435,16.0
2026-Q3,自然语言处理(NLP)工程师,嵌入式系统与固件开发,0.0067526014,0.006218453403562307,-0.0005341479964376923,down,0.0087,4.0
2026-Q3,自然语言处理(NLP)工程师,归纳与演绎推理,0.00047671061,0.0005328776314854622,5.6167021485462206e-05,up,0.0,10.0
2026-Q3,自然语言处理(NLP)工程师,批判性逻辑思考,0.044680476,0.045502521097660065,0.000822045097660068,up,0.0522,16.0
2026-Q3,自然语言处理(NLP)工程师,提示设计与提示工程,0.017314043,0.017064746469259262,-0.0002492965307407391,down,0.0261,12.0
2026-Q3,自然语言处理(NLP)工程师,操作系统与系统管理,0.008172515,0.00798843614757061,-0.00018407885242938994,down,0.0087,16.0
2026-Q3,自然语言处理(NLP)工程师,数据分析与可视化,0.03292493,0.032981596887111664,5.666688711166573e-05,up,0.0261,16.0
2026-Q3,自然语言处理(NLP)工程师,数据管理与数据库,0.030053375,0.029128484427928925,-0.0009248905720710757,down,0.0261,16.0
2026-Q3,自然语言处理(NLP)工程师,时间与资源统筹管理,0.0060052155,0.005985430907458067,-1.9784592541933176e-05,down,0.0,14.0
2026-Q3,自然语言处理(NLP)工程师,机器学习与深度学习,0.08203162,0.08099875599145889,-0.0010328640085411067,down,0.087,16.0
2026-Q3,自然语言处理(NLP)工程师,环境适应与压力耐受,0.009801746,0.009655755944550037,-0.00014599005544996269,down,0.0087,14.0
2026-Q3,自然语言处理(NLP)工程师,生成式AI原理与应用,0.013591435,0.01460015494376421,0.001008719943764209,up,0.0087,16.0
2026-Q3,自然语言处理(NLP)工程师,生成式AI应用开发,0.04155782,0.03908286243677139,-0.0024749575632286094,down,0.0435,16.0
2026-Q3,自然语言处理(NLP)工程师,目标导向与攻坚韧性,0.015175176,0.015282112173736095,0.00010693617373609514,up,0.0087,16.0
2026-Q3,自然语言处理(NLP)工程师,程序设计与软件工程,0.081108995,0.08112513273954391,1.6137739543911622e-05,up,0.087,16.0
2026-Q3,自然语言处理(NLP)工程师,算法与数据结构,0.034770202,0.03358905017375946,-0.0011811518262405396,down,0.0348,16.0
2026-Q3,自然语言处理(NLP)工程师,系统测试与质量评估,0.016212853,0.016049843281507492,-0.00016300971849250723,down,0.0174,15.0
2026-Q3,自然语言处理(NLP)工程师,系统部署交付与运维,0.017977824,0.017489369958639145,-0.000488454041360855,down,0.0522,16.0
2026-Q3,自然语言处理(NLP)工程师,终身学习与知识更新,0.047732312,0.04759535193443298,-0.00013696006556701557,down,0.0522,16.0
2026-Q3,自然语言处理(NLP)工程师,网络安全与数据隐私,0.0007367464,0.0007702105795033276,3.346417950332765e-05,up,0.0,9.0
2026-Q3,自然语言处理(NLP)工程师,自我监测与工作复盘,0.010720564,0.010189065709710121,-0.000531498290289879,down,0.0087,10.0
2026-Q3,自然语言处理(NLP)工程师,自然语言处理技术,0.091663755,0.09131237864494324,-0.00035137635505676224,down,0.0957,16.0
2026-Q3,自然语言处理(NLP)工程师,计算数学与数据建模,0.009085044,0.009165734983980656,8.069098398065522e-05,up,0.0087,16.0
2026-Q3,自然语言处理(NLP)工程师,计算机硬件与数字电路,0.00010969816,0.00013027642853558064,2.057826853558063e-05,up,0.0,6.0
2026-Q3,自然语言处理(NLP)工程师,计算机网络与通信技术,0.0006875703,0.000812375161331147,0.00012480486133114698,up,0.0,9.0
2026-Q3,自然语言处理(NLP)工程师,计算机视觉与多模态,0.017465817,0.01776145026087761,0.0002956332608776077,up,0.0174,16.0
2026-Q3,自然语言处理(NLP)工程师,说服与分歧谈判,6.9846574e-06,9.777737432159483e-06,2.7930800321594836e-06,up,0.0,1.0
2026-Q3,自然语言处理(NLP)工程师,负责任AI与可解释性,0.00039450265,0.00045893085189163685,6.442820189163687e-05,up,0.0,7.0
2026-Q3,自然语言处理(NLP)工程师,软件架构与系统设计,0.017020399,0.016772091388702393,-0.000248307611297606,down,0.0174,16.0
2026-Q3,自然语言处理(NLP)工程师,需求洞察与服务意识,0.015680317,0.01615835726261139,0.00047804026261139,up,0.0087,16.0
2026-Q3,解决方案经理,AI任务拆解与规划,0.003080549,0.0031387731432914734,5.8224143291473254e-05,up,0.0039,17.0
2026-Q3,解决方案经理,AI安全与风险防控,-8.7379885e-07,3.946741344407201e-06,4.820540194407201e-06,up,0.0,5.0
2026-Q3,解决方案经理,AI智能体构建与编排,0.0026508023,0.002703359117731452,5.255681773145204e-05,up,0.0029,5.0
2026-Q3,解决方案经理,AI输出质量评估,0.00024576575,0.00023293675621971488,-1.2828993780285107e-05,down,0.001,7.0
2026-Q3,解决方案经理,RAG与向量数据库,0.0010633375,0.001066736876964569,3.399376964569002e-06,up,0.0019,4.0
2026-Q3,解决方案经理,严谨细致与诚信自律,0.03551155,0.03553358092904091,2.2030929040905978e-05,up,0.0359,17.0
2026-Q3,解决方案经理,书面技术文档撰写,0.080030814,0.08022027462720871,0.00018946062720870405,up,0.0795,17.0
2026-Q3,解决方案经理,云原生与分布式系统,0.016682386,0.016312528401613235,-0.00036985759838676496,down,0.0145,17.0
2026-Q3,解决方案经理,人机交互与用户体验,0.0057241083,0.005884705111384392,0.0001605968113843918,up,0.0039,17.0
2026-Q3,解决方案经理,人机语义对齐与协同,0.0013341955,0.0013428819365799427,8.686436579942707e-06,up,0.001,4.0
2026-Q3,解决方案经理,仿真数据合成,-5.8455043e-07,9.802315616980195e-07,1.5647819916980193e-06,up,0.0,4.0
2026-Q3,解决方案经理,信息管理与数字素养,0.030959157,0.03147445619106293,0.0005152991910629262,up,0.0291,17.0
2026-Q3,解决方案经理,创造力与创新思维,0.025023414,0.02492806687951088,-9.534712048912125e-05,down,0.0233,17.0
2026-Q3,解决方案经理,口头技术沟通与汇报,0.094892874,0.09657436609268188,0.0016814920926818827,up,0.093,17.0
2026-Q3,解决方案经理,团队协作与协调,0.0897477,0.08989740163087845,0.0001497016308784488,up,0.0882,17.0
2026-Q3,解决方案经理,图形与交互技术,0.0030117538,0.003045423422008753,3.3669622008752724e-05,up,0.0048,16.0
2026-Q3,解决方案经理,多方权衡与方案决策,0.0516535,0.051460374146699905,-0.00019312585330009263,down,0.0504,17.0
2026-Q3,解决方案经理,大数据与分布式计算,0.009381636,0.00934678502380848,-3.485097619152118e-05,down,0.0097,17.0
2026-Q3,解决方案经理,大模型开发与微调,0.00023468136,0.00016946597315836698,-6.521538684163303e-05,down,0.001,3.0
2026-Q3,解决方案经理,大模型选型与评测,0.002933594,0.0029601810965687037,2.658709656870378e-05,up,0.0029,11.0
2026-Q3,解决方案经理,嵌入式系统与固件开发,0.010418877,0.010091103613376617,-0.00032777338662338257,down,0.0126,16.0
2026-Q3,解决方案经理,归纳与演绎推理,0.0028334726,0.0030782707035541534,0.0002447981035541536,up,0.001,16.0
2026-Q3,解决方案经理,批判性逻辑思考,0.05674625,0.05731067433953285,0.0005644243395328541,up,0.0601,17.0
2026-Q3,解决方案经理,提示设计与提示工程,6.332575e-07,1.5431705833179876e-06,9.099130833179876e-07,up,0.0,1.0
2026-Q3,解决方案经理,操作系统与系统管理,0.0024342933,0.002437254413962364,2.9611139623643944e-06,up,0.0019,16.0
2026-Q3,解决方案经理,数据分析与可视化,0.013482304,0.013536517508327961,5.421350832796046e-05,up,0.0145,17.0
2026-Q3,解决方案经理,数据管理与数据库,0.009337686,0.009319106116890907,-1.857988310909227e-05,down,0.0107,17.0
2026-Q3,解决方案经理,时间与资源统筹管理,0.031258963,0.030887020751833916,-0.000371942248166085,down,0.0281,17.0
2026-Q3,解决方案经理,机器学习与深度学习,0.011051801,0.010879882611334324,-0.0001719183886656761,down,0.0145,17.0
2026-Q3,解决方案经理,环境适应与压力耐受,0.05022305,0.05034948140382767,0.000126431403827669,up,0.0562,17.0
2026-Q3,解决方案经理,生成式AI原理与应用,0.00725629,0.007266731932759285,1.0441932759284664e-05,up,0.0078,9.0
2026-Q3,解决方案经理,生成式AI应用开发,0.0023302354,0.002271247562021017,-5.898783797898301e-05,down,0.0029,11.0
2026-Q3,解决方案经理,目标导向与攻坚韧性,0.039292764,0.039235204458236694,-5.755954176330652e-05,down,0.0407,17.0
2026-Q3,解决方案经理,程序设计与软件工程,0.015369872,0.015400254167616367,3.038216761636764e-05,up,0.0165,17.0
2026-Q3,解决方案经理,算法与数据结构,1.991127e-05,2.4854001821950078e-05,4.9427318219500765e-06,up,0.0,6.0
2026-Q3,解决方案经理,系统测试与质量评估,0.0045912727,0.004528671968728304,-6.26007312716963e-05,down,0.0048,17.0
2026-Q3,解决方案经理,系统部署交付与运维,0.0069391085,0.0068592200987041,-7.988840129590034e-05,down,0.0068,17.0
2026-Q3,解决方案经理,终身学习与知识更新,0.05159832,0.05155047029256821,-4.7849707431796284e-05,down,0.0533,17.0
2026-Q3,解决方案经理,网络安全与数据隐私,0.011380966,0.011520431376993656,0.00013946537699365685,up,0.0097,17.0
2026-Q3,解决方案经理,自我监测与工作复盘,0.009203342,0.009048876352608204,-0.00015446564739179588,down,0.0087,16.0
2026-Q3,解决方案经理,自然语言处理技术,0.0005181035,0.0005023243138566613,-1.5779186143338644e-05,down,0.0,9.0
2026-Q3,解决方案经理,计算数学与数据建模,0.003948526,0.003941497765481472,-7.02823451852793e-06,down,0.0048,17.0
2026-Q3,解决方案经理,计算机硬件与数字电路,0.006169462,0.006305194925516844,0.0001357329255168441,up,0.0097,17.0
2026-Q3,解决方案经理,计算机网络与通信技术,0.021615567,0.021650968119502068,3.540111950206884e-05,up,0.0233,17.0
2026-Q3,解决方案经理,计算机视觉与多模态,0.0037698932,0.003766619134694338,-3.2740653056620786e-06,down,0.0039,16.0
2026-Q3,解决方案经理,说服与分歧谈判,0.030250032,0.030254285782575607,4.253782575607684e-06,up,0.032,17.0
2026-Q3,解决方案经理,负责任AI与可解释性,-5.16673e-07,1.4350043784361333e-06,1.9516773784361332e-06,up,0.0,1.0
2026-Q3,解决方案经理,软件架构与系统设计,0.031655207,0.031714096665382385,5.8889665382387546e-05,up,0.0359,17.0
2026-Q3,解决方案经理,需求洞察与服务意识,0.09443819,0.09470325708389282,0.0002650670838928171,up,0.093,17.0
2026-Q3,设计经理/主管,AI任务拆解与规划,0.0010623015,0.0010627307929098606,4.292929098605701e-07,up,0.0,6.0
2026-Q3,设计经理/主管,AI输出质量评估,3.738678e-06,1.392606645822525e-05,1.018738845822525e-05,up,0.0,6.0
2026-Q3,设计经理/主管,严谨细致与诚信自律,0.056413703,0.05409473553299904,-0.002318967467000964,down,0.0,16.0
2026-Q3,设计经理/主管,书面技术文档撰写,0.018412787,0.018454575911164284,4.178891116428385e-05,up,0.0,14.0
2026-Q3,设计经理/主管,人机交互与用户体验,0.06525161,0.06984291970729828,0.004591309707298277,up,0.0,16.0
2026-Q3,设计经理/主管,信息管理与数字素养,0.0069355113,0.0073929438367486,0.00045743253674860023,up,0.0,12.0
2026-Q3,设计经理/主管,创造力与创新思维,0.068687424,0.07439237087965012,0.005704946879650119,up,0.0,16.0
2026-Q3,设计经理/主管,口头技术沟通与汇报,0.026353136,0.03653949871659279,0.01018636271659279,up,0.0,16.0
2026-Q3,设计经理/主管,团队协作与协调,0.076596834,0.08341515809297562,0.006818324092975614,up,0.0,16.0
2026-Q3,设计经理/主管,图形与交互技术,0.01550132,0.015325624495744705,-0.00017569550425529552,down,0.0,15.0
2026-Q3,设计经理/主管,多方权衡与方案决策,0.0090844855,0.011061681434512138,0.001977195934512139,up,0.0,16.0
2026-Q3,设计经理/主管,嵌入式系统与固件开发,0.00071775913,0.0009620203636586666,0.0002442612336586666,up,0.0,11.0
2026-Q3,设计经理/主管,归纳与演绎推理,6.715348e-05,0.00011954177170991898,5.238829170991897e-05,up,0.0,7.0
2026-Q3,设计经理/主管,批判性逻辑思考,0.03016599,0.028608674183487892,-0.001557315816512108,down,0.0,16.0
2026-Q3,设计经理/主管,操作系统与系统管理,4.3373642e-05,5.143816815689206e-05,8.064526156892059e-06,up,0.0,1.0
2026-Q3,设计经理/主管,数据分析与可视化,0.013165722,0.013982981443405151,0.0008172594434051519,up,0.0,15.0
2026-Q3,设计经理/主管,数据管理与数据库,0.00016533304,0.00023095402866601944,6.562098866601945e-05,up,0.0,9.0
2026-Q3,设计经理/主管,时间与资源统筹管理,0.023084413,0.027276303619146347,0.0041918906191463455,up,0.0,16.0
2026-Q3,设计经理/主管,机器学习与深度学习,1.6318518e-05,6.352015770971775e-05,4.720163970971775e-05,up,0.0,2.0
2026-Q3,设计经理/主管,环境适应与压力耐受,0.013443526,0.011816095560789108,-0.0016274304392108925,down,0.0,16.0
2026-Q3,设计经理/主管,生成式AI原理与应用,2.9599993e-05,7.238541729748249e-05,4.278542429748249e-05,up,0.0,6.0
2026-Q3,设计经理/主管,生成式AI应用开发,-7.655937e-06,-1.857406459748745e-07,7.470196354025126e-06,up,0.0,2.0
2026-Q3,设计经理/主管,目标导向与攻坚韧性,0.01108145,0.00821775570511818,-0.0028636942948818203,down,0.0,16.0
2026-Q3,设计经理/主管,程序设计与软件工程,0.004410436,0.0044192238710820675,8.787871082067272e-06,up,0.0,11.0
2026-Q3,设计经理/主管,算法与数据结构,3.349103e-05,3.522395854815841e-05,1.7329285481584102e-06,up,0.0,1.0
2026-Q3,设计经理/主管,系统测试与质量评估,0.0010438568,0.001063925912603736,2.006911260373596e-05,up,0.0,8.0
2026-Q3,设计经理/主管,系统部署交付与运维,1.4448393e-05,2.010264142882079e-05,5.654248428820789e-06,up,0.0,1.0
2026-Q3,设计经理/主管,终身学习与知识更新,0.022907764,0.025411194190382957,0.002503430190382957,up,0.0,15.0
2026-Q3,设计经理/主管,网络安全与数据隐私,2.451532e-05,3.6554993130266666e-05,1.2039673130266666e-05,up,0.0,4.0
2026-Q3,设计经理/主管,自我监测与工作复盘,0.021288736,0.02083154022693634,-0.00045719577306365874,down,0.0,15.0
2026-Q3,设计经理/主管,计算数学与数据建模,2.0698644e-07,8.64656176418066e-05,8.62586312018066e-05,up,0.0,5.0
2026-Q3,设计经理/主管,计算机硬件与数字电路,0.0008180393,0.0008307874668389559,1.274816683895588e-05,up,0.0,9.0
2026-Q3,设计经理/主管,计算机网络与通信技术,-1.5696103e-05,-1.2945965863764286e-06,1.440150641362357e-05,up,0.0,3.0
2026-Q3,设计经理/主管,计算机视觉与多模态,0.00015680492,0.0001791035756468773,2.229865564687728e-05,up,0.0,7.0
2026-Q3,设计经理/主管,说服与分歧谈判,0.0081883175,0.00789570901542902,-0.0002926084845709803,down,0.0,12.0
2026-Q3,设计经理/主管,负责任AI与可解释性,1.9616476e-05,3.230359288863838e-05,1.2687116888638379e-05,up,0.0,2.0
2026-Q3,设计经理/主管,软件架构与系统设计,0.0046357918,0.005561848171055317,0.0009260563710553173,up,0.0,13.0
2026-Q3,设计经理/主管,需求洞察与服务意识,0.0504928,0.052834402769804,0.0023416027698040034,up,0.0,16.0
2026-Q3,语音识别工程师,AI任务拆解与规划,-9.066542e-06,9.904964827001095e-06,1.8971506827001095e-05,up,0.0,3.0
2026-Q3,语音识别工程师,AI幻觉识别与校验,0.00018872553,0.00023868167772889137,4.995614772889138e-05,up,0.0,3.0
2026-Q3,语音识别工程师,AI智能体构建与编排,-4.154083e-05,-1.1980650015175343e-05,2.956017998482466e-05,up,0.0,3.0
2026-Q3,语音识别工程师,AI输出质量评估,-2.9792544e-05,0.000114064896479249,0.000143857440479249,up,0.0,5.0
2026-Q3,语音识别工程师,RAG与向量数据库,-2.2191904e-05,-6.4934720285236835e-06,1.5698431971476317e-05,up,0.0,1.0
2026-Q3,语音识别工程师,严谨细致与诚信自律,0.023981236,0.022195938974618912,-0.0017852970253810878,down,0.0513,12.0
2026-Q3,语音识别工程师,书面技术文档撰写,0.0397762,0.04029052332043648,0.00051432332043648,up,0.0513,13.0
2026-Q3,语音识别工程师,云原生与分布式系统,0.009007372,0.00823634397238493,-0.0007710280276150699,down,0.0256,10.0
2026-Q3,语音识别工程师,人机交互与用户体验,0.0014345169,0.0017346707172691822,0.0003001538172691823,up,0.0,8.0
2026-Q3,语音识别工程师,仿真数据合成,1.2538629e-05,2.3834407329559326e-05,1.1295778329559326e-05,up,0.0,1.0
2026-Q3,语音识别工程师,信息管理与数字素养,0.00011023134,6.397906690835953e-05,-4.625227309164048e-05,down,0.0,5.0
2026-Q3,语音识别工程师,创造力与创新思维,0.0057157185,0.006217566318809986,0.0005018478188099865,up,0.0,12.0
2026-Q3,语音识别工程师,口头技术沟通与汇报,0.049978517,0.04988013952970505,-9.837747029495247e-05,down,0.0513,15.0
2026-Q3,语音识别工程师,团队协作与协调,0.05486813,0.05606081336736679,0.0011926833673667897,up,0.0513,15.0
2026-Q3,语音识别工程师,多方权衡与方案决策,0.0006171311,0.0006690267473459244,5.1895647345924414e-05,up,0.0,6.0
2026-Q3,语音识别工程师,大数据与分布式计算,6.690365e-05,0.00010218657553195953,3.5282925531959536e-05,up,0.0,5.0
2026-Q3,语音识别工程师,大模型开发与微调,0.0024817646,0.002722864504903555,0.00024109990490355513,up,0.0256,9.0
2026-Q3,语音识别工程师,大模型选型与评测,0.00021776312,0.00027920620050281286,6.144308050281286e-05,up,0.0,3.0
2026-Q3,语音识别工程师,嵌入式系统与固件开发,0.030465335,0.030113879591226578,-0.0003514554087734219,down,0.0256,13.0
2026-Q3,语音识别工程师,异构模态组合与泛化能力,1.2538454e-05,2.326519461348653e-05,1.0726740613486529e-05,up,0.0,1.0
2026-Q3,语音识别工程师,归纳与演绎推理,0.0001694255,0.0002652101684361696,9.578466843616963e-05,up,0.0,7.0
2026-Q3,语音识别工程师,批判性逻辑思考,0.041535757,0.04426869750022888,0.0027329405002288823,up,0.0513,15.0
2026-Q3,语音识别工程师,操作系统与系统管理,0.019840954,0.01971341483294964,-0.00012753916705036256,down,0.0513,13.0
2026-Q3,语音识别工程师,数据分析与可视化,0.009442368,0.009728600271046162,0.00028623227104616206,up,0.0,13.0
2026-Q3,语音识别工程师,数据管理与数据库,0.003006258,0.002572419121861458,-0.0004338388781385421,down,0.0,8.0
2026-Q3,语音识别工程师,时间与资源统筹管理,0.0023895004,0.002399054355919361,9.553955919361281e-06,up,0.0,9.0
2026-Q3,语音识别工程师,机器学习与深度学习,0.06946331,0.0704653188586235,0.0010020088586235043,up,0.0513,17.0
2026-Q3,语音识别工程师,环境适应与压力耐受,0.008344503,0.00852419063448906,0.0001796876344890598,up,0.0513,10.0
2026-Q3,语音识别工程师,生成式AI原理与应用,0.0073436107,0.007005615625530481,-0.0003379950744695189,down,0.0256,9.0
2026-Q3,语音识别工程师,生成式AI应用开发,0.0006063231,0.0005441997200250626,-6.212337997493745e-05,down,0.0,5.0
2026-Q3,语音识别工程师,目标导向与攻坚韧性,0.023883436,0.023917078971862793,3.3642971862792026e-05,up,0.0256,11.0
2026-Q3,语音识别工程师,程序设计与软件工程,0.090530425,0.08990469574928284,-0.0006257292507171608,down,0.0769,17.0
2026-Q3,语音识别工程师,算法与数据结构,0.036349807,0.037549134343862534,0.0011993273438625357,up,0.0513,15.0
2026-Q3,语音识别工程师,系统测试与质量评估,0.03499282,0.03459635376930237,-0.0003964662306976327,down,0.0513,13.0
2026-Q3,语音识别工程师,系统部署交付与运维,0.01100434,0.010429304093122482,-0.0005750359068775173,down,0.0256,9.0
2026-Q3,语音识别工程师,终身学习与知识更新,0.04242622,0.04187919944524765,-0.0005470205547523505,down,0.0513,15.0
2026-Q3,语音识别工程师,网络安全与数据隐私,8.623826e-05,0.00010456494055688381,1.832668055688381e-05,up,0.0,2.0
2026-Q3,语音识别工程师,自我监测与工作复盘,0.00022644643,0.00022623012773692608,-2.1630226307393094e-07,down,0.0,6.0
2026-Q3,语音识别工程师,自然语言处理技术,0.055204913,0.057276301085948944,0.002071388085948943,up,0.0513,16.0
2026-Q3,语音识别工程师,计算数学与数据建模,0.0011459533,0.0008623972535133362,-0.0002835560464866638,down,0.0,13.0
2026-Q3,语音识别工程师,计算机硬件与数字电路,0.016671725,0.015562089160084724,-0.001109635839915274,down,0.0256,8.0
2026-Q3,语音识别工程师,计算机网络与通信技术,0.004903209,0.004905395209789276,2.1862097892757365e-06,up,0.0,9.0
2026-Q3,语音识别工程师,计算机视觉与多模态,0.038774457,0.040187619626522064,0.001413162626522066,up,0.0513,15.0
2026-Q3,语音识别工程师,说服与分歧谈判,0.0001649193,0.0002461548428982496,8.123554289824963e-05,up,0.0,6.0
2026-Q3,语音识别工程师,软件架构与系统设计,0.016234824,0.016294259577989578,5.943557798957985e-05,up,0.0256,12.0
2026-Q3,语音识别工程师,需求洞察与服务意识,0.047592953,0.045922890305519104,-0.0016700626944808963,down,0.0513,13.0
2026-Q3,车联网工程师,AI任务拆解与规划,0.00047788932,0.0004728003405034542,-5.0889794965457646e-06,down,0.0,7.0
2026-Q3,车联网工程师,AI安全与风险防控,1.315515e-05,1.4024626580066979e-05,8.694765800669783e-07,up,0.0,2.0
2026-Q3,车联网工程师,严谨细致与诚信自律,0.016021933,0.016547562554478645,0.0005256295544786467,up,0.0,15.0
2026-Q3,车联网工程师,书面技术文档撰写,0.025039438,0.027743985876441002,0.0027045478764410012,up,0.0,15.0
2026-Q3,车联网工程师,云原生与分布式系统,0.021240935,0.020812828093767166,-0.00042810690623283285,down,0.0,15.0
2026-Q3,车联网工程师,人机交互与用户体验,0.008774549,0.009086217731237411,0.00031166873123741196,up,0.0,13.0
2026-Q3,车联网工程师,信息管理与数字素养,0.0002683811,0.0003163856454193592,4.800454541935918e-05,up,0.0,10.0
2026-Q3,车联网工程师,创造力与创新思维,0.009401213,0.00961847510188818,0.0002172621018881795,up,0.0,14.0
2026-Q3,车联网工程师,口头技术沟通与汇报,0.057308212,0.05865878239274025,0.0013505703927402524,up,0.0278,16.0
2026-Q3,车联网工程师,团队协作与协调,0.082864255,0.08287540823221207,1.1153232212068875e-05,up,0.1111,16.0
2026-Q3,车联网工程师,图形与交互技术,6.369967e-05,9.637465700507164e-05,3.2674987005071646e-05,up,0.0,7.0
2026-Q3,车联网工程师,多方权衡与方案决策,0.05983816,0.06189810484647751,0.002059944846477507,up,0.0833,16.0
2026-Q3,车联网工程师,大数据与分布式计算,0.0007548011,0.0007292730733752251,-2.5528026624774898e-05,down,0.0,11.0
2026-Q3,车联网工程师,大模型选型与评测,0.009190181,0.01015619095414877,0.000966009954148769,up,0.0278,1.0
2026-Q3,车联网工程师,嵌入式系统与固件开发,0.05144883,0.04969355836510658,-0.0017552716348934183,down,0.0556,16.0
2026-Q3,车联网工程师,归纳与演绎推理,0.001172248,0.0012871341314166784,0.00011488613141667835,up,0.0,11.0
2026-Q3,车联网工程师,批判性逻辑思考,0.025748655,0.023426780477166176,-0.002321874522833823,down,0.0,15.0
2026-Q3,车联网工程师,操作系统与系统管理,0.0044659926,0.0053139422088861465,0.0008479496088861461,up,0.0,15.0
2026-Q3,车联网工程师,数据分析与可视化,0.0032273522,0.004967152141034603,0.0017397999410346033,up,0.0,14.0
2026-Q3,车联网工程师,数据管理与数据库,0.012548769,0.011854908429086208,-0.0006938605709137912,down,0.0,14.0
2026-Q3,车联网工程师,时间与资源统筹管理,0.05731816,0.05676382780075073,-0.0005543321992492675,down,0.0556,16.0
2026-Q3,车联网工程师,机器学习与深度学习,0.0016582995,0.002255200408399105,0.0005969009083991051,up,0.0,11.0
2026-Q3,车联网工程师,环境适应与压力耐受,0.015607761,0.015376713126897812,-0.00023104787310218762,down,0.0,14.0
2026-Q3,车联网工程师,目标导向与攻坚韧性,0.049517028,0.05122782289981842,0.0017107948998184228,up,0.0833,16.0
2026-Q3,车联网工程师,程序设计与软件工程,0.07325141,0.07121062278747559,-0.002040787212524417,down,0.0556,16.0
2026-Q3,车联网工程师,算法与数据结构,0.0019424751,0.0016047032549977303,-0.0003377718450022697,down,0.0,9.0
2026-Q3,车联网工程师,系统测试与质量评估,0.057423633,0.056768178939819336,-0.0006554540601806658,down,0.0556,16.0
2026-Q3,车联网工程师,系统部署交付与运维,0.026333373,0.026440702378749847,0.00010732937874984722,up,0.0278,16.0
2026-Q3,车联网工程师,终身学习与知识更新,0.027705178,0.02778765745460987,8.247945460987047e-05,up,0.0278,16.0
2026-Q3,车联网工程师,网络安全与数据隐私,0.044268213,0.04256585240364075,-0.0017023605963592536,down,0.0556,15.0
2026-Q3,车联网工程师,自我监测与工作复盘,0.0011947681,0.0011830690782517195,-1.1699021748280474e-05,down,0.0,9.0
2026-Q3,车联网工程师,自然语言处理技术,6.7320885e-05,6.029615178704262e-05,-7.024733212957382e-06,down,0.0,4.0
2026-Q3,车联网工程师,计算数学与数据建模,0.00368634,0.003658226691186428,-2.811330881357212e-05,down,0.0278,9.0
2026-Q3,车联网工程师,计算机硬件与数字电路,0.0033909194,0.0032049929723143578,-0.00018592642768564243,down,0.0,13.0
2026-Q3,车联网工程师,计算机网络与通信技术,0.114696875,0.11264286190271378,-0.002054013097286228,down,0.1389,16.0
2026-Q3,车联网工程师,计算机视觉与多模态,0.00016249041,0.00022406666539609432,6.157625539609431e-05,up,0.0,8.0
2026-Q3,车联网工程师,说服与分歧谈判,0.009434739,0.009426867589354515,-7.871410645484203e-06,down,0.0278,13.0
2026-Q3,车联网工程师,负责任AI与可解释性,-6.24347e-06,-5.8552250266075134e-06,3.882449733924866e-07,up,0.0,3.0
2026-Q3,车联网工程师,软件架构与系统设计,0.04990782,0.050350893288850784,0.00044307328885078573,up,0.0833,16.0
2026-Q3,车联网工程师,需求洞察与服务意识,0.051453814,0.05093017593026161,-0.0005236380697383886,down,0.0556,16.0
2026-Q3,软件工程师,AI任务拆解与规划,0.000652928,0.0006471864180639386,-5.741581936061376e-06,down,0.0005,17.0
2026-Q3,软件工程师,AI安全与风险防控,0.0003177015,0.0003207233967259526,3.0218967259526314e-06,up,0.0002,16.0
2026-Q3,软件工程师,AI幻觉识别与校验,2.7614117e-08,2.1066931310542714e-08,-6.547185689457286e-09,down,0.0,0.0
2026-Q3,软件工程师,AI智能体构建与编排,0.00079814455,0.0007973482715897262,-7.962784102737413e-07,down,0.0009,6.0
2026-Q3,软件工程师,AI输出质量评估,-3.471614e-07,1.4667893992736936e-06,1.8139507992736936e-06,up,0.0,5.0
2026-Q3,软件工程师,RAG与向量数据库,0.00027500375,0.0002809273428283632,5.923592828363186e-06,up,0.0005,4.0
2026-Q3,软件工程师,严谨细致与诚信自律,0.04000991,0.03985041379928589,-0.00015949620071411402,down,0.0391,17.0
2026-Q3,软件工程师,书面技术文档撰写,0.07260532,0.0726567804813385,5.146048133850001e-05,up,0.0723,17.0
2026-Q3,软件工程师,云原生与分布式系统,0.0064924434,0.00638935761526227,-0.00010308578473772981,down,0.0064,17.0
2026-Q3,软件工程师,人机交互与用户体验,0.020031435,0.019931113347411156,-0.00010032165258884451,down,0.0201,17.0
2026-Q3,软件工程师,人机语义对齐与协同,0.00077144,0.0007784516783431172,7.011678343117264e-06,up,0.0007,3.0
2026-Q3,软件工程师,仿真数据合成,0.0001743673,0.00016729076742194593,-7.0765325780540705e-06,down,0.0002,10.0
2026-Q3,软件工程师,信息管理与数字素养,0.0032981103,0.003569678869098425,0.0002715685690984249,up,0.0026,17.0
2026-Q3,软件工程师,创造力与创新思维,0.00909224,0.009014304727315903,-7.793527268409699e-05,down,0.0078,17.0
2026-Q3,软件工程师,口头技术沟通与汇报,0.0551775,0.054960086941719055,-0.0002174130582809422,down,0.0564,17.0
2026-Q3,软件工程师,团队协作与协调,0.07792712,0.07783369719982147,-9.342280017853033e-05,down,0.0789,17.0
2026-Q3,软件工程师,图形与交互技术,0.0063307704,0.00638046907261014,4.969867261014026e-05,up,0.0071,17.0
2026-Q3,软件工程师,多方权衡与方案决策,0.0075475597,0.007624278776347637,7.671907634763681e-05,up,0.0076,17.0
2026-Q3,软件工程师,大数据与分布式计算,0.0018533797,0.0018363186391070485,-1.706106089295156e-05,down,0.0017,17.0
2026-Q3,软件工程师,大模型开发与微调,0.000851589,0.0008654642151668668,1.3875215166866744e-05,up,0.0009,11.0
2026-Q3,软件工程师,大模型选型与评测,2.8791648e-05,4.0959042962640524e-05,1.2167394962640525e-05,up,0.0,8.0
2026-Q3,软件工程师,嵌入式系统与固件开发,0.06990123,0.0700467899441719,0.00014555994417191076,up,0.0692,17.0
2026-Q3,软件工程师,异构模态组合与泛化能力,2.7614117e-08,2.451883318599357e-08,-3.0952838140064277e-09,down,0.0,0.0
2026-Q3,软件工程师,归纳与演绎推理,0.0015545166,0.0015947731444612145,4.025654446121463e-05,up,0.0017,17.0
2026-Q3,软件工程师,批判性逻辑思考,0.035450947,0.03552071377635002,6.976677635002482e-05,up,0.0356,17.0
2026-Q3,软件工程师,提示设计与提示工程,0.0003759662,0.00035466288682073355,-2.130331317926645e-05,down,0.0005,7.0
2026-Q3,软件工程师,操作系统与系统管理,0.025038384,0.02509755641222,5.9172412220000886e-05,up,0.0244,17.0
2026-Q3,软件工程师,数据分析与可视化,0.008318239,0.008263892494142056,-5.434650585794433e-05,down,0.0088,17.0
2026-Q3,软件工程师,数据管理与数据库,0.026438301,0.026586486026644707,0.00014818502664470587,up,0.0263,17.0
2026-Q3,软件工程师,时间与资源统筹管理,0.013018204,0.013027678243815899,9.474243815898661e-06,up,0.0128,17.0
2026-Q3,软件工程师,机器学习与深度学习,0.00763696,0.007700245827436447,6.328582743644721e-05,up,0.0078,17.0
2026-Q3,软件工程师,环境适应与压力耐受,0.026716799,0.02656455524265766,-0.00015224375734233797,down,0.0284,17.0
2026-Q3,软件工程师,生成式AI原理与应用,0.0005879548,0.0005972234066575766,9.268606657576598e-06,up,0.0007,9.0
2026-Q3,软件工程师,生成式AI应用开发,0.002796944,0.002779659116640687,-1.7284883359313004e-05,down,0.0033,15.0
2026-Q3,软件工程师,目标导向与攻坚韧性,0.022970762,0.022852083668112755,-0.00011867833188724392,down,0.0225,17.0
2026-Q3,软件工程师,程序设计与软件工程,0.11047846,0.11043079942464828,-4.766057535171564e-05,down,0.1107,17.0
2026-Q3,软件工程师,算法与数据结构,0.03036709,0.030095404013991356,-0.00027168598600864347,down,0.0303,17.0
2026-Q3,软件工程师,系统测试与质量评估,0.066000484,0.06613712757825851,0.00013664357825851625,up,0.0666,17.0
2026-Q3,软件工程师,系统部署交付与运维,0.016941475,0.016890259459614754,-5.1215540385247255e-05,down,0.0171,17.0
2026-Q3,软件工程师,终身学习与知识更新,0.036963273,0.03692662715911865,-3.664584088134554e-05,down,0.0386,17.0
2026-Q3,软件工程师,网络安全与数据隐私,0.0061877505,0.0060239327140152454,-0.00016381778598475484,down,0.0066,17.0
2026-Q3,软件工程师,自我监测与工作复盘,0.004371663,0.004367931745946407,-3.731254053592273e-06,down,0.0038,17.0
2026-Q3,软件工程师,自然语言处理技术,0.00027331203,0.00026592781068757176,-7.384219312428226e-06,down,0.0002,16.0
2026-Q3,软件工程师,计算数学与数据建模,0.015928188,0.015592447482049465,-0.0003357405179505342,down,0.0121,17.0
2026-Q3,软件工程师,计算机硬件与数字电路,0.02256634,0.02259332686662674,2.6986866626738798e-05,up,0.0201,17.0
2026-Q3,软件工程师,计算机网络与通信技术,0.051050555,0.051276855170726776,0.00022630017072677866,up,0.0512,17.0
2026-Q3,软件工程师,计算机视觉与多模态,0.0154170655,0.015393657609820366,-2.340789017963446e-05,down,0.0175,17.0
2026-Q3,软件工程师,说服与分歧谈判,0.0008092533,0.000795987609308213,-1.326569069178701e-05,down,0.0007,17.0
2026-Q3,软件工程师,负责任AI与可解释性,0.00056497654,0.0005736178136430681,8.641273643068045e-06,up,0.0007,17.0
2026-Q3,软件工程师,软件架构与系统设计,0.051798794,0.05179310217499733,-5.691825002672457e-06,down,0.0519,17.0
2026-Q3,软件工程师,需求洞察与服务意识,0.027732741,0.02781810611486435,8.536511486434764e-05,up,0.0256,17.0
2026-Q3,运维工程师,AI任务拆解与规划,0.0007117348,0.0007187501178123057,7.015317812305742e-06,up,0.0008,16.0
2026-Q3,运维工程师,AI安全与风险防控,0.00038498946,0.00038823948125354946,3.2500212535494823e-06,up,0.0004,14.0
2026-Q3,运维工程师,AI幻觉识别与校验,1.9241816e-07,3.6779056244995445e-07,1.7537240244995446e-07,up,0.0,2.0
2026-Q3,运维工程师,AI智能体构建与编排,0.0008612696,0.00091385847190395,5.258887190394998e-05,up,0.0016,6.0
2026-Q3,运维工程师,AI输出质量评估,7.854087e-07,1.0837611625902355e-06,2.9835246259023543e-07,up,0.0,2.0
2026-Q3,运维工程师,RAG与向量数据库,3.686609e-05,3.9791688323020935e-05,2.925598323020933e-06,up,0.0004,5.0
2026-Q3,运维工程师,严谨细致与诚信自律,0.051215045,0.051188189536333084,-2.68554636669166e-05,down,0.0504,17.0
2026-Q3,运维工程师,书面技术文档撰写,0.055410147,0.054785218089818954,-0.0006249289101810454,down,0.0606,17.0
2026-Q3,运维工程师,云原生与分布式系统,0.026813373,0.027061257511377335,0.00024788451137733314,up,0.0275,17.0
2026-Q3,运维工程师,人机交互与用户体验,0.0044020275,0.0043316008523106575,-7.042664768934243e-05,down,0.0043,17.0
2026-Q3,运维工程师,人机语义对齐与协同,0.00012816806,9.735863568494096e-05,-3.080942431505902e-05,down,0.0008,3.0
2026-Q3,运维工程师,信息管理与数字素养,0.014819188,0.014786159619688988,-3.302838031101277e-05,down,0.0153,17.0
2026-Q3,运维工程师,创造力与创新思维,0.0030925137,0.0031164372339844704,2.392353398447027e-05,up,0.0031,17.0
2026-Q3,运维工程师,口头技术沟通与汇报,0.06998457,0.07011778652667999,0.00013321652667999673,up,0.0697,17.0
2026-Q3,运维工程师,团队协作与协调,0.076884195,0.07696414738893509,7.995238893508672e-05,up,0.0779,17.0
2026-Q3,运维工程师,图形与交互技术,0.0010118025,0.0010087626287713647,-3.0398712286352787e-06,down,0.0012,16.0
2026-Q3,运维工程师,多方权衡与方案决策,0.012782373,0.012776117771863937,-6.255228136062274e-06,down,0.013,17.0
2026-Q3,运维工程师,大数据与分布式计算,0.004973463,0.004953035153448582,-2.042784655141832e-05,down,0.0051,17.0
2026-Q3,运维工程师,大模型开发与微调,0.00024667487,0.0002545946044847369,7.919734484736923e-06,up,0.0008,5.0
2026-Q3,运维工程师,大模型选型与评测,0.00025480083,0.0002836816420312971,2.8880812031297084e-05,up,0.0008,7.0
2026-Q3,运维工程师,嵌入式系统与固件开发,0.014900303,0.014710884541273117,-0.0001894184587268831,down,0.0169,17.0
2026-Q3,运维工程师,归纳与演绎推理,0.0012381419,0.0012882763985544443,5.013449855444433e-05,up,0.0012,17.0
2026-Q3,运维工程师,批判性逻辑思考,0.030568823,0.030765684321522713,0.00019686132152271427,up,0.0303,17.0
2026-Q3,运维工程师,提示设计与提示工程,0.000145071,0.00011671329411910847,-2.835770588089154e-05,down,0.0004,4.0
2026-Q3,运维工程师,操作系统与系统管理,0.070073046,0.0698002278804779,-0.00027281811952209467,down,0.0693,17.0
2026-Q3,运维工程师,数据分析与可视化,0.02073246,0.020734859630465508,2.3996304655063416e-06,up,0.0224,17.0
2026-Q3,运维工程师,数据管理与数据库,0.05112542,0.05081132426857948,-0.0003140957314205148,down,0.0496,17.0
2026-Q3,运维工程师,时间与资源统筹管理,0.017803103,0.01777835190296173,-2.475109703826972e-05,down,0.0189,17.0
2026-Q3,运维工程师,机器学习与深度学习,0.0016568475,0.0015765680000185966,-8.027949998140344e-05,down,0.0024,17.0
2026-Q3,运维工程师,环境适应与压力耐受,0.046030667,0.04586280509829521,-0.00016786190170478554,down,0.048,17.0
2026-Q3,运维工程师,生成式AI原理与应用,0.000121783436,0.00012901793525088578,7.2344992508857826e-06,up,0.0008,7.0
2026-Q3,运维工程师,生成式AI应用开发,0.001231719,0.0012909946963191032,5.92756963191032e-05,up,0.0028,13.0
2026-Q3,运维工程师,目标导向与攻坚韧性,0.02440039,0.023921363055706024,-0.0004790269442939768,down,0.0224,17.0
2026-Q3,运维工程师,程序设计与软件工程,0.040022213,0.03987354412674904,-0.00014866887325096223,down,0.0382,17.0
2026-Q3,运维工程师,算法与数据结构,0.00043701104,0.00045065939775668085,1.3648357756680836e-05,up,0.0004,16.0
2026-Q3,运维工程师,系统测试与质量评估,0.017753214,0.017722398042678833,-3.081595732116679e-05,down,0.0185,17.0
2026-Q3,运维工程师,系统部署交付与运维,0.08043102,0.08093053102493286,0.0004995110249328555,up,0.0803,17.0
2026-Q3,运维工程师,终身学习与知识更新,0.038178172,0.038316670805215836,0.0001384988052158323,up,0.0386,17.0
2026-Q3,运维工程师,网络安全与数据隐私,0.052805148,0.05274165794253349,-6.34900574665101e-05,down,0.0523,17.0
2026-Q3,运维工程师,自我监测与工作复盘,0.0053260894,0.005359399598091841,3.331019809184061e-05,up,0.0047,17.0
2026-Q3,运维工程师,自然语言处理技术,1.9578292e-05,1.839337346609682e-05,-1.1849185339031816e-06,down,0.0,7.0
2026-Q3,运维工程师,计算数学与数据建模,0.0008386315,0.0008404372492805123,1.805749280512324e-06,up,0.0004,16.0
2026-Q3,运维工程师,计算机硬件与数字电路,0.021144126,0.021067237481474876,-7.68885185251228e-05,down,0.0201,17.0
2026-Q3,运维工程师,计算机网络与通信技术,0.065466456,0.06519870460033417,-0.0002677513996658387,down,0.0641,17.0
2026-Q3,运维工程师,计算机视觉与多模态,0.00036728842,0.00037208182038739324,4.793400387393223e-06,up,0.0004,15.0
2026-Q3,运维工程师,说服与分歧谈判,0.0015201876,0.001490972121246159,-2.9215478753841012e-05,down,0.0012,17.0
2026-Q3,运维工程师,负责任AI与可解释性,9.195595e-06,9.77516538114287e-06,5.795703811428694e-07,up,0.0004,5.0
2026-Q3,运维工程师,软件架构与系统设计,0.016331207,0.016296403482556343,-3.4803517443657284e-05,down,0.0189,17.0
2026-Q3,运维工程师,需求洞察与服务意识,0.042016253,0.04157372564077377,-0.0004425273592262302,down,0.0425,17.0
2026-Q3,运维开发工程师,AI任务拆解与规划,0.00037174037,0.00041577842785045505,4.4038057850455045e-05,up,0.003,7.0
2026-Q3,运维开发工程师,AI安全与风险防控,4.4070708e-05,4.680134588852525e-05,2.7306378885252476e-06,up,0.0,6.0
2026-Q3,运维开发工程师,AI幻觉识别与校验,-1.2881937e-06,2.2486201487481594e-06,3.5368138487481596e-06,up,0.0,3.0
2026-Q3,运维开发工程师,AI智能体构建与编排,0.0012858319,0.0017342832870781422,0.0004484513870781422,up,0.0061,4.0
2026-Q3,运维开发工程师,AI输出质量评估,-4.3697873e-06,-2.174747351091355e-06,2.195039948908645e-06,up,0.0,1.0
2026-Q3,运维开发工程师,RAG与向量数据库,2.7799397e-06,1.0236981324851513e-05,7.457041624851513e-06,up,0.0,4.0
2026-Q3,运维开发工程师,严谨细致与诚信自律,0.028429534,0.028468454256653786,3.8920256653786345e-05,up,0.0333,17.0
2026-Q3,运维开发工程师,书面技术文档撰写,0.03982112,0.03906325623393059,-0.0007578637660694137,down,0.0545,17.0
2026-Q3,运维开发工程师,云原生与分布式系统,0.06525294,0.06503789871931076,-0.0002150412806892349,down,0.0576,17.0
2026-Q3,运维开发工程师,人机交互与用户体验,0.004357211,0.004294969141483307,-6.224185851669284e-05,down,0.003,15.0
2026-Q3,运维开发工程师,信息管理与数字素养,0.007027531,0.006903900299221277,-0.00012363070077872282,down,0.0091,16.0
2026-Q3,运维开发工程师,创造力与创新思维,0.005129528,0.004768074955791235,-0.0003614530442087654,down,0.003,16.0
2026-Q3,运维开发工程师,口头技术沟通与汇报,0.0694698,0.06878029555082321,-0.0006895044491767865,down,0.0727,17.0
2026-Q3,运维开发工程师,团队协作与协调,0.06427579,0.06419552117586136,-8.026882413864067e-05,down,0.0636,17.0
2026-Q3,运维开发工程师,图形与交互技术,0.00034602743,0.00030498718842864037,-4.104024157135965e-05,down,0.003,5.0
2026-Q3,运维开发工程师,多方权衡与方案决策,0.007072393,0.007234836462885141,0.00016244346288514164,up,0.0061,16.0
2026-Q3,运维开发工程师,大数据与分布式计算,0.011287597,0.011205884627997875,-8.17123720021247e-05,down,0.0121,17.0
2026-Q3,运维开发工程师,大模型开发与微调,0.000779005,0.0007253093644976616,-5.369563550233845e-05,down,0.0061,5.0
2026-Q3,运维开发工程师,大模型选型与评测,0.0023391214,0.0023616626858711243,2.2541285871124136e-05,up,0.0091,5.0
2026-Q3,运维开发工程师,嵌入式系统与固件开发,0.0042984392,0.004121921490877867,-0.00017651770912213358,down,0.0061,15.0
2026-Q3,运维开发工程师,归纳与演绎推理,0.001846222,0.0018014961387962103,-4.472586120378972e-05,down,0.0,12.0
2026-Q3,运维开发工程师,批判性逻辑思考,0.027468648,0.02690805494785309,-0.0005605930521469099,down,0.0242,16.0
2026-Q3,运维开发工程师,提示设计与提示工程,-5.29096e-06,-7.505877874791622e-06,-2.2149178747916217e-06,down,0.0,3.0
2026-Q3,运维开发工程师,操作系统与系统管理,0.06640226,0.06623753160238266,-0.0001647283976173447,down,0.0606,17.0
2026-Q3,运维开发工程师,数据分析与可视化,0.0180731,0.018311720341444016,0.00023862034144401384,up,0.0152,17.0
2026-Q3,运维开发工程师,数据管理与数据库,0.05015587,0.04895028471946716,-0.0012055852805328351,down,0.0394,17.0
2026-Q3,运维开发工程师,时间与资源统筹管理,0.015609227,0.015176074579358101,-0.00043315242064189893,down,0.0152,17.0
2026-Q3,运维开发工程师,机器学习与深度学习,0.010186501,0.010258832946419716,7.23319464197153e-05,up,0.0121,17.0
2026-Q3,运维开发工程师,环境适应与压力耐受,0.02382312,0.023598749190568924,-0.00022437080943107576,down,0.0242,16.0
2026-Q3,运维开发工程师,生成式AI原理与应用,0.0016122416,0.0016890352126210928,7.679361262109287e-05,up,0.003,8.0
2026-Q3,运维开发工程师,生成式AI应用开发,0.0141096655,0.014536341652274132,0.00042667615227413164,up,0.0182,9.0
2026-Q3,运维开发工程师,目标导向与攻坚韧性,0.021733347,0.021486999467015266,-0.00024634753298473366,down,0.0212,17.0
2026-Q3,运维开发工程师,程序设计与软件工程,0.094338275,0.09418592602014542,-0.00015234897985458296,down,0.0939,17.0
2026-Q3,运维开发工程师,算法与数据结构,0.0044054715,0.00452382629737258,0.00011835479737257962,up,0.0091,14.0
2026-Q3,运维开发工程师,系统测试与质量评估,0.033560418,0.033543359488248825,-1.705851175117651e-05,down,0.0364,17.0
2026-Q3,运维开发工程师,系统部署交付与运维,0.084854335,0.0849200040102005,6.566901020049754e-05,up,0.0848,17.0
2026-Q3,运维开发工程师,终身学习与知识更新,0.033115495,0.03499270975589752,0.0018772147558975202,up,0.0242,17.0
2026-Q3,运维开发工程师,网络安全与数据隐私,0.031232527,0.03127511590719223,4.258890719223071e-05,up,0.0303,17.0
2026-Q3,运维开发工程师,自我监测与工作复盘,0.007265867,0.007174759637564421,-9.110736243557894e-05,down,0.0091,16.0
2026-Q3,运维开发工程师,自然语言处理技术,0.0020585074,0.001990019576624036,-6.848782337596409e-05,down,0.003,8.0
2026-Q3,运维开发工程师,计算数学与数据建模,0.0016090642,0.001423113513737917,-0.00018595068626208302,down,0.0,12.0
2026-Q3,运维开发工程师,计算机硬件与数字电路,0.005010492,0.0052431728690862656,0.0002326808690862655,up,0.0091,15.0
2026-Q3,运维开发工程师,计算机网络与通信技术,0.051816285,0.0515938438475132,-0.0002224411524867978,down,0.0545,17.0
2026-Q3,运维开发工程师,计算机视觉与多模态,6.826979e-05,9.261374361813068e-05,2.434395361813069e-05,up,0.0,6.0
2026-Q3,运维开发工程师,说服与分歧谈判,0.0012693347,0.0011795274913311005,-8.980720866889956e-05,down,0.0,11.0
2026-Q3,运维开发工程师,负责任AI与可解释性,8.530187e-06,6.9039815571159124e-06,-1.626205442884087e-06,down,0.0,2.0
2026-Q3,运维开发工程师,软件架构与系统设计,0.038611572,0.038785357028245926,0.00017378502824592912,up,0.0394,17.0
2026-Q3,运维开发工程师,需求洞察与服务意识,0.026506241,0.026410017162561417,-9.62238374385832e-05,down,0.0242,17.0
2026-Q3,配置管理工程师,AI任务拆解与规划,1.670976e-05,1.5606347005814314e-05,-1.1034129941856872e-06,down,0.0,2.0
2026-Q3,配置管理工程师,AI安全与风险防控,3.9630104e-06,4.173634806647897e-06,2.1062440664789715e-07,up,0.0,2.0
2026-Q3,配置管理工程师,严谨细致与诚信自律,0.06267021,0.06270770728588104,3.749728588103851e-05,up,0.0556,17.0
2026-Q3,配置管理工程师,书面技术文档撰写,0.08736196,0.08589313924312592,-0.0014688207568740869,down,0.1111,17.0
2026-Q3,配置管理工程师,云原生与分布式系统,0.011024956,0.009790513664484024,-0.0012344423355159766,down,0.0,15.0
2026-Q3,配置管理工程师,人机交互与用户体验,0.00016196934,0.00016638729721307755,4.417957213077541e-06,up,0.0,8.0
2026-Q3,配置管理工程师,信息管理与数字素养,0.01578101,0.019860973581671715,0.004079963581671713,up,0.0,16.0
2026-Q3,配置管理工程师,创造力与创新思维,0.0012555632,0.000996853457763791,-0.0002587097422362089,down,0.0,10.0
2026-Q3,配置管理工程师,口头技术沟通与汇报,0.07676387,0.07625385373830795,-0.0005100162616920451,down,0.0833,17.0
2026-Q3,配置管理工程师,团队协作与协调,0.09760034,0.0983789712190628,0.0007786312190628114,up,0.1111,17.0
2026-Q3,配置管理工程师,图形与交互技术,7.146923e-05,0.00011417921632528305,4.2709986325283045e-05,up,0.0,5.0
2026-Q3,配置管理工程师,多方权衡与方案决策,0.029106436,0.029178740456700325,7.230445670032559e-05,up,0.0278,16.0
2026-Q3,配置管理工程师,嵌入式系统与固件开发,0.013409311,0.01355578750371933,0.0001464765037193297,up,0.0278,14.0
2026-Q3,配置管理工程师,归纳与演绎推理,4.7891866e-05,9.965430945158005e-05,5.1762443451580046e-05,up,0.0,5.0
2026-Q3,配置管理工程师,批判性逻辑思考,0.051081166,0.05165918543934822,0.0005780194393482235,up,0.0556,17.0
2026-Q3,配置管理工程师,操作系统与系统管理,0.030499727,0.03091120533645153,0.0004114783364515297,up,0.0278,16.0
2026-Q3,配置管理工程师,数据分析与可视化,0.0029780148,0.0034428546205163,0.0004648398205163002,up,0.0,12.0
2026-Q3,配置管理工程师,数据管理与数据库,0.0053997487,0.006041878834366798,0.0006421301343667984,up,0.0,15.0
2026-Q3,配置管理工程师,时间与资源统筹管理,0.040776547,0.04066053405404091,-0.00011601294595909445,down,0.0556,17.0
2026-Q3,配置管理工程师,环境适应与压力耐受,0.055133827,0.05394000560045242,-0.0011938213995475802,down,0.0833,16.0
2026-Q3,配置管理工程师,目标导向与攻坚韧性,0.044090666,0.04491356015205383,0.0008228941520538324,up,0.0556,16.0
2026-Q3,配置管理工程师,程序设计与软件工程,0.08489015,0.08468379080295563,-0.0002063591970443701,down,0.0833,17.0
2026-Q3,配置管理工程师,算法与数据结构,0.00033872388,0.0003237510100007057,-1.4972869999294264e-05,down,0.0,7.0
2026-Q3,配置管理工程师,系统测试与质量评估,0.03752175,0.038556065410375595,0.0010343154103755955,up,0.0556,15.0
2026-Q3,配置管理工程师,系统部署交付与运维,0.045550805,0.04570935294032097,0.00015854794032096886,up,0.0556,17.0
2026-Q3,配置管理工程师,终身学习与知识更新,0.030086054,0.030678926035761833,0.0005928720357618322,up,0.0278,16.0
2026-Q3,配置管理工程师,网络安全与数据隐私,0.009917809,0.01282691489905119,0.0029091058990511898,up,0.0,15.0
2026-Q3,配置管理工程师,自我监测与工作复盘,0.02114899,0.021216657012701035,6.766701270103509e-05,up,0.0278,14.0
2026-Q3,配置管理工程师,计算数学与数据建模,9.469187e-05,0.00010852364357560873,1.3831773575608732e-05,up,0.0,6.0
2026-Q3,配置管理工程师,计算机硬件与数字电路,0.008018485,0.007747916970402002,-0.0002705680295979982,down,0.0,12.0
2026-Q3,配置管理工程师,计算机网络与通信技术,0.0012645815,0.0015825144946575165,0.00031793299465751644,up,0.0,14.0
2026-Q3,配置管理工程师,计算机视觉与多模态,-1.204852e-05,1.2783217243850231e-05,2.483173724385023e-05,up,0.0,3.0
2026-Q3,配置管理工程师,说服与分歧谈判,0.000159221,0.00019336258992552757,3.4141589925527574e-05,up,0.0,7.0
2026-Q3,配置管理工程师,负责任AI与可解释性,7.896335e-06,1.9836705178022385e-05,1.1940370178022385e-05,up,0.0,3.0
2026-Q3,配置管理工程师,软件架构与系统设计,0.025546655,0.025784103199839592,0.00023744819983959053,up,0.0278,17.0
2026-Q3,配置管理工程师,需求洞察与服务意识,0.020269379,0.020962538197636604,0.0006931591976366037,up,0.0278,15.0
2026-Q3,量子技术从业者,AI任务拆解与规划,-3.7552323e-05,1.7332378774881363e-05,5.488470177488136e-05,up,0.0,1.0
2026-Q3,量子技术从业者,AI安全与风险防控,-1.8921099e-05,2.2382824681699276e-05,4.130392368169928e-05,up,0.0,1.0
2026-Q3,量子技术从业者,严谨细致与诚信自律,0.0076123616,0.007244088687002659,-0.00036827291299734114,down,0.1333,5.0
2026-Q3,量子技术从业者,书面技术文档撰写,0.037024096,0.03451380133628845,-0.0025102946637115472,down,0.0667,7.0
2026-Q3,量子技术从业者,云原生与分布式系统,1.2425007e-05,7.983343675732613e-05,6.740842975732612e-05,up,0.0,3.0
2026-Q3,量子技术从业者,人机交互与用户体验,0.00035541784,0.0004220041446387768,6.658630463877676e-05,up,0.0,3.0
2026-Q3,量子技术从业者,信息管理与数字素养,0.00058663636,0.0008043181151151657,0.00021768175511516566,up,0.0,5.0
2026-Q3,量子技术从业者,创造力与创新思维,0.0005180165,0.0005356436595320702,1.7627159532070157e-05,up,0.0,5.0
2026-Q3,量子技术从业者,口头技术沟通与汇报,0.021558966,0.015833081677556038,-0.005725884322443961,down,0.0667,7.0
2026-Q3,量子技术从业者,团队协作与协调,0.09637621,0.0966775119304657,0.0003013019304656944,up,0.1333,8.0
2026-Q3,量子技术从业者,多方权衡与方案决策,0.00023503695,0.00025458959862589836,1.9552648625898372e-05,up,0.0,4.0
2026-Q3,量子技术从业者,大数据与分布式计算,0.00010389672,0.00018128426745533943,7.738754745533943e-05,up,0.0,1.0
2026-Q3,量子技术从业者,嵌入式系统与固件开发,0.0015239771,0.002207723446190357,0.0006837463461903572,up,0.0,5.0
2026-Q3,量子技术从业者,归纳与演绎推理,-7.982971e-05,-5.3144991397857666e-05,2.668471860214234e-05,up,0.0,3.0
2026-Q3,量子技术从业者,批判性逻辑思考,0.0042332737,0.004965532571077347,0.0007322588710773469,up,0.0667,5.0
2026-Q3,量子技术从业者,操作系统与系统管理,8.636969e-06,3.9822596590965986e-05,3.1185627590965986e-05,up,0.0,2.0
2026-Q3,量子技术从业者,数据分析与可视化,0.00042878836,0.0003358926624059677,-9.28956975940323e-05,down,0.0,4.0
2026-Q3,量子技术从业者,数据管理与数据库,-1.8921099e-05,9.658571798354387e-06,2.857967079835439e-05,up,0.0,1.0
2026-Q3,量子技术从业者,时间与资源统筹管理,-7.943716e-05,-4.358729347586632e-05,3.5849866524133685e-05,up,0.0,3.0
2026-Q3,量子技术从业者,机器学习与深度学习,0.00329387,0.005371947772800922,0.0020780777728009224,up,0.0,6.0
2026-Q3,量子技术从业者,环境适应与压力耐受,0.07544762,0.07705043256282806,0.001602812562828057,up,0.0667,4.0
2026-Q3,量子技术从业者,生成式AI原理与应用,1.5831436e-05,4.868803080171347e-05,3.285659480171347e-05,up,0.0,1.0
2026-Q3,量子技术从业者,目标导向与攻坚韧性,0.0024608094,0.0027867229655385017,0.0003259135655385016,up,0.0,5.0
2026-Q3,量子技术从业者,程序设计与软件工程,0.0024872357,0.0024365782737731934,-5.0657426226806846e-05,down,0.0,6.0
2026-Q3,量子技术从业者,算法与数据结构,0.00058737677,0.0007449667900800705,0.00015759002008007051,up,0.0,6.0
2026-Q3,量子技术从业者,系统测试与质量评估,0.018101132,0.013520714826881886,-0.004580417173118113,down,0.0667,5.0
2026-Q3,量子技术从业者,系统部署交付与运维,8.6367945e-06,2.9487127903848886e-05,2.0850333403848886e-05,up,0.0,2.0
2026-Q3,量子技术从业者,终身学习与知识更新,0.0868459,0.08590124547481537,-0.000944654525184635,down,0.1333,8.0
2026-Q3,量子技术从业者,网络安全与数据隐私,0.0011444334,0.0017889505252242088,0.0006445171252242089,up,0.0,5.0
2026-Q3,量子技术从业者,计算数学与数据建模,0.005839931,0.0046340906992554665,-0.0012058403007445331,down,0.0667,6.0
2026-Q3,量子技术从业者,计算机硬件与数字电路,0.03176506,0.025303665548563004,-0.006461394451436994,down,0.0667,5.0
2026-Q3,量子技术从业者,计算机网络与通信技术,0.024307156,0.025410206988453865,0.0011030509884538651,up,0.0667,7.0
2026-Q3,量子技术从业者,说服与分歧谈判,3.7600752e-05,4.427041858434677e-05,6.669666584346768e-06,up,0.0,3.0
2026-Q3,量子技术从业者,软件架构与系统设计,0.0036276616,0.004778759554028511,0.001151097954028511,up,0.0,6.0
2026-Q3,量子技术从业者,需求洞察与服务意识,0.0033654915,0.0028930669650435448,-0.00047242453495645537,down,0.0667,5.0
2026-Q3,音视频/图形开发工程师,AI任务拆解与规划,2.0566978e-05,1.938134664669633e-05,-1.1856313533036722e-06,down,0.0,3.0
2026-Q3,音视频/图形开发工程师,AI智能体构建与编排,5.699316e-06,1.3364333426579833e-05,7.665017426579833e-06,up,0.0,1.0
2026-Q3,音视频/图形开发工程师,AI输出质量评估,7.570721e-06,1.0476680472493172e-05,2.9059594724931715e-06,up,0.0,2.0
2026-Q3,音视频/图形开发工程师,严谨细致与诚信自律,0.036951102,0.037584513425827026,0.0006334114258270268,up,0.0476,16.0
2026-Q3,音视频/图形开发工程师,书面技术文档撰写,0.046867233,0.04666215926408768,-0.0002050737359123242,down,0.0476,17.0
2026-Q3,音视频/图形开发工程师,云原生与分布式系统,0.0021197842,0.0018374072387814522,-0.0002823769612185479,down,0.0,13.0
2026-Q3,音视频/图形开发工程师,人机交互与用户体验,0.02241672,0.02249940112233162,8.268112233161817e-05,up,0.0238,16.0
2026-Q3,音视频/图形开发工程师,人机语义对齐与协同,5.2635092e-05,0.00010348856449127197,5.0853472491271974e-05,up,0.0,3.0
2026-Q3,音视频/图形开发工程师,仿真数据合成,-1.6584992e-05,-1.1065392754971981e-05,5.519599245028018e-06,up,0.0,3.0
2026-Q3,音视频/图形开发工程师,信息管理与数字素养,0.0027364227,0.0021556983701884747,-0.0005807243298115252,down,0.0,10.0
2026-Q3,音视频/图形开发工程师,创造力与创新思维,0.0174336,0.017747171223163605,0.00031357122316360425,up,0.0238,16.0
2026-Q3,音视频/图形开发工程师,口头技术沟通与汇报,0.06349215,0.059845712035894394,-0.0036464379641056033,down,0.0714,17.0
2026-Q3,音视频/图形开发工程师,团队协作与协调,0.08820459,0.08754333108663559,-0.0006612589133644098,down,0.0952,17.0
2026-Q3,音视频/图形开发工程师,图形与交互技术,0.049016707,0.048953376710414886,-6.333028958511316e-05,down,0.0476,17.0
2026-Q3,音视频/图形开发工程师,多方权衡与方案决策,0.012967483,0.01305362768471241,8.614468471240984e-05,up,0.0,15.0
2026-Q3,音视频/图形开发工程师,大数据与分布式计算,0.00029210793,0.0002513580257073045,-4.074990429269555e-05,down,0.0,8.0
2026-Q3,音视频/图形开发工程师,嵌入式系统与固件开发,0.030202357,0.030821306630969048,0.0006189496309690484,up,0.0238,17.0
2026-Q3,音视频/图形开发工程师,归纳与演绎推理,0.00014881452,0.00016110960859805346,1.2295088598053458e-05,up,0.0,7.0
2026-Q3,音视频/图形开发工程师,批判性逻辑思考,0.029713959,0.02977932058274746,6.536158274745782e-05,up,0.0238,17.0
2026-Q3,音视频/图形开发工程师,操作系统与系统管理,0.027169641,0.025670986622571945,-0.0014986543774280561,down,0.0238,16.0
2026-Q3,音视频/图形开发工程师,数据分析与可视化,0.014627514,0.01429099589586258,-0.0003365181041374201,down,0.0238,14.0
2026-Q3,音视频/图形开发工程师,数据管理与数据库,0.0011367402,0.00111282616853714,-2.391403146286019e-05,down,0.0,14.0
2026-Q3,音视频/图形开发工程师,时间与资源统筹管理,0.006759461,0.006342976354062557,-0.0004164846459374424,down,0.0,14.0
2026-Q3,音视频/图形开发工程师,机器学习与深度学习,0.031297296,0.03062260150909424,-0.0006746944909057639,down,0.0476,17.0
2026-Q3,音视频/图形开发工程师,环境适应与压力耐受,0.004693322,0.00460713729262352,-8.618470737647987e-05,down,0.0,16.0
2026-Q3,音视频/图形开发工程师,生成式AI原理与应用,-5.2333344e-06,3.5577104426920414e-05,4.0810438826920416e-05,up,0.0,6.0
2026-Q3,音视频/图形开发工程师,生成式AI应用开发,0.007304292,0.007995812222361565,0.0006915202223615642,up,0.0238,5.0
2026-Q3,音视频/图形开发工程师,目标导向与攻坚韧性,0.021049585,0.020939858630299568,-0.00010972636970043095,down,0.0238,16.0
2026-Q3,音视频/图形开发工程师,程序设计与软件工程,0.07977624,0.07992851734161377,0.00015227734161377127,up,0.0714,17.0
2026-Q3,音视频/图形开发工程师,算法与数据结构,0.028549423,0.030752254649996758,0.0022028316499967567,up,0.0,16.0
2026-Q3,音视频/图形开发工程师,系统测试与质量评估,0.055386513,0.05570283532142639,0.00031632232142639327,up,0.0714,17.0
2026-Q3,音视频/图形开发工程师,系统部署交付与运维,0.008278734,0.008006999269127846,-0.00027173473087215363,down,0.0,16.0
2026-Q3,音视频/图形开发工程师,终身学习与知识更新,0.052066788,0.051336802542209625,-0.0007299854577903775,down,0.0952,16.0
2026-Q3,音视频/图形开发工程师,网络安全与数据隐私,0.0009939421,0.0011708755046129227,0.0001769334046129226,up,0.0,12.0
2026-Q3,音视频/图形开发工程师,自我监测与工作复盘,0.00050562946,0.00041203980799764395,-9.358965200235601e-05,down,0.0,9.0
2026-Q3,音视频/图形开发工程师,自然语言处理技术,0.0018079814,0.0018952633254230022,8.728192542300215e-05,up,0.0,12.0
2026-Q3,音视频/图形开发工程师,计算数学与数据建模,0.017171133,0.01684974879026413,-0.000321384209735872,down,0.0238,16.0
2026-Q3,音视频/图形开发工程师,计算机硬件与数字电路,0.021662202,0.021771352738142014,0.00010915073814201509,up,0.0238,17.0
2026-Q3,音视频/图形开发工程师,计算机网络与通信技术,0.05183343,0.052731797099113464,0.0008983670991134646,up,0.0476,17.0
2026-Q3,音视频/图形开发工程师,计算机视觉与多模态,0.04987042,0.05018347129225731,0.0003130512922573103,up,0.0476,17.0
2026-Q3,音视频/图形开发工程师,说服与分歧谈判,0.00015272887,0.0001339163864031434,-1.8812483596856593e-05,down,0.0,6.0
2026-Q3,音视频/图形开发工程师,软件架构与系统设计,0.048665605,0.04871538653969765,4.9781539697646426e-05,up,0.0476,17.0
2026-Q3,音视频/图形开发工程师,需求洞察与服务意识,0.022363352,0.022519070655107498,0.00015571865510749863,up,0.0238,16.0
2026-Q3,项目经理,AI任务拆解与规划,0.0033834872,0.003398278495296836,1.4791295296835705e-05,up,0.0034,17.0
2026-Q3,项目经理,AI安全与风险防控,0.0002580503,0.000269059237325564,1.1008937325564022e-05,up,0.0004,17.0
2026-Q3,项目经理,AI幻觉识别与校验,-5.462234e-07,-3.0848468668409623e-07,2.377387133159038e-07,up,0.0,1.0
2026-Q3,项目经理,AI智能体构建与编排,0.00037219058,0.00038673458038829267,1.4544000388292658e-05,up,0.0004,3.0
2026-Q3,项目经理,AI输出质量评估,0.00013793733,0.00016023661009967327,2.2299280099673284e-05,up,0.0001,16.0
2026-Q3,项目经理,RAG与向量数据库,1.0171425e-07,7.231574272736907e-08,-2.939850727263093e-08,down,0.0,3.0
2026-Q3,项目经理,严谨细致与诚信自律,0.06300246,0.0630352571606636,3.279716066360849e-05,up,0.0642,17.0
2026-Q3,项目经理,书面技术文档撰写,0.06304035,0.06290297955274582,-0.0001373704472541759,down,0.0632,17.0
2026-Q3,项目经理,云原生与分布式系统,0.0017533429,0.001729308976791799,-2.4033923208200986e-05,down,0.0015,17.0
2026-Q3,项目经理,人机交互与用户体验,0.0055159186,0.005672741681337357,0.0001568230813373565,up,0.0051,17.0
2026-Q3,项目经理,人机语义对齐与协同,5.2070092e-05,5.62428540433757e-05,4.172762043375701e-06,up,0.0001,8.0
2026-Q3,项目经理,仿真数据合成,-7.6848664e-08,4.898884071735665e-07,5.667370711735665e-07,up,0.0,5.0
2026-Q3,项目经理,信息管理与数字素养,0.046833917,0.04665149748325348,-0.00018241951674652368,down,0.0464,17.0
2026-Q3,项目经理,创造力与创新思维,0.007164966,0.007323937956243753,0.0001589719562437534,up,0.0073,17.0
2026-Q3,项目经理,口头技术沟通与汇报,0.098067224,0.09820060431957245,0.00013338031957245422,up,0.0987,17.0
2026-Q3,项目经理,团队协作与协调,0.107738584,0.10779554396867752,5.69599686775224e-05,up,0.1079,17.0
2026-Q3,项目经理,图形与交互技术,0.0051398375,0.00514554139226675,5.7038922667502e-06,up,0.0051,17.0
2026-Q3,项目经理,多方权衡与方案决策,0.079100855,0.07922950387001038,0.00012864887001037828,up,0.08,17.0
2026-Q3,项目经理,大数据与分布式计算,0.0007497406,0.0007403446943499148,-9.39590565008524e-06,down,0.0007,17.0
2026-Q3,项目经理,大模型开发与微调,4.810522e-05,5.629743100143969e-05,8.192211001439688e-06,up,0.0001,7.0
2026-Q3,项目经理,大模型选型与评测,7.2881376e-06,1.1483316484373063e-05,4.195178884373063e-06,up,0.0,6.0
2026-Q3,项目经理,嵌入式系统与固件开发,0.009699147,0.009687857702374458,-1.1289297625541664e-05,down,0.0091,17.0
2026-Q3,项目经理,异构模态组合与泛化能力,2.7614117e-08,2.451883318599357e-08,-3.0952838140064277e-09,down,0.0,0.0
2026-Q3,项目经理,归纳与演绎推理,0.0031178785,0.003114692633971572,-3.185866028427957e-06,down,0.0031,17.0
2026-Q3,项目经理,批判性逻辑思考,0.04892907,0.048905450850725174,-2.361914927482417e-05,down,0.0489,17.0
2026-Q3,项目经理,提示设计与提示工程,-5.8488695e-07,-9.089599188882858e-07,-3.2407296888828576e-07,down,0.0,3.0
2026-Q3,项目经理,操作系统与系统管理,0.003020253,0.0030125239863991737,-7.72901360082635e-06,down,0.0028,17.0
2026-Q3,项目经理,数据分析与可视化,0.011506113,0.011509875766932964,3.7627669329642205e-06,up,0.0119,17.0
2026-Q3,项目经理,数据管理与数据库,0.0069815936,0.006920362822711468,-6.123077728853194e-05,down,0.0068,17.0
2026-Q3,项目经理,时间与资源统筹管理,0.10066756,0.10066957771778107,2.0177177810637437e-06,up,0.1003,17.0
2026-Q3,项目经理,机器学习与深度学习,0.0009556558,0.0009557089651934803,5.316519348028126e-08,up,0.0012,17.0
2026-Q3,项目经理,环境适应与压力耐受,0.057071462,0.05702875927090645,-4.270272909355499e-05,down,0.0574,17.0
2026-Q3,项目经理,生成式AI原理与应用,0.00027360523,0.00027096265694126487,-2.642573058735142e-06,down,0.0003,11.0
2026-Q3,项目经理,生成式AI应用开发,0.0003934926,0.00040171589353121817,8.223293531218177e-06,up,0.0007,13.0
2026-Q3,项目经理,目标导向与攻坚韧性,0.06866233,0.0685507133603096,-0.00011161663969039282,down,0.0685,17.0
2026-Q3,项目经理,程序设计与软件工程,0.014903345,0.015001075342297554,9.773034229755388e-05,up,0.0137,17.0
2026-Q3,项目经理,算法与数据结构,0.0008704747,0.0008338252082467079,-3.664949175329209e-05,down,0.001,17.0
2026-Q3,项目经理,系统测试与质量评估,0.012567181,0.012503199279308319,-6.398172069168109e-05,down,0.0128,17.0
2026-Q3,项目经理,系统部署交付与运维,0.0050622653,0.005062686745077372,4.214450773712408e-07,up,0.0048,17.0
2026-Q3,项目经理,终身学习与知识更新,0.025263468,0.02521221712231636,-5.1250877683640256e-05,down,0.0253,17.0
2026-Q3,项目经理,网络安全与数据隐私,0.0048336405,0.004858480766415596,2.4840266415596113e-05,up,0.0046,17.0
2026-Q3,项目经理,自我监测与工作复盘,0.0396036,0.03976423293352127,0.00016063293352126806,up,0.0398,17.0
2026-Q3,项目经理,自然语言处理技术,3.1154465e-05,3.560974801075645e-05,4.455283010756449e-06,up,0.0,9.0
2026-Q3,项目经理,计算数学与数据建模,0.001867752,0.0018536444986239076,-1.4107501376092518e-05,down,0.0018,17.0
2026-Q3,项目经理,计算机硬件与数字电路,0.006307694,0.0062966919504106045,-1.1002049589395498e-05,down,0.0061,17.0
2026-Q3,项目经理,计算机网络与通信技术,0.0040412974,0.004055445082485676,1.4147682485675557e-05,up,0.0039,17.0
2026-Q3,项目经理,计算机视觉与多模态,0.00076602114,0.0007625123835168779,-3.5087564831220693e-06,down,0.0006,17.0
2026-Q3,项目经理,说服与分歧谈判,0.019562013,0.01951945200562477,-4.2560994375228506e-05,down,0.019,17.0
2026-Q3,项目经理,负责任AI与可解释性,8.05842e-05,7.472077413694933e-05,-5.8634258630506695e-06,down,0.0001,15.0
2026-Q3,项目经理,软件架构与系统设计,0.0076621724,0.0077545782551169395,9.240585511693933e-05,up,0.0073,17.0
2026-Q3,项目经理,需求洞察与服务意识,0.06352819,0.06373137980699539,0.00020318980699539357,up,0.0635,17.0
2026-Q3,首席信息官CIO,AI任务拆解与规划,0.005532274,0.005713576450943947,0.00018130245094394662,up,0.0074,16.0
2026-Q3,首席信息官CIO,AI安全与风险防控,0.003506655,0.003600862342864275,9.420734286427496e-05,up,0.0089,9.0
2026-Q3,首席信息官CIO,AI智能体构建与编排,0.0012884899,0.0017004645196720958,0.0004119746196720958,up,0.0045,1.0
2026-Q3,首席信息官CIO,AI输出质量评估,-6.9068046e-06,1.4634744729846716e-05,2.1541549329846716e-05,up,0.0,6.0
2026-Q3,首席信息官CIO,RAG与向量数据库,7.762047e-05,8.864056144375354e-05,1.1020091443753543e-05,up,0.003,2.0
2026-Q3,首席信息官CIO,严谨细致与诚信自律,0.025555836,0.025351718068122864,-0.00020411793187713467,down,0.0223,17.0
2026-Q3,首席信息官CIO,书面技术文档撰写,0.024018489,0.023957539349794388,-6.094965020561269e-05,down,0.0253,17.0
2026-Q3,首席信息官CIO,云原生与分布式系统,0.024576467,0.024432437494397163,-0.00014402950560283775,down,0.0238,17.0
2026-Q3,首席信息官CIO,人机交互与用户体验,0.0043538865,0.004382540937513113,2.8654437513112897e-05,up,0.0045,15.0
2026-Q3,首席信息官CIO,信息管理与数字素养,0.014430228,0.015211090445518494,0.0007808624455184938,up,0.0089,17.0
2026-Q3,首席信息官CIO,创造力与创新思维,0.018224748,0.01766245625913143,-0.0005622917408685674,down,0.0149,17.0
2026-Q3,首席信息官CIO,口头技术沟通与汇报,0.054362144,0.05470782890915871,0.00034568490915870553,up,0.0565,17.0
2026-Q3,首席信息官CIO,团队协作与协调,0.068366386,0.06903636455535889,0.0006699785553588855,up,0.067,17.0
2026-Q3,首席信息官CIO,图形与交互技术,1.1461496e-05,1.8172140698879957e-05,6.710644698879958e-06,up,0.0,1.0
2026-Q3,首席信息官CIO,多方权衡与方案决策,0.065840565,0.06641507148742676,0.0005745064874267541,up,0.0595,17.0
2026-Q3,首席信息官CIO,大数据与分布式计算,0.010181238,0.010084044188261032,-9.719381173896834e-05,down,0.0104,16.0
2026-Q3,首席信息官CIO,大模型开发与微调,-2.9524017e-07,7.118596840882674e-07,1.0070998540882674e-06,up,0.0,1.0
2026-Q3,首席信息官CIO,大模型选型与评测,0.00049008906,0.00046481352183036506,-2.527553816963489e-05,down,0.0015,3.0
2026-Q3,首席信息官CIO,嵌入式系统与固件开发,0.0026930405,0.0026435295585542917,-4.951094144570829e-05,down,0.006,14.0
2026-Q3,首席信息官CIO,归纳与演绎推理,0.0023671975,0.0024092092644423246,4.2011764442324764e-05,up,0.0015,15.0
2026-Q3,首席信息官CIO,批判性逻辑思考,0.04040102,0.04045085608959198,4.983608959197722e-05,up,0.0387,17.0
2026-Q3,首席信息官CIO,提示设计与提示工程,0.00049587287,0.0004956783959642053,-1.9447403579468583e-07,down,0.0015,1.0
2026-Q3,首席信息官CIO,操作系统与系统管理,0.019336818,0.019349688664078712,1.287066407871379e-05,up,0.0193,17.0
2026-Q3,首席信息官CIO,数据分析与可视化,0.034798324,0.034821707755327225,2.3383755327226197e-05,up,0.0327,17.0
2026-Q3,首席信息官CIO,数据管理与数据库,0.049337503,0.04961501061916351,0.00027750761916351535,up,0.0521,17.0
2026-Q3,首席信息官CIO,时间与资源统筹管理,0.060651448,0.06056562811136246,-8.581988863753942e-05,down,0.0595,17.0
2026-Q3,首席信息官CIO,机器学习与深度学习,0.011777772,0.012037938460707664,0.0002601664607076639,up,0.0208,17.0
2026-Q3,首席信息官CIO,环境适应与压力耐受,0.025895234,0.02571014128625393,-0.00018509271374607048,down,0.0253,17.0
2026-Q3,首席信息官CIO,生成式AI原理与应用,0.008030769,0.008238120004534721,0.00020735100453472127,up,0.0089,6.0
2026-Q3,首席信息官CIO,生成式AI应用开发,0.006331789,0.006513891275972128,0.00018210227597212792,up,0.0119,9.0
2026-Q3,首席信息官CIO,目标导向与攻坚韧性,0.043288104,0.043093983083963394,-0.0001941209160366067,down,0.0446,17.0
2026-Q3,首席信息官CIO,程序设计与软件工程,0.039954472,0.04012522101402283,0.00017074901402282933,up,0.0402,17.0
2026-Q3,首席信息官CIO,算法与数据结构,0.00045115233,0.0004590974422171712,7.94511221717119e-06,up,0.0,9.0
2026-Q3,首席信息官CIO,系统测试与质量评估,0.007953155,0.007916957139968872,-3.6197860031127876e-05,down,0.0074,16.0
2026-Q3,首席信息官CIO,系统部署交付与运维,0.04679851,0.04664032533764839,-0.00015818466235160977,down,0.0476,17.0
2026-Q3,首席信息官CIO,终身学习与知识更新,0.030954443,0.031082823872566223,0.00012838087256622152,up,0.0312,17.0
2026-Q3,首席信息官CIO,网络安全与数据隐私,0.051200483,0.051475830376148224,0.00027534737614822585,up,0.0551,17.0
2026-Q3,首席信息官CIO,自我监测与工作复盘,0.0183729,0.018471354618668556,9.845461866855518e-05,up,0.0164,17.0
2026-Q3,首席信息官CIO,自然语言处理技术,0.0018168134,0.00187955261208117,6.273921208117014e-05,up,0.0015,3.0
2026-Q3,首席信息官CIO,计算数学与数据建模,0.0027208533,0.0027655032463371754,4.4649946337175193e-05,up,0.0074,12.0
2026-Q3,首席信息官CIO,计算机硬件与数字电路,0.0030207483,0.0029178333934396505,-0.00010291490656034932,down,0.0045,15.0
2026-Q3,首席信息官CIO,计算机网络与通信技术,0.027124565,0.027437664568424225,0.00031309956842422507,up,0.0283,17.0
2026-Q3,首席信息官CIO,计算机视觉与多模态,0.0007125009,0.0006098301964811981,-0.00010267070351880193,down,0.0045,3.0
2026-Q3,首席信息官CIO,说服与分歧谈判,0.014093244,0.013859397731721401,-0.00023384626827859835,down,0.0104,17.0
2026-Q3,首席信息官CIO,负责任AI与可解释性,-7.769413e-06,-5.915644578635693e-06,1.8537684213643068e-06,up,0.0,3.0
2026-Q3,首席信息官CIO,软件架构与系统设计,0.0462061,0.04656647518277168,0.0003603751827716828,up,0.0521,17.0
2026-Q3,首席信息官CIO,需求洞察与服务意识,0.054729477,0.05494257062673569,0.00021309362673568866,up,0.0521,17.0
2026-Q3,首席技术执行官CTO,AI任务拆解与规划,0.003346481,0.0033112030941993,-3.5277905800700296e-05,down,0.0032,14.0
2026-Q3,首席技术执行官CTO,AI安全与风险防控,0.0051767547,0.005380350165069103,0.000203595465069103,up,0.0127,9.0
2026-Q3,首席技术执行官CTO,AI幻觉识别与校验,6.839895e-06,4.227709723636508e-06,-2.612185276363492e-06,down,0.0,3.0
2026-Q3,首席技术执行官CTO,AI智能体构建与编排,0.011018798,0.0111903240904212,0.0001715260904212,up,0.0127,5.0
2026-Q3,首席技术执行官CTO,AI输出质量评估,0.00024247996,0.0003086490323767066,6.616907237670661e-05,up,0.0,8.0
2026-Q3,首席技术执行官CTO,RAG与向量数据库,8.4404484e-05,0.00015046045882627368,6.605597482627368e-05,up,0.0,5.0
2026-Q3,首席技术执行官CTO,严谨细致与诚信自律,0.028853372,0.028755255043506622,-9.811695649337634e-05,down,0.0285,17.0
2026-Q3,首席技术执行官CTO,书面技术文档撰写,0.025359899,0.02520200051367283,-0.00015789848632717304,down,0.0285,17.0
2026-Q3,首席技术执行官CTO,云原生与分布式系统,0.024883881,0.025049012154340744,0.00016513115434074396,up,0.0285,17.0
2026-Q3,首席技术执行官CTO,人机交互与用户体验,0.0057132696,0.005770048126578331,5.67785265783308e-05,up,0.0063,17.0
2026-Q3,首席技术执行官CTO,人机语义对齐与协同,-4.4286207e-07,4.4166154111735523e-07,8.845236111173552e-07,up,0.0,1.0
2026-Q3,首席技术执行官CTO,仿真数据合成,0.0045544757,0.00450110761448741,-5.336808551259075e-05,down,0.0032,2.0
2026-Q3,首席技术执行官CTO,信息管理与数字素养,0.009735149,0.009932185523211956,0.0001970365232119558,up,0.0095,17.0
2026-Q3,首席技术执行官CTO,创造力与创新思维,0.044715036,0.045069608837366104,0.00035457283736610445,up,0.0348,17.0
2026-Q3,首席技术执行官CTO,口头技术沟通与汇报,0.053864736,0.054001327604055405,0.00013659160405540133,up,0.0538,17.0
2026-Q3,首席技术执行官CTO,团队协作与协调,0.06517938,0.06596110761165619,0.0007817276116561939,up,0.0633,17.0
2026-Q3,首席技术执行官CTO,图形与交互技术,0.002287018,0.002262343652546406,-2.4674347453594245e-05,down,0.0032,11.0
2026-Q3,首席技术执行官CTO,多方权衡与方案决策,0.059344333,0.06053800880908966,0.0011936758090896615,up,0.0538,17.0
2026-Q3,首席技术执行官CTO,大数据与分布式计算,0.014470773,0.014409847557544708,-6.0925442455291023e-05,down,0.0127,16.0
2026-Q3,首席技术执行官CTO,大模型开发与微调,0.005975182,0.005524256266653538,-0.00045092573334646214,down,0.0095,7.0
2026-Q3,首席技术执行官CTO,大模型选型与评测,0.0035455986,0.003713162150233984,0.00016756355023398416,up,0.0032,10.0
2026-Q3,首席技术执行官CTO,嵌入式系统与固件开发,0.01900916,0.01870582066476345,-0.00030333933523655,down,0.019,17.0
2026-Q3,首席技术执行官CTO,异构模态组合与泛化能力,5.0122617e-06,1.3159733498468995e-05,8.147471798468994e-06,up,0.0,2.0
2026-Q3,首席技术执行官CTO,归纳与演绎推理,0.005897259,0.006005223374813795,0.00010796437481379491,up,0.0063,14.0
2026-Q3,首席技术执行官CTO,批判性逻辑思考,0.043107715,0.04285934939980507,-0.00024836560019492887,down,0.0411,17.0
2026-Q3,首席技术执行官CTO,提示设计与提示工程,2.2024207e-05,2.0945211872458458e-05,-1.0789951275415429e-06,down,0.0,4.0
2026-Q3,首席技术执行官CTO,操作系统与系统管理,0.006666228,0.00665933545678854,-6.892543211459851e-06,down,0.0095,16.0
2026-Q3,首席技术执行官CTO,数据分析与可视化,0.0148965875,0.014980187639594078,8.360013959407726e-05,up,0.0158,17.0
2026-Q3,首席技术执行官CTO,数据管理与数据库,0.018877031,0.018682308495044708,-0.00019472250495529073,down,0.019,17.0
2026-Q3,首席技术执行官CTO,时间与资源统筹管理,0.052094128,0.05227434262633324,0.00018021462633323326,up,0.0475,17.0
2026-Q3,首席技术执行官CTO,机器学习与深度学习,0.025190197,0.02457771822810173,-0.0006124787718982706,down,0.0253,17.0
2026-Q3,首席技术执行官CTO,环境适应与压力耐受,0.030719755,0.030515670776367188,-0.00020408422363281387,down,0.0316,17.0
2026-Q3,首席技术执行官CTO,生成式AI原理与应用,0.013800089,0.013886523433029652,8.643443302965188e-05,up,0.0158,11.0
2026-Q3,首席技术执行官CTO,生成式AI应用开发,0.01282129,0.012674262747168541,-0.00014702725283145986,down,0.0253,9.0
2026-Q3,首席技术执行官CTO,目标导向与攻坚韧性,0.048568994,0.04857749491930008,8.500919300082066e-06,up,0.0475,17.0
2026-Q3,首席技术执行官CTO,程序设计与软件工程,0.03672338,0.03669349476695061,-2.9885233049392612e-05,down,0.038,17.0
2026-Q3,首席技术执行官CTO,算法与数据结构,0.0054071425,0.005499379709362984,9.223720936298377e-05,up,0.0032,16.0
2026-Q3,首席技术执行官CTO,系统测试与质量评估,0.014185152,0.01381316501647234,-0.00037198698352765985,down,0.0063,17.0
2026-Q3,首席技术执行官CTO,系统部署交付与运维,0.020483691,0.020513424649834633,2.9733649834634557e-05,up,0.0316,17.0
2026-Q3,首席技术执行官CTO,终身学习与知识更新,0.041487094,0.04287281632423401,0.0013857223242340067,up,0.0411,17.0
2026-Q3,首席技术执行官CTO,网络安全与数据隐私,0.02362608,0.023485302925109863,-0.0001407770748901374,down,0.0285,17.0
2026-Q3,首席技术执行官CTO,自我监测与工作复盘,0.018957889,0.019064124673604965,0.00010623567360496661,up,0.019,17.0
2026-Q3,首席技术执行官CTO,自然语言处理技术,0.004711071,0.004561008419841528,-0.0001500625801584719,down,0.0063,9.0
2026-Q3,首席技术执行官CTO,计算数学与数据建模,0.0037868882,0.0036124184262007475,-0.00017446977379925255,down,0.0032,15.0
2026-Q3,首席技术执行官CTO,计算机硬件与数字电路,0.0056316783,0.0056762914173305035,4.461311733050359e-05,up,0.0032,17.0
2026-Q3,首席技术执行官CTO,计算机网络与通信技术,0.018043304,0.01770005002617836,-0.0003432539738216396,down,0.019,17.0
2026-Q3,首席技术执行官CTO,计算机视觉与多模态,0.011335921,0.01142759621143341,9.16752114334101e-05,up,0.0127,17.0
2026-Q3,首席技术执行官CTO,说服与分歧谈判,0.01783648,0.017809797078371048,-2.6682921628950335e-05,down,0.019,17.0
2026-Q3,首席技术执行官CTO,负责任AI与可解释性,0.0031101138,0.0029750019311904907,-0.0001351118688095094,down,0.0095,7.0
2026-Q3,首席技术执行官CTO,软件架构与系统设计,0.045756225,0.04598189890384674,0.00022567390384674313,up,0.0506,17.0
2026-Q3,首席技术执行官CTO,需求洞察与服务意识,0.048115876,0.048329826444387436,0.00021395044438743405,up,0.038,17.0
2026-Q3,鸿蒙开发工程师,AI任务拆解与规划,3.5024248e-05,4.4593121856451035e-05,9.568873856451034e-06,up,0.0,5.0
2026-Q3,鸿蒙开发工程师,严谨细致与诚信自律,0.03672696,0.03552817180752754,-0.0011987881924724608,down,0.0,14.0
2026-Q3,鸿蒙开发工程师,书面技术文档撰写,0.037363373,0.0386628694832325,0.0012994964832324998,up,0.0323,15.0
2026-Q3,鸿蒙开发工程师,云原生与分布式系统,0.013556845,0.012404960580170155,-0.001151884419829845,down,0.0,12.0
2026-Q3,鸿蒙开发工程师,人机交互与用户体验,0.06635144,0.0649864673614502,-0.0013649726385498023,down,0.0968,15.0
2026-Q3,鸿蒙开发工程师,人机语义对齐与协同,1.0478718e-05,1.4538585674017668e-05,4.059867674017668e-06,up,0.0,1.0
2026-Q3,鸿蒙开发工程师,信息管理与数字素养,7.491256e-05,6.123469211161137e-05,-1.3677867888388636e-05,down,0.0,3.0
2026-Q3,鸿蒙开发工程师,创造力与创新思维,0.014167482,0.01452043280005455,0.00035295080005454983,up,0.0645,13.0
2026-Q3,鸿蒙开发工程师,口头技术沟通与汇报,0.04758212,0.05056775361299515,0.002985633612995149,up,0.0323,17.0
2026-Q3,鸿蒙开发工程师,团队协作与协调,0.083877146,0.08457603305578232,0.0006988870557823185,up,0.0645,17.0
2026-Q3,鸿蒙开发工程师,图形与交互技术,0.02774389,0.026673194020986557,-0.0010706959790134432,down,0.0323,4.0
2026-Q3,鸿蒙开发工程师,多方权衡与方案决策,-8.3380844e-05,-3.205658867955208e-05,5.1324255320447915e-05,up,0.0,5.0
2026-Q3,鸿蒙开发工程师,大模型开发与微调,5.0192e-05,8.353509474545717e-05,3.334309474545717e-05,up,0.0,1.0
2026-Q3,鸿蒙开发工程师,嵌入式系统与固件开发,0.02302252,0.02272181212902069,-0.00030070787097931026,down,0.0323,13.0
2026-Q3,鸿蒙开发工程师,归纳与演绎推理,0.000994592,0.0010391543619334698,4.4562361933469683e-05,up,0.0,4.0
2026-Q3,鸿蒙开发工程师,批判性逻辑思考,0.058917187,0.05924972891807556,0.0003325419180755587,up,0.0645,16.0
2026-Q3,鸿蒙开发工程师,操作系统与系统管理,0.05906066,0.058640044182538986,-0.00042061581746101473,down,0.0645,16.0
2026-Q3,鸿蒙开发工程师,数据管理与数据库,0.015323558,0.01620529778301716,0.0008817397830171592,up,0.0323,12.0
2026-Q3,鸿蒙开发工程师,时间与资源统筹管理,0.019439016,0.019078955054283142,-0.00036006094571685784,down,0.0323,12.0
2026-Q3,鸿蒙开发工程师,机器学习与深度学习,4.8783782e-05,5.02160401083529e-05,1.4322581083528967e-06,up,0.0,1.0
2026-Q3,鸿蒙开发工程师,环境适应与压力耐受,0.0023138584,0.0022885571233928204,-2.530127660717958e-05,down,0.0,8.0
2026-Q3,鸿蒙开发工程师,生成式AI应用开发,1.1398632e-05,2.1355284843593836e-05,9.956652843593835e-06,up,0.0,1.0
2026-Q3,鸿蒙开发工程师,目标导向与攻坚韧性,0.012134705,0.011738916859030724,-0.00039578814096927727,down,0.0,13.0
2026-Q3,鸿蒙开发工程师,程序设计与软件工程,0.14541388,0.14582929015159607,0.000415410151596074,up,0.1613,17.0
2026-Q3,鸿蒙开发工程师,算法与数据结构,0.0149587365,0.013677808456122875,-0.0012809280438771248,down,0.0323,10.0
2026-Q3,鸿蒙开发工程师,系统测试与质量评估,0.062272996,0.059943556785583496,-0.002329439214416501,down,0.0,15.0
2026-Q3,鸿蒙开发工程师,系统部署交付与运维,-0.000198517,-8.167559280991554e-05,0.00011684140719008445,up,0.0,6.0
2026-Q3,鸿蒙开发工程师,终身学习与知识更新,0.04993797,0.05014386028051376,0.00020589028051376523,up,0.0645,17.0
2026-Q3,鸿蒙开发工程师,网络安全与数据隐私,0.016226426,0.01640200801193714,0.00017558201193714276,up,0.0323,11.0
2026-Q3,鸿蒙开发工程师,自我监测与工作复盘,7.54348e-06,5.845935083925724e-05,5.091587083925724e-05,up,0.0,5.0
2026-Q3,鸿蒙开发工程师,自然语言处理技术,4.8783753e-05,5.410434096120298e-05,5.320587961202982e-06,up,0.0,1.0
2026-Q3,鸿蒙开发工程师,计算机硬件与数字电路,0.00060669053,0.0006797639653086662,7.307343530866628e-05,up,0.0,8.0
2026-Q3,鸿蒙开发工程师,计算机网络与通信技术,0.036121372,0.035957034677267075,-0.00016433732273292423,down,0.0323,15.0
2026-Q3,鸿蒙开发工程师,计算机视觉与多模态,3.8341153e-05,6.70446315780282e-05,2.87034785780282e-05,up,0.0,2.0
2026-Q3,鸿蒙开发工程师,说服与分歧谈判,0.000104225706,0.00022740475833415985,0.00012317905233415985,up,0.0,3.0
2026-Q3,鸿蒙开发工程师,软件架构与系统设计,0.07754942,0.0769866406917572,-0.0005627793082427918,down,0.129,16.0
2026-Q3,鸿蒙开发工程师,需求洞察与服务意识,0.0021589329,0.002638287842273712,0.00047935494227371216,up,0.0,8.0
